INSERT INTO `fpr_format` (`uuid`, `description`, `group_id`, `slug`) VALUES ('27d47bd3-3f74-4d32-8cf2-a5a95340a0b4', 'Sigma RAW Image', '00abbdd0-51b3-4162-b93a-45deb4ed8654', 'sigma-raw-image') ;
INSERT INTO `fpr_formatversion` (`replaces_id`, `enabled`, `lastmodified`, `uuid`, `format_id`, `version`, `pronom_id`, `description`, `access_format`, `preservation_format`, `slug`) VALUES (NULL, 1, '2015-05-15 04:13:25', '202d9ae1-ad1a-4096-bce7-f0a37796f084', '27d47bd3-3f74-4d32-8cf2-a5a95340a0b4', NULL, 'fmt/661', 'Sigma RAW Image', 0, 0, 'sigma-raw-image') ;
INSERT INTO `fpr_format` (`uuid`, `description`, `group_id`, `slug`) VALUES ('ef0c15dd-280d-4949-a5f5-8ab2ea8c3b05', 'Panasonic Raw', '00abbdd0-51b3-4162-b93a-45deb4ed8654', 'panasonic-raw') ;
INSERT INTO `fpr_formatversion` (`replaces_id`, `enabled`, `lastmodified`, `uuid`, `format_id`, `version`, `pronom_id`, `description`, `access_format`, `preservation_format`, `slug`) VALUES (NULL, 1, '2015-05-15 04:13:25', '628eed01-ec73-4799-8537-e99bd749fcb1', 'ef0c15dd-280d-4949-a5f5-8ab2ea8c3b05', NULL, 'fmt/662', 'Panasonic Raw', 0, 0, 'panasonic-raw') ;
INSERT INTO `fpr_idrule` (`replaces_id`, `enabled`, `lastmodified`, `uuid`, `command_id`, `format_id`, `command_output`) VALUES (NULL, 1, '2015-05-15 04:13:25', '339bc14e-6cef-48bd-9fc7-592959a396c2', '41efbe1b-3fc7-4b24-9290-d0fb5d0ea9e9', '628eed01-ec73-4799-8537-e99bd749fcb1', '.RW2') ;
INSERT INTO `fpr_format` (`uuid`, `description`, `group_id`, `slug`) VALUES ('9452a52c-1bd2-452f-91d9-b93731fe6c3d', 'Industry Foundation Classes XML', '00abbdd0-51b3-4162-b93a-45deb4ed8654', 'industry-foundation-classes-xml') ;
INSERT INTO `fpr_formatversion` (`replaces_id`, `enabled`, `lastmodified`, `uuid`, `format_id`, `version`, `pronom_id`, `description`, `access_format`, `preservation_format`, `slug`) VALUES (NULL, 1, '2015-05-15 04:13:25', 'de52dd3a-595c-4137-90a0-adca5e08964d', '9452a52c-1bd2-452f-91d9-b93731fe6c3d', NULL, 'fmt/663', 'Industry Foundation Classes XML', 0, 0, 'industry-foundation-classes-xml') ;
INSERT INTO `fpr_idrule` (`replaces_id`, `enabled`, `lastmodified`, `uuid`, `command_id`, `format_id`, `command_output`) VALUES (NULL, 1, '2015-05-15 04:13:25', '65de7bd6-f43e-46b9-acae-63a23a2d1780', '41efbe1b-3fc7-4b24-9290-d0fb5d0ea9e9', 'de52dd3a-595c-4137-90a0-adca5e08964d', '.ifcXML') ;
INSERT INTO `fpr_format` (`uuid`, `description`, `group_id`, `slug`) VALUES ('927a5fdd-0e31-4d4e-a98b-35ee7217c163', 'Gerber format', '00abbdd0-51b3-4162-b93a-45deb4ed8654', 'gerber-format') ;
INSERT INTO `fpr_formatversion` (`replaces_id`, `enabled`, `lastmodified`, `uuid`, `format_id`, `version`, `pronom_id`, `description`, `access_format`, `preservation_format`, `slug`) VALUES (NULL, 1, '2015-05-15 04:13:25', '395a63ba-cdd4-475a-b095-776d126cd615', '927a5fdd-0e31-4d4e-a98b-35ee7217c163', NULL, 'fmt/664', 'Gerber format', 0, 0, 'gerber-format') ;
INSERT INTO `fpr_idrule` (`replaces_id`, `enabled`, `lastmodified`, `uuid`, `command_id`, `format_id`, `command_output`) VALUES (NULL, 1, '2015-05-15 04:13:25', 'cbbfeb44-813f-474a-b9f7-04a59e8d48e5', '41efbe1b-3fc7-4b24-9290-d0fb5d0ea9e9', '395a63ba-cdd4-475a-b095-776d126cd615', '.gbr') ;
INSERT INTO `fpr_format` (`uuid`, `description`, `group_id`, `slug`) VALUES ('f9430d60-db4b-4c57-88a1-d57534521d5e', 'Chasys Draw image file', '00abbdd0-51b3-4162-b93a-45deb4ed8654', 'chasys-draw-image-file') ;
INSERT INTO `fpr_formatversion` (`replaces_id`, `enabled`, `lastmodified`, `uuid`, `format_id`, `version`, `pronom_id`, `description`, `access_format`, `preservation_format`, `slug`) VALUES (NULL, 1, '2015-05-15 04:13:25', '708f9bd7-0559-44ba-bf16-9fbefc068212', 'f9430d60-db4b-4c57-88a1-d57534521d5e', NULL, 'fmt/665', 'Chasys Draw CD5', 0, 0, 'chasys-draw-cd5') ;
INSERT INTO `fpr_idrule` (`replaces_id`, `enabled`, `lastmodified`, `uuid`, `command_id`, `format_id`, `command_output`) VALUES (NULL, 1, '2015-05-15 04:13:25', 'b7660b0e-2259-4b79-a69f-0b5e7d827522', '41efbe1b-3fc7-4b24-9290-d0fb5d0ea9e9', '708f9bd7-0559-44ba-bf16-9fbefc068212', '.cd5') ;
INSERT INTO `fpr_format` (`uuid`, `description`, `group_id`, `slug`) VALUES ('5034152f-30d8-43ec-9b06-eda023888078', 'ART image format', '00abbdd0-51b3-4162-b93a-45deb4ed8654', 'art-image-format') ;
INSERT INTO `fpr_formatversion` (`replaces_id`, `enabled`, `lastmodified`, `uuid`, `format_id`, `version`, `pronom_id`, `description`, `access_format`, `preservation_format`, `slug`) VALUES (NULL, 1, '2015-05-15 04:13:25', 'bfcce732-c276-4fc1-92d8-33a570ef7e8a', '5034152f-30d8-43ec-9b06-eda023888078', NULL, 'fmt/666', 'ART aol', 0, 0, 'art-aol') ;
INSERT INTO `fpr_idrule` (`replaces_id`, `enabled`, `lastmodified`, `uuid`, `command_id`, `format_id`, `command_output`) VALUES (NULL, 1, '2015-05-15 04:13:25', '4ee5ab25-e322-4336-913a-ced18a0e1bb6', '41efbe1b-3fc7-4b24-9290-d0fb5d0ea9e9', 'bfcce732-c276-4fc1-92d8-33a570ef7e8a', '.art') ;
INSERT INTO `fpr_format` (`uuid`, `description`, `group_id`, `slug`) VALUES ('f9dd911b-c093-4452-b6af-400065da922b', 'Photoshop Curve File', '00abbdd0-51b3-4162-b93a-45deb4ed8654', 'photoshop-curve-file') ;
INSERT INTO `fpr_formatversion` (`replaces_id`, `enabled`, `lastmodified`, `uuid`, `format_id`, `version`, `pronom_id`, `description`, `access_format`, `preservation_format`, `slug`) VALUES (NULL, 1, '2015-05-15 04:13:25', '444deaa8-b295-4e7e-8436-1bf664f8700e', 'f9dd911b-c093-4452-b6af-400065da922b', NULL, 'fmt/667', 'Photoshop Curve File', 0, 0, 'photoshop-curve-file') ;
INSERT INTO `fpr_idrule` (`replaces_id`, `enabled`, `lastmodified`, `uuid`, `command_id`, `format_id`, `command_output`) VALUES (NULL, 1, '2015-05-15 04:13:25', 'ce9f5081-7e08-461d-9efa-fd0924eea88b', '41efbe1b-3fc7-4b24-9290-d0fb5d0ea9e9', '444deaa8-b295-4e7e-8436-1bf664f8700e', '.acv') ;
INSERT INTO `fpr_format` (`uuid`, `description`, `group_id`, `slug`) VALUES ('fb22c4fb-0a48-4ee2-86b5-9f27469d69af', 'Olympus RAW', '00abbdd0-51b3-4162-b93a-45deb4ed8654', 'olympus-raw') ;
INSERT INTO `fpr_formatversion` (`replaces_id`, `enabled`, `lastmodified`, `uuid`, `format_id`, `version`, `pronom_id`, `description`, `access_format`, `preservation_format`, `slug`) VALUES (NULL, 1, '2015-05-15 04:13:25', 'cb5e15e0-780a-4cd8-a780-529a486b5ee5', 'fb22c4fb-0a48-4ee2-86b5-9f27469d69af', NULL, 'fmt/668', 'Olympus RAW big endian', 0, 0, 'olympus-raw-big-endian') ;
INSERT INTO `fpr_format` (`uuid`, `description`, `group_id`, `slug`) VALUES ('ff6cf1d9-0026-4c7f-9cb7-c1ad324bd131', 'Minolta RAW', '00abbdd0-51b3-4162-b93a-45deb4ed8654', 'minolta-raw') ;
INSERT INTO `fpr_formatversion` (`replaces_id`, `enabled`, `lastmodified`, `uuid`, `format_id`, `version`, `pronom_id`, `description`, `access_format`, `preservation_format`, `slug`) VALUES (NULL, 1, '2015-05-15 04:13:25', '2f51486a-42ab-4023-9d4a-430b97cc805d', 'ff6cf1d9-0026-4c7f-9cb7-c1ad324bd131', NULL, 'fmt/669', 'Minolta RAW', 0, 0, 'minolta-raw') ;
INSERT INTO `fpr_format` (`uuid`, `description`, `group_id`, `slug`) VALUES ('f42c41e3-53ac-4ac0-be82-84bd8025a57a', 'PKCS #7 Crytographic message file', '00abbdd0-51b3-4162-b93a-45deb4ed8654', 'pkcs-7-crytographic-message-file') ;
INSERT INTO `fpr_formatversion` (`replaces_id`, `enabled`, `lastmodified`, `uuid`, `format_id`, `version`, `pronom_id`, `description`, `access_format`, `preservation_format`, `slug`) VALUES (NULL, 1, '2015-05-15 04:13:25', 'c4fb9020-96e6-4053-a25e-ebbccd36011d', 'f42c41e3-53ac-4ac0-be82-84bd8025a57a', NULL, 'fmt/670', 'P7M', 0, 0, 'p7m') ;
INSERT INTO `fpr_idrule` (`replaces_id`, `enabled`, `lastmodified`, `uuid`, `command_id`, `format_id`, `command_output`) VALUES (NULL, 1, '2015-05-15 04:13:25', 'a11cea2d-18fc-4f86-81e1-6d0a8e719822', '41efbe1b-3fc7-4b24-9290-d0fb5d0ea9e9', 'c4fb9020-96e6-4053-a25e-ebbccd36011d', '.p7m') ;
INSERT INTO `fpr_format` (`uuid`, `description`, `group_id`, `slug`) VALUES ('5a848645-67eb-4d5f-ba28-bae3e911a4ed', 'Serif PagePlus Publication', '00abbdd0-51b3-4162-b93a-45deb4ed8654', 'serif-pageplus-publication') ;
INSERT INTO `fpr_formatversion` (`replaces_id`, `enabled`, `lastmodified`, `uuid`, `format_id`, `version`, `pronom_id`, `description`, `access_format`, `preservation_format`, `slug`) VALUES (NULL, 1, '2015-05-15 04:13:25', '83be54ea-4dab-4a82-818e-53f35667f9c0', '5a848645-67eb-4d5f-ba28-bae3e911a4ed', 'Generic', 'fmt/671', 'Serif PagePlus Publication', 0, 0, 'serif-pageplus-publication') ;
INSERT INTO `fpr_idrule` (`replaces_id`, `enabled`, `lastmodified`, `uuid`, `command_id`, `format_id`, `command_output`) VALUES (NULL, 1, '2015-05-15 04:13:25', 'c7e80e0a-b6c3-4809-9e3b-2ca2602f2f94', '41efbe1b-3fc7-4b24-9290-d0fb5d0ea9e9', '83be54ea-4dab-4a82-818e-53f35667f9c0', '.ppp') ;
INSERT INTO `fpr_formatversion` (`replaces_id`, `enabled`, `lastmodified`, `uuid`, `format_id`, `version`, `pronom_id`, `description`, `access_format`, `preservation_format`, `slug`) VALUES (NULL, 1, '2015-05-15 04:13:25', '3e58da72-238a-413d-a951-6fbb8028cd26', '5a848645-67eb-4d5f-ba28-bae3e911a4ed', '4', 'fmt/672', 'Serif PagePlus Publication', 0, 0, 'serif-pageplus-publication-2') ;
INSERT INTO `fpr_formatversion` (`replaces_id`, `enabled`, `lastmodified`, `uuid`, `format_id`, `version`, `pronom_id`, `description`, `access_format`, `preservation_format`, `slug`) VALUES (NULL, 1, '2015-05-15 04:13:25', '7ba5a3a2-f16a-4f63-9336-9445071366ab', '5a848645-67eb-4d5f-ba28-bae3e911a4ed', '5', 'fmt/673', 'Serif PagePlus Publication', 0, 0, 'serif-pageplus-publication-3') ;
INSERT INTO `fpr_formatversion` (`replaces_id`, `enabled`, `lastmodified`, `uuid`, `format_id`, `version`, `pronom_id`, `description`, `access_format`, `preservation_format`, `slug`) VALUES (NULL, 1, '2015-05-15 04:13:25', '12974e24-6cf2-41f1-827c-6e58130de34d', '5a848645-67eb-4d5f-ba28-bae3e911a4ed', '6', 'fmt/674', 'Serif PagePlus Publication', 0, 0, 'serif-pageplus-publication-4') ;
INSERT INTO `fpr_formatversion` (`replaces_id`, `enabled`, `lastmodified`, `uuid`, `format_id`, `version`, `pronom_id`, `description`, `access_format`, `preservation_format`, `slug`) VALUES (NULL, 1, '2015-05-15 04:13:25', '2a0aca1d-cea0-4375-9342-634cbdbe2b37', '5a848645-67eb-4d5f-ba28-bae3e911a4ed', '7', 'fmt/675', 'Serif PagePlus Publication', 0, 0, 'serif-pageplus-publication-5') ;
INSERT INTO `fpr_formatversion` (`replaces_id`, `enabled`, `lastmodified`, `uuid`, `format_id`, `version`, `pronom_id`, `description`, `access_format`, `preservation_format`, `slug`) VALUES (NULL, 1, '2015-05-15 04:13:25', '31bae1e4-a74f-4d8e-9291-cbf6a0de897e', '5a848645-67eb-4d5f-ba28-bae3e911a4ed', '8', 'fmt/676', 'Serif PagePlus Publication', 0, 0, 'serif-pageplus-publication-6') ;
INSERT INTO `fpr_formatversion` (`replaces_id`, `enabled`, `lastmodified`, `uuid`, `format_id`, `version`, `pronom_id`, `description`, `access_format`, `preservation_format`, `slug`) VALUES (NULL, 1, '2015-05-15 04:13:25', '91346401-fcf5-46c7-b2d4-9e9e8d384cdd', '5a848645-67eb-4d5f-ba28-bae3e911a4ed', '9', 'fmt/677', 'Serif PagePlus Publication', 0, 0, 'serif-pageplus-publication-7') ;
INSERT INTO `fpr_formatversion` (`replaces_id`, `enabled`, `lastmodified`, `uuid`, `format_id`, `version`, `pronom_id`, `description`, `access_format`, `preservation_format`, `slug`) VALUES (NULL, 1, '2015-05-15 04:13:25', 'c5f17c37-1881-4a0d-b690-5ec496edf38a', '5a848645-67eb-4d5f-ba28-bae3e911a4ed', '10', 'fmt/678', 'Serif PagePlus Publication', 0, 0, 'serif-pageplus-publication-8') ;
INSERT INTO `fpr_formatversion` (`replaces_id`, `enabled`, `lastmodified`, `uuid`, `format_id`, `version`, `pronom_id`, `description`, `access_format`, `preservation_format`, `slug`) VALUES (NULL, 1, '2015-05-15 04:13:25', '25366ab7-aade-4b7b-a94a-39ed7fda2ed6', '5a848645-67eb-4d5f-ba28-bae3e911a4ed', '11', 'fmt/679', 'Serif PagePlus Publication', 0, 0, 'serif-pageplus-publication-9') ;
INSERT INTO `fpr_formatversion` (`replaces_id`, `enabled`, `lastmodified`, `uuid`, `format_id`, `version`, `pronom_id`, `description`, `access_format`, `preservation_format`, `slug`) VALUES (NULL, 1, '2015-05-15 04:13:25', '6951f155-c18c-4837-9f0f-39a97758d7ab', '5a848645-67eb-4d5f-ba28-bae3e911a4ed', '12', 'fmt/680', 'Serif PagePlus Publication', 0, 0, 'serif-pageplus-publication-10') ;
INSERT INTO `fpr_formatversion` (`replaces_id`, `enabled`, `lastmodified`, `uuid`, `format_id`, `version`, `pronom_id`, `description`, `access_format`, `preservation_format`, `slug`) VALUES (NULL, 1, '2015-05-15 04:13:25', '6e758b19-c06c-4238-9e68-948e448e003b', '5a848645-67eb-4d5f-ba28-bae3e911a4ed', '', 'fmt/681', 'Serif PagePlus Publication', 0, 0, 'serif-pageplus-publication-11') ;
INSERT INTO `fpr_format` (`uuid`, `description`, `group_id`, `slug`) VALUES ('6762a689-8457-4a27-aba2-71920b0443c7', 'Thumbs DB file', '00abbdd0-51b3-4162-b93a-45deb4ed8654', 'thumbs-db-file') ;
INSERT INTO `fpr_formatversion` (`replaces_id`, `enabled`, `lastmodified`, `uuid`, `format_id`, `version`, `pronom_id`, `description`, `access_format`, `preservation_format`, `slug`) VALUES (NULL, 1, '2015-05-15 04:13:25', '4f48449f-9ae2-4648-bb7a-a619ab95a177', '6762a689-8457-4a27-aba2-71920b0443c7', 'XP', 'fmt/682', 'Thumbs DB file', 0, 0, 'thumbs-db-file') ;
INSERT INTO `fpr_format` (`uuid`, `description`, `group_id`, `slug`) VALUES ('a01f5dd3-d5a2-48c4-bab3-58f92def7496', 'Advanced Function Presentation', '00abbdd0-51b3-4162-b93a-45deb4ed8654', 'advanced-function-presentation') ;
INSERT INTO `fpr_formatversion` (`replaces_id`, `enabled`, `lastmodified`, `uuid`, `format_id`, `version`, `pronom_id`, `description`, `access_format`, `preservation_format`, `slug`) VALUES (NULL, 1, '2015-05-15 04:13:25', '8b6256be-b284-44fe-be68-74173e541ffa', 'a01f5dd3-d5a2-48c4-bab3-58f92def7496', NULL, 'fmt/683', 'AFP', 0, 0, 'afp') ;
INSERT INTO `fpr_idrule` (`replaces_id`, `enabled`, `lastmodified`, `uuid`, `command_id`, `format_id`, `command_output`) VALUES (NULL, 1, '2015-05-15 04:13:25', '7ab4b116-f3d1-499c-a75d-186f0a56c9a2', '41efbe1b-3fc7-4b24-9290-d0fb5d0ea9e9', '8b6256be-b284-44fe-be68-74173e541ffa', '.afp') ;
INSERT INTO `fpr_formatversion` (`replaces_id`, `enabled`, `lastmodified`, `uuid`, `format_id`, `version`, `pronom_id`, `description`, `access_format`, `preservation_format`, `slug`) VALUES (NULL, 1, '2015-05-15 04:13:25', '8cd728f8-ad81-47cd-bff2-dc22fab0cb3b', 'adac767d-00e6-48f9-ae3b-50408b90c03b', '2015', 'fmt/684', 'Vectorworks 2015', 0, 0, 'vectorworks-2015') ;
INSERT INTO `fpr_formatversion` (`replaces_id`, `enabled`, `lastmodified`, `uuid`, `format_id`, `version`, `pronom_id`, `description`, `access_format`, `preservation_format`, `slug`) VALUES (NULL, 1, '2015-05-15 04:13:26', '4a75831b-eaaa-4a84-babc-96c29dd321ec', 'a9df9cf9-413f-4a5c-b1ff-56473296c1ed', '9', 'fmt/685', 'Quark Xpress 9 Data File (Motorola)', 0, 0, 'quark-xpress-9-data-file-motorola') ;
INSERT INTO `fpr_idrule` (`replaces_id`, `enabled`, `lastmodified`, `uuid`, `command_id`, `format_id`, `command_output`) VALUES (NULL, 1, '2015-05-15 04:13:26', '434f2dae-7384-477d-941b-207dcdf1e751', '41efbe1b-3fc7-4b24-9290-d0fb5d0ea9e9', '4a75831b-eaaa-4a84-babc-96c29dd321ec', '.qxp') ;
INSERT INTO `fpr_formatversion` (`replaces_id`, `enabled`, `lastmodified`, `uuid`, `format_id`, `version`, `pronom_id`, `description`, `access_format`, `preservation_format`, `slug`) VALUES (NULL, 1, '2015-05-15 04:13:26', 'c9ed5c16-0c31-4b0e-8206-ad30f2ae0257', 'adac767d-00e6-48f9-ae3b-50408b90c03b', '2010', 'fmt/686', 'Vectorworks 2010', 0, 0, 'vectorworks-2010') ;
INSERT INTO `fpr_format` (`uuid`, `description`, `group_id`, `slug`) VALUES ('21753f0d-0c25-4228-9e2b-4343ed5e95b1', 'Better Portable Graphics', '00abbdd0-51b3-4162-b93a-45deb4ed8654', 'better-portable-graphics') ;
INSERT INTO `fpr_formatversion` (`replaces_id`, `enabled`, `lastmodified`, `uuid`, `format_id`, `version`, `pronom_id`, `description`, `access_format`, `preservation_format`, `slug`) VALUES (NULL, 1, '2015-05-15 04:13:26', '31121764-826a-435d-8cb5-c2a6c3d7a9f2', '21753f0d-0c25-4228-9e2b-4343ed5e95b1', NULL, 'fmt/687', 'Better Portable Graphics', 0, 0, 'better-portable-graphics') ;
INSERT INTO `fpr_idrule` (`replaces_id`, `enabled`, `lastmodified`, `uuid`, `command_id`, `format_id`, `command_output`) VALUES (NULL, 1, '2015-05-15 04:13:26', 'ed003363-eff5-4c5e-af5a-dd7592b423d2', '41efbe1b-3fc7-4b24-9290-d0fb5d0ea9e9', '31121764-826a-435d-8cb5-c2a6c3d7a9f2', '.bpg') ;
INSERT INTO `fpr_format` (`uuid`, `description`, `group_id`, `slug`) VALUES ('ddd63b54-5cf1-4175-927f-0a96607116a6', 'Executable and Linkable Format', '00abbdd0-51b3-4162-b93a-45deb4ed8654', 'executable-and-linkable-format') ;
INSERT INTO `fpr_formatversion` (`replaces_id`, `enabled`, `lastmodified`, `uuid`, `format_id`, `version`, `pronom_id`, `description`, `access_format`, `preservation_format`, `slug`) VALUES (NULL, 1, '2015-05-15 04:13:26', '088098cc-4b6d-4032-9210-529868ff2c39', 'ddd63b54-5cf1-4175-927f-0a96607116a6', '', 'fmt/688', 'ELF 32bit LSB', 0, 0, 'elf-32bit-lsb') ;
INSERT INTO `fpr_idrule` (`replaces_id`, `enabled`, `lastmodified`, `uuid`, `command_id`, `format_id`, `command_output`) VALUES (NULL, 1, '2015-05-15 04:13:26', '0e9f13aa-ad76-412b-970d-7b32c8c333c3', '41efbe1b-3fc7-4b24-9290-d0fb5d0ea9e9', '088098cc-4b6d-4032-9210-529868ff2c39', '.elf') ;
INSERT INTO `fpr_formatversion` (`replaces_id`, `enabled`, `lastmodified`, `uuid`, `format_id`, `version`, `pronom_id`, `description`, `access_format`, `preservation_format`, `slug`) VALUES (NULL, 1, '2015-05-15 04:13:26', 'f3bfd03c-3849-4bb2-b380-e4474cb160e6', 'ddd63b54-5cf1-4175-927f-0a96607116a6', '', 'fmt/689', 'ELF 32bit MSB', 0, 0, 'elf-32bit-msb') ;
INSERT INTO `fpr_formatversion` (`replaces_id`, `enabled`, `lastmodified`, `uuid`, `format_id`, `version`, `pronom_id`, `description`, `access_format`, `preservation_format`, `slug`) VALUES (NULL, 1, '2015-05-15 04:13:26', '0df1368c-a875-436b-911b-f114a8d16b51', 'ddd63b54-5cf1-4175-927f-0a96607116a6', '', 'fmt/690', 'ELF 64bit LSB', 0, 0, 'elf-64bit-lsb') ;
INSERT INTO `fpr_formatversion` (`replaces_id`, `enabled`, `lastmodified`, `uuid`, `format_id`, `version`, `pronom_id`, `description`, `access_format`, `preservation_format`, `slug`) VALUES (NULL, 1, '2015-05-15 04:13:26', 'd4cebba7-6996-44df-9522-b0da5805b308', 'ddd63b54-5cf1-4175-927f-0a96607116a6', '', 'fmt/691', 'ELF 64bit MSB', 0, 0, 'elf-64bit-msb') ;
INSERT INTO `fpr_format` (`uuid`, `description`, `group_id`, `slug`) VALUES ('af483b34-7c09-4fed-8961-e21af93e0ea7', 'Mach-O', '00abbdd0-51b3-4162-b93a-45deb4ed8654', 'mach-o') ;
INSERT INTO `fpr_formatversion` (`replaces_id`, `enabled`, `lastmodified`, `uuid`, `format_id`, `version`, `pronom_id`, `description`, `access_format`, `preservation_format`, `slug`) VALUES (NULL, 1, '2015-05-15 04:13:26', '6c9127b9-58b5-4531-8d2c-0ad995348c0d', 'af483b34-7c09-4fed-8961-e21af93e0ea7', '32bit', 'fmt/692', 'Mach-O 32bit 1', 0, 0, 'mach-o-32bit-1') ;
INSERT INTO `fpr_formatversion` (`replaces_id`, `enabled`, `lastmodified`, `uuid`, `format_id`, `version`, `pronom_id`, `description`, `access_format`, `preservation_format`, `slug`) VALUES (NULL, 1, '2015-05-15 04:13:26', '80f742e5-8993-459b-8cb4-56c896fa97ad', 'af483b34-7c09-4fed-8961-e21af93e0ea7', '64bit', 'fmt/693', 'Mach-O 64 bit 1', 0, 0, 'mach-o-64-bit-1') ;
INSERT INTO `fpr_format` (`uuid`, `description`, `group_id`, `slug`) VALUES ('ffe87bb6-b234-4018-acea-8458da4cd28f', 'Dalvik Executable Format', '00abbdd0-51b3-4162-b93a-45deb4ed8654', 'dalvik-executable-format') ;
INSERT INTO `fpr_formatversion` (`replaces_id`, `enabled`, `lastmodified`, `uuid`, `format_id`, `version`, `pronom_id`, `description`, `access_format`, `preservation_format`, `slug`) VALUES (NULL, 1, '2015-05-15 04:13:26', '4276d9eb-d33d-4123-bcea-75860070a7f4', 'ffe87bb6-b234-4018-acea-8458da4cd28f', NULL, 'fmt/694', 'Dalvik Executable Format', 0, 0, 'dalvik-executable-format') ;
INSERT INTO `fpr_idrule` (`replaces_id`, `enabled`, `lastmodified`, `uuid`, `command_id`, `format_id`, `command_output`) VALUES (NULL, 1, '2015-05-15 04:13:26', '041c0f35-8bf0-446c-a2b3-491ae287d98b', '41efbe1b-3fc7-4b24-9290-d0fb5d0ea9e9', '4276d9eb-d33d-4123-bcea-75860070a7f4', '.dex') ;
INSERT INTO `fpr_format` (`uuid`, `description`, `group_id`, `slug`) VALUES ('fe93423c-b2dd-4cac-8f38-a00b757e9d0b', 'Optimised Dalvik Executable Format', '00abbdd0-51b3-4162-b93a-45deb4ed8654', 'optimised-dalvik-executable-format') ;
INSERT INTO `fpr_formatversion` (`replaces_id`, `enabled`, `lastmodified`, `uuid`, `format_id`, `version`, `pronom_id`, `description`, `access_format`, `preservation_format`, `slug`) VALUES (NULL, 1, '2015-05-15 04:13:26', '7a404cf1-9769-418f-9ea2-8f91494163d5', 'fe93423c-b2dd-4cac-8f38-a00b757e9d0b', NULL, 'fmt/695', 'Dalvik Executable Format Optimised', 0, 0, 'dalvik-executable-format-optimised') ;
INSERT INTO `fpr_idrule` (`replaces_id`, `enabled`, `lastmodified`, `uuid`, `command_id`, `format_id`, `command_output`) VALUES (NULL, 1, '2015-05-15 04:13:26', 'a14ecc45-403d-4678-8241-fee30087e7b0', '41efbe1b-3fc7-4b24-9290-d0fb5d0ea9e9', '7a404cf1-9769-418f-9ea2-8f91494163d5', '.odex') ;
INSERT INTO `fpr_format` (`uuid`, `description`, `group_id`, `slug`) VALUES ('8de0402d-2f88-4c80-91cc-269ef0087cea', 'Sibelius', '00abbdd0-51b3-4162-b93a-45deb4ed8654', 'sibelius') ;
INSERT INTO `fpr_formatversion` (`replaces_id`, `enabled`, `lastmodified`, `uuid`, `format_id`, `version`, `pronom_id`, `description`, `access_format`, `preservation_format`, `slug`) VALUES (NULL, 1, '2015-05-15 04:13:26', 'bd194751-5bcc-44eb-b6e2-fab112f09b3a', '8de0402d-2f88-4c80-91cc-269ef0087cea', NULL, 'fmt/696', 'Sibelius', 0, 0, 'sibelius') ;
INSERT INTO `fpr_idrule` (`replaces_id`, `enabled`, `lastmodified`, `uuid`, `command_id`, `format_id`, `command_output`) VALUES (NULL, 1, '2015-05-15 04:13:26', '8e097c88-05ce-41ef-b5ac-ca3e44613a5b', '41efbe1b-3fc7-4b24-9290-d0fb5d0ea9e9', 'bd194751-5bcc-44eb-b6e2-fab112f09b3a', '.sib') ;
INSERT INTO `fpr_format` (`uuid`, `description`, `group_id`, `slug`) VALUES ('51f83684-0db2-470b-b5b0-465d10c2976d', 'Additive Manufacturing File Format', '00abbdd0-51b3-4162-b93a-45deb4ed8654', 'additive-manufacturing-file-format') ;
INSERT INTO `fpr_formatversion` (`replaces_id`, `enabled`, `lastmodified`, `uuid`, `format_id`, `version`, `pronom_id`, `description`, `access_format`, `preservation_format`, `slug`) VALUES (NULL, 1, '2015-05-15 04:13:26', '358f203b-76c3-46ad-8000-815376766585', '51f83684-0db2-470b-b5b0-465d10c2976d', NULL, 'fmt/697', 'Additive Manufacturing File Format', 0, 0, 'additive-manufacturing-file-format') ;
INSERT INTO `fpr_idrule` (`replaces_id`, `enabled`, `lastmodified`, `uuid`, `command_id`, `format_id`, `command_output`) VALUES (NULL, 1, '2015-05-15 04:13:26', '8357751a-4665-47fa-9506-a1999a31f925', '41efbe1b-3fc7-4b24-9290-d0fb5d0ea9e9', '358f203b-76c3-46ad-8000-815376766585', '.amf') ;
INSERT INTO `fpr_format` (`uuid`, `description`, `group_id`, `slug`) VALUES ('39a2e9bf-720f-4250-a1f1-130c14c54f23', 'Standard for the Exchange of Product model data', '00abbdd0-51b3-4162-b93a-45deb4ed8654', 'standard-for-the-exchange-of-product-model-data') ;
INSERT INTO `fpr_formatversion` (`replaces_id`, `enabled`, `lastmodified`, `uuid`, `format_id`, `version`, `pronom_id`, `description`, `access_format`, `preservation_format`, `slug`) VALUES (NULL, 1, '2015-05-15 04:13:26', '7375744b-3e62-4850-aaef-bc70fc21d94e', '39a2e9bf-720f-4250-a1f1-130c14c54f23', NULL, 'fmt/698', 'Standard for the Exchange of Product model data', 0, 0, 'standard-for-the-exchange-of-product-model-data') ;
INSERT INTO `fpr_idrule` (`replaces_id`, `enabled`, `lastmodified`, `uuid`, `command_id`, `format_id`, `command_output`) VALUES (NULL, 1, '2015-05-15 04:13:26', '052f251a-0c16-4d7e-9341-e626b5b9e111', '41efbe1b-3fc7-4b24-9290-d0fb5d0ea9e9', '7375744b-3e62-4850-aaef-bc70fc21d94e', '.step') ;
INSERT INTO `fpr_formatversion` (`replaces_id`, `enabled`, `lastmodified`, `uuid`, `format_id`, `version`, `pronom_id`, `description`, `access_format`, `preservation_format`, `slug`) VALUES (NULL, 1, '2015-05-15 04:13:26', 'c12b6423-d71a-484d-aa47-5cf738f38977', '97a16fb4-3ec0-4e46-9823-ea13857150d7', '2x3', 'fmt/699', 'Industry Foundation Classes 2x3', 0, 0, 'industry-foundation-classes-2x3') ;
INSERT INTO `fpr_formatversion` (`replaces_id`, `enabled`, `lastmodified`, `uuid`, `format_id`, `version`, `pronom_id`, `description`, `access_format`, `preservation_format`, `slug`) VALUES (NULL, 1, '2015-05-15 04:13:26', 'd1a9a349-548e-4f3f-a6ad-1968d598befb', '97a16fb4-3ec0-4e46-9823-ea13857150d7', '4', 'fmt/700', 'Industry Foundation Classes 4', 0, 0, 'industry-foundation-classes-4') ;
INSERT INTO `fpr_format` (`uuid`, `description`, `group_id`, `slug`) VALUES ('a16e6230-b126-4605-af64-386a58d7d240', 'Processing Development Environment', '00abbdd0-51b3-4162-b93a-45deb4ed8654', 'processing-development-environment') ;
INSERT INTO `fpr_formatversion` (`replaces_id`, `enabled`, `lastmodified`, `uuid`, `format_id`, `version`, `pronom_id`, `description`, `access_format`, `preservation_format`, `slug`) VALUES (NULL, 1, '2015-05-15 04:13:26', 'f216f3a0-a6b9-42de-9f5a-f96f71b93434', 'a16e6230-b126-4605-af64-386a58d7d240', NULL, 'fmt/701', 'Processing Development Environment', 0, 0, 'processing-development-environment') ;
INSERT INTO `fpr_idrule` (`replaces_id`, `enabled`, `lastmodified`, `uuid`, `command_id`, `format_id`, `command_output`) VALUES (NULL, 1, '2015-05-15 04:13:26', 'ae878800-0158-4fac-a85b-b1b3e2165fcf', '41efbe1b-3fc7-4b24-9290-d0fb5d0ea9e9', 'f216f3a0-a6b9-42de-9f5a-f96f71b93434', '.pde') ;
INSERT INTO `fpr_format` (`uuid`, `description`, `group_id`, `slug`) VALUES ('919a0a6a-fb71-4a03-b61b-f96fe07317a9', 'Universal 3D File Format', '00abbdd0-51b3-4162-b93a-45deb4ed8654', 'universal-3d-file-format') ;
INSERT INTO `fpr_formatversion` (`replaces_id`, `enabled`, `lastmodified`, `uuid`, `format_id`, `version`, `pronom_id`, `description`, `access_format`, `preservation_format`, `slug`) VALUES (NULL, 1, '2015-05-15 04:13:26', '9526520f-3be2-43c2-86b7-d06591cd1241', '919a0a6a-fb71-4a03-b61b-f96fe07317a9', NULL, 'fmt/702', 'Universal 3D File Format', 0, 0, 'universal-3d-file-format') ;
INSERT INTO `fpr_idrule` (`replaces_id`, `enabled`, `lastmodified`, `uuid`, `command_id`, `format_id`, `command_output`) VALUES (NULL, 1, '2015-05-15 04:13:26', '1a711a7f-ac3e-4d4d-8744-148950388946', '41efbe1b-3fc7-4b24-9290-d0fb5d0ea9e9', '9526520f-3be2-43c2-86b7-d06591cd1241', '.u3d') ;
INSERT INTO `fpr_format` (`uuid`, `description`, `group_id`, `slug`) VALUES ('84cda47c-d4de-4349-be86-674a5b6e2251', 'Broadcast WAVE', '00abbdd0-51b3-4162-b93a-45deb4ed8654', 'broadcast-wave') ;
INSERT INTO `fpr_formatversion` (`replaces_id`, `enabled`, `lastmodified`, `uuid`, `format_id`, `version`, `pronom_id`, `description`, `access_format`, `preservation_format`, `slug`) VALUES (NULL, 1, '2015-05-15 04:13:26', '1c2dcf4f-ac15-4aba-aff0-d41d5b462c3e', '84cda47c-d4de-4349-be86-674a5b6e2251', '', 'fmt/703', 'BWAVE PCM 0', 0, 0, 'bwave-pcm-0') ;
INSERT INTO `fpr_formatversion` (`replaces_id`, `enabled`, `lastmodified`, `uuid`, `format_id`, `version`, `pronom_id`, `description`, `access_format`, `preservation_format`, `slug`) VALUES (NULL, 1, '2015-05-15 04:13:26', '15cf073e-1909-4923-b410-171521e8676a', '84cda47c-d4de-4349-be86-674a5b6e2251', '', 'fmt/704', 'BWAVE PCM 1', 0, 0, 'bwave-pcm-1') ;
INSERT INTO `fpr_formatversion` (`replaces_id`, `enabled`, `lastmodified`, `uuid`, `format_id`, `version`, `pronom_id`, `description`, `access_format`, `preservation_format`, `slug`) VALUES (NULL, 1, '2015-05-15 04:13:26', '474c7e6d-f826-4347-a7ef-f418a73ade29', '84cda47c-d4de-4349-be86-674a5b6e2251', '', 'fmt/705', 'BWAVE PCM 2', 0, 0, 'bwave-pcm-2') ;
INSERT INTO `fpr_formatversion` (`replaces_id`, `enabled`, `lastmodified`, `uuid`, `format_id`, `version`, `pronom_id`, `description`, `access_format`, `preservation_format`, `slug`) VALUES (NULL, 1, '2015-05-15 04:13:26', '497f69a6-a8b3-477b-918b-0cd948f1734a', '84cda47c-d4de-4349-be86-674a5b6e2251', '', 'fmt/706', 'BWAVE MPEG 0', 0, 0, 'bwave-mpeg-0') ;
INSERT INTO `fpr_formatversion` (`replaces_id`, `enabled`, `lastmodified`, `uuid`, `format_id`, `version`, `pronom_id`, `description`, `access_format`, `preservation_format`, `slug`) VALUES (NULL, 1, '2015-05-15 04:13:26', 'f2b84379-ebf3-4a59-9059-8846f9ec17c0', '84cda47c-d4de-4349-be86-674a5b6e2251', '', 'fmt/707', 'BWAVE MPEG 1', 0, 0, 'bwave-mpeg-1') ;
INSERT INTO `fpr_formatversion` (`replaces_id`, `enabled`, `lastmodified`, `uuid`, `format_id`, `version`, `pronom_id`, `description`, `access_format`, `preservation_format`, `slug`) VALUES (NULL, 1, '2015-05-15 04:13:26', '3fc6c60c-75d4-4d9f-87ca-fd20b26dbd7a', '84cda47c-d4de-4349-be86-674a5b6e2251', '', 'fmt/708', 'BWAVE MPEG 2', 0, 0, 'bwave-mpeg-2') ;
INSERT INTO `fpr_formatversion` (`replaces_id`, `enabled`, `lastmodified`, `uuid`, `format_id`, `version`, `pronom_id`, `description`, `access_format`, `preservation_format`, `slug`) VALUES (NULL, 1, '2015-05-15 04:13:26', '65236203-de3c-4bc8-8b17-2846f258bcfd', '84cda47c-d4de-4349-be86-674a5b6e2251', '', 'fmt/709', 'BWAVE WAVEFORMATEXTENSIBLE 0', 0, 0, 'bwave-waveformatextensible-0') ;
INSERT INTO `fpr_formatversion` (`replaces_id`, `enabled`, `lastmodified`, `uuid`, `format_id`, `version`, `pronom_id`, `description`, `access_format`, `preservation_format`, `slug`) VALUES (NULL, 1, '2015-05-15 04:13:26', '44d5fb68-e029-4cc6-9741-fd76354c5a5c', '84cda47c-d4de-4349-be86-674a5b6e2251', '', 'fmt/710', 'BWAVE WAVEFORMATEXTENSIBLE 1', 0, 0, 'bwave-waveformatextensible-1') ;
INSERT INTO `fpr_formatversion` (`replaces_id`, `enabled`, `lastmodified`, `uuid`, `format_id`, `version`, `pronom_id`, `description`, `access_format`, `preservation_format`, `slug`) VALUES (NULL, 1, '2015-05-15 04:13:26', 'b05a3cfa-8aa2-4521-85eb-91887fb7ed62', '84cda47c-d4de-4349-be86-674a5b6e2251', '', 'fmt/711', 'BWAVE WAVEFORMATEXTENSIBLE 2', 0, 0, 'bwave-waveformatextensible-2') ;
INSERT INTO `fpr_format` (`uuid`, `description`, `group_id`, `slug`) VALUES ('1d237293-d3be-44b3-9db5-3c3d9ff7a928', 'RF64', '00abbdd0-51b3-4162-b93a-45deb4ed8654', 'rf64') ;
INSERT INTO `fpr_formatversion` (`replaces_id`, `enabled`, `lastmodified`, `uuid`, `format_id`, `version`, `pronom_id`, `description`, `access_format`, `preservation_format`, `slug`) VALUES (NULL, 1, '2015-05-15 04:13:26', 'f8b9a3a7-816b-4922-965d-00b7622d80bb', '1d237293-d3be-44b3-9db5-3c3d9ff7a928', NULL, 'fmt/712', 'RF64', 0, 0, 'rf64') ;
INSERT INTO `fpr_format` (`uuid`, `description`, `group_id`, `slug`) VALUES ('29222d96-5aff-435e-a1c3-e83a92878171', 'RF64 Multichannel Broadcast Wave format', '00abbdd0-51b3-4162-b93a-45deb4ed8654', 'rf64-multichannel-broadcast-wave-format') ;
INSERT INTO `fpr_formatversion` (`replaces_id`, `enabled`, `lastmodified`, `uuid`, `format_id`, `version`, `pronom_id`, `description`, `access_format`, `preservation_format`, `slug`) VALUES (NULL, 1, '2015-05-15 04:13:26', '67cfb679-0086-4b3e-83a9-1d22023cb342', '29222d96-5aff-435e-a1c3-e83a92878171', NULL, 'fmt/713', 'RF64 MBWF', 0, 0, 'rf64-mbwf') ;
INSERT INTO `fpr_format` (`uuid`, `description`, `group_id`, `slug`) VALUES ('155cf059-e93e-4261-b689-6f860935f2f0', 'Extensible Music Format', '00abbdd0-51b3-4162-b93a-45deb4ed8654', 'extensible-music-format') ;
INSERT INTO `fpr_formatversion` (`replaces_id`, `enabled`, `lastmodified`, `uuid`, `format_id`, `version`, `pronom_id`, `description`, `access_format`, `preservation_format`, `slug`) VALUES (NULL, 1, '2015-05-15 04:13:26', '3d8a990a-595b-4482-8d7f-f23d17dd169a', '155cf059-e93e-4261-b689-6f860935f2f0', NULL, 'fmt/714', 'XMF', 0, 0, 'xmf') ;
INSERT INTO `fpr_idrule` (`replaces_id`, `enabled`, `lastmodified`, `uuid`, `command_id`, `format_id`, `command_output`) VALUES (NULL, 1, '2015-05-15 04:13:26', '06d37ce3-664c-4769-8f52-fad077e3fea6', '41efbe1b-3fc7-4b24-9290-d0fb5d0ea9e9', '3d8a990a-595b-4482-8d7f-f23d17dd169a', '.xmf') ;
INSERT INTO `fpr_format` (`uuid`, `description`, `group_id`, `slug`) VALUES ('e5a24445-1e46-4d64-8c08-e7a3fa925c2e', 'Impulse Tracker Module', '00abbdd0-51b3-4162-b93a-45deb4ed8654', 'impulse-tracker-module') ;
INSERT INTO `fpr_formatversion` (`replaces_id`, `enabled`, `lastmodified`, `uuid`, `format_id`, `version`, `pronom_id`, `description`, `access_format`, `preservation_format`, `slug`) VALUES (NULL, 1, '2015-05-15 04:13:26', '8acd6214-bace-46d8-be22-008c0fc98b52', 'e5a24445-1e46-4d64-8c08-e7a3fa925c2e', NULL, 'fmt/715', 'Impulse Tracker Module', 0, 0, 'impulse-tracker-module') ;
INSERT INTO `fpr_idrule` (`replaces_id`, `enabled`, `lastmodified`, `uuid`, `command_id`, `format_id`, `command_output`) VALUES (NULL, 1, '2015-05-15 04:13:26', 'a9e41828-9466-46cd-9239-97f2b30244f8', '41efbe1b-3fc7-4b24-9290-d0fb5d0ea9e9', '8acd6214-bace-46d8-be22-008c0fc98b52', '.it') ;
INSERT INTO `fpr_format` (`uuid`, `description`, `group_id`, `slug`) VALUES ('80ffd331-8736-44bf-9a5b-7bf6f91f1fa3', 'MOD Audio Module', '00abbdd0-51b3-4162-b93a-45deb4ed8654', 'mod-audio-module') ;
INSERT INTO `fpr_formatversion` (`replaces_id`, `enabled`, `lastmodified`, `uuid`, `format_id`, `version`, `pronom_id`, `description`, `access_format`, `preservation_format`, `slug`) VALUES (NULL, 1, '2015-05-15 04:13:26', 'eda023c0-2ebb-40ad-9a8a-3cb04f89e46c', '80ffd331-8736-44bf-9a5b-7bf6f91f1fa3', NULL, 'fmt/716', 'MOD Audio Module', 0, 0, 'mod-audio-module') ;
INSERT INTO `fpr_format` (`uuid`, `description`, `group_id`, `slug`) VALUES ('ca1b348c-1b8e-46ae-bfe9-fe5749c819e0', 'Scream Tracker Module', '00abbdd0-51b3-4162-b93a-45deb4ed8654', 'scream-tracker-module') ;
INSERT INTO `fpr_formatversion` (`replaces_id`, `enabled`, `lastmodified`, `uuid`, `format_id`, `version`, `pronom_id`, `description`, `access_format`, `preservation_format`, `slug`) VALUES (NULL, 1, '2015-05-15 04:13:26', '2e968562-a61f-4f56-9d8d-849d3b4a2209', 'ca1b348c-1b8e-46ae-bfe9-fe5749c819e0', '1-2', 'fmt/717', 'Scream Tracker Module 1-2', 0, 0, 'scream-tracker-module-1-2') ;
INSERT INTO `fpr_idrule` (`replaces_id`, `enabled`, `lastmodified`, `uuid`, `command_id`, `format_id`, `command_output`) VALUES (NULL, 1, '2015-05-15 04:13:26', '3562c195-5726-4b75-9868-4709561b9478', '41efbe1b-3fc7-4b24-9290-d0fb5d0ea9e9', '2e968562-a61f-4f56-9d8d-849d3b4a2209', '.stm') ;
INSERT INTO `fpr_formatversion` (`replaces_id`, `enabled`, `lastmodified`, `uuid`, `format_id`, `version`, `pronom_id`, `description`, `access_format`, `preservation_format`, `slug`) VALUES (NULL, 1, '2015-05-15 04:13:26', 'c44610be-45ec-49d1-865f-867ea5880217', 'ca1b348c-1b8e-46ae-bfe9-fe5749c819e0', '3', 'fmt/718', 'Scream Tracker Module 3', 0, 0, 'scream-tracker-module-3') ;
INSERT INTO `fpr_idrule` (`replaces_id`, `enabled`, `lastmodified`, `uuid`, `command_id`, `format_id`, `command_output`) VALUES (NULL, 1, '2015-05-15 04:13:26', 'ccdeab11-c137-4bd8-94b1-dcb7cc3a49dd', '41efbe1b-3fc7-4b24-9290-d0fb5d0ea9e9', 'c44610be-45ec-49d1-865f-867ea5880217', '.s3m') ;
INSERT INTO `fpr_format` (`uuid`, `description`, `group_id`, `slug`) VALUES ('f90c6cbd-14d1-49d4-a971-ba636643b0fb', 'MultiTracker Module', '00abbdd0-51b3-4162-b93a-45deb4ed8654', 'multitracker-module') ;
INSERT INTO `fpr_formatversion` (`replaces_id`, `enabled`, `lastmodified`, `uuid`, `format_id`, `version`, `pronom_id`, `description`, `access_format`, `preservation_format`, `slug`) VALUES (NULL, 1, '2015-05-15 04:13:26', 'ac244ba3-6739-4fea-8280-2fe339a7f1c6', 'f90c6cbd-14d1-49d4-a971-ba636643b0fb', NULL, 'fmt/719', 'MultiTracker Module', 0, 0, 'multitracker-module') ;
INSERT INTO `fpr_idrule` (`replaces_id`, `enabled`, `lastmodified`, `uuid`, `command_id`, `format_id`, `command_output`) VALUES (NULL, 1, '2015-05-15 04:13:26', '81736f5f-0bd9-4381-8150-c1ad3877601d', '41efbe1b-3fc7-4b24-9290-d0fb5d0ea9e9', 'ac244ba3-6739-4fea-8280-2fe339a7f1c6', '.mtm') ;
INSERT INTO `fpr_formatversion` (`replaces_id`, `enabled`, `lastmodified`, `uuid`, `format_id`, `version`, `pronom_id`, `description`, `access_format`, `preservation_format`, `slug`) VALUES (NULL, 1, '2015-05-15 04:13:26', 'b4ff9da5-da8c-4156-b635-924f9280e2b4', '0adc6cb6-d283-497a-8cec-da6f8618120f', NULL, 'fmt/720', 'MBOX', 0, 0, 'mbox') ;
INSERT INTO `fpr_idrule` (`replaces_id`, `enabled`, `lastmodified`, `uuid`, `command_id`, `format_id`, `command_output`) VALUES (NULL, 1, '2015-05-15 04:13:26', 'f3ea1fcb-a6e8-45ed-b92d-44757017f2fc', '41efbe1b-3fc7-4b24-9290-d0fb5d0ea9e9', 'b4ff9da5-da8c-4156-b635-924f9280e2b4', '.mbox') ;
INSERT INTO `fpr_format` (`uuid`, `description`, `group_id`, `slug`) VALUES ('0513e0a7-6c81-4b15-bfb3-de3271ccbdb9', 'VLW Font File', '00abbdd0-51b3-4162-b93a-45deb4ed8654', 'vlw-font-file') ;
INSERT INTO `fpr_formatversion` (`replaces_id`, `enabled`, `lastmodified`, `uuid`, `format_id`, `version`, `pronom_id`, `description`, `access_format`, `preservation_format`, `slug`) VALUES (NULL, 1, '2015-05-15 04:13:26', '6bf0751e-97f6-4344-a643-e16f778f79e8', '0513e0a7-6c81-4b15-bfb3-de3271ccbdb9', NULL, 'fmt/721', 'VLW Font File', 0, 0, 'vlw-font-file') ;
INSERT INTO `fpr_idrule` (`replaces_id`, `enabled`, `lastmodified`, `uuid`, `command_id`, `format_id`, `command_output`) VALUES (NULL, 1, '2015-05-15 04:13:26', '1064ed11-b3af-4859-9142-60da116aaba6', '41efbe1b-3fc7-4b24-9290-d0fb5d0ea9e9', '6bf0751e-97f6-4344-a643-e16f778f79e8', '.vlw') ;
INSERT INTO `fpr_format` (`uuid`, `description`, `group_id`, `slug`) VALUES ('dcefeebe-3a9c-4dd4-a406-02f2d6579f71', 'Oktalyzer Audio file', '00abbdd0-51b3-4162-b93a-45deb4ed8654', 'oktalyzer-audio-file') ;
INSERT INTO `fpr_formatversion` (`replaces_id`, `enabled`, `lastmodified`, `uuid`, `format_id`, `version`, `pronom_id`, `description`, `access_format`, `preservation_format`, `slug`) VALUES (NULL, 1, '2015-05-15 04:13:26', 'fc5c7245-c36b-4c1a-b997-be7f4a631c9b', 'dcefeebe-3a9c-4dd4-a406-02f2d6579f71', NULL, 'fmt/722', 'Oktalyzer', 0, 0, 'oktalyzer') ;
INSERT INTO `fpr_idrule` (`replaces_id`, `enabled`, `lastmodified`, `uuid`, `command_id`, `format_id`, `command_output`) VALUES (NULL, 1, '2015-05-15 04:13:26', 'd420b54d-b1f0-4afe-bdd5-ec51462d6624', '41efbe1b-3fc7-4b24-9290-d0fb5d0ea9e9', 'fc5c7245-c36b-4c1a-b997-be7f4a631c9b', '.okt') ;
INSERT INTO `fpr_format` (`uuid`, `description`, `group_id`, `slug`) VALUES ('e6ef9334-3838-4b71-b5b1-67c56f7c48e6', 'Farandole Composer Module', '00abbdd0-51b3-4162-b93a-45deb4ed8654', 'farandole-composer-module') ;
INSERT INTO `fpr_formatversion` (`replaces_id`, `enabled`, `lastmodified`, `uuid`, `format_id`, `version`, `pronom_id`, `description`, `access_format`, `preservation_format`, `slug`) VALUES (NULL, 1, '2015-05-15 04:13:26', '642d62b3-bc8b-46cd-872f-98adf257e481', 'e6ef9334-3838-4b71-b5b1-67c56f7c48e6', NULL, 'fmt/723', 'Farandole Composer', 0, 0, 'farandole-composer') ;
INSERT INTO `fpr_idrule` (`replaces_id`, `enabled`, `lastmodified`, `uuid`, `command_id`, `format_id`, `command_output`) VALUES (NULL, 1, '2015-05-15 04:13:26', '1e0004b1-3c19-42a3-b941-470047570cad', '41efbe1b-3fc7-4b24-9290-d0fb5d0ea9e9', '642d62b3-bc8b-46cd-872f-98adf257e481', '.far') ;
INSERT INTO `fpr_format` (`uuid`, `description`, `group_id`, `slug`) VALUES ('13b140e3-a4f9-4bb5-8777-0a163d786df1', 'Keyhole Markup Language (Container)', '00abbdd0-51b3-4162-b93a-45deb4ed8654', 'keyhole-markup-language-container') ;
INSERT INTO `fpr_formatversion` (`replaces_id`, `enabled`, `lastmodified`, `uuid`, `format_id`, `version`, `pronom_id`, `description`, `access_format`, `preservation_format`, `slug`) VALUES (NULL, 1, '2015-05-15 04:13:26', '9c8745ae-360c-478b-96be-5bd045196a63', '13b140e3-a4f9-4bb5-8777-0a163d786df1', NULL, 'fmt/724', 'Keyhole Markup Language (Container)', 0, 0, 'keyhole-markup-language-container') ;
INSERT INTO `fpr_idrule` (`replaces_id`, `enabled`, `lastmodified`, `uuid`, `command_id`, `format_id`, `command_output`) VALUES (NULL, 1, '2015-05-15 04:13:26', '14e64f10-82f2-46ad-97f6-95985571c8f2', '41efbe1b-3fc7-4b24-9290-d0fb5d0ea9e9', '9c8745ae-360c-478b-96be-5bd045196a63', '.kmz') ;
INSERT INTO `fpr_formatversion` (`replaces_id`, `enabled`, `lastmodified`, `uuid`, `format_id`, `version`, `pronom_id`, `description`, `access_format`, `preservation_format`, `slug`) VALUES (NULL, 1, '2015-05-15 04:13:26', 'ede3e9cd-e88a-4c8c-bce6-d4883bcb5fba', 'efe751be-6225-469f-96d8-4abb25ba0302', '2010', 'fmt/725', 'Microsoft Project', 0, 0, 'microsoft-project-7') ;
INSERT INTO `fpr_format` (`uuid`, `description`, `group_id`, `slug`) VALUES ('252d4555-2518-466d-8dbe-c8962ef174b1', 'Virtual Disk Image', '00abbdd0-51b3-4162-b93a-45deb4ed8654', 'virtual-disk-image') ;
INSERT INTO `fpr_formatversion` (`replaces_id`, `enabled`, `lastmodified`, `uuid`, `format_id`, `version`, `pronom_id`, `description`, `access_format`, `preservation_format`, `slug`) VALUES (NULL, 1, '2015-05-15 04:13:26', '4af079c2-c3e7-4ec9-a8f6-d6d21f38b0e0', '252d4555-2518-466d-8dbe-c8962ef174b1', NULL, 'fmt/726', 'Virtual Disk Image', 0, 0, 'virtual-disk-image') ;
INSERT INTO `fpr_idrule` (`replaces_id`, `enabled`, `lastmodified`, `uuid`, `command_id`, `format_id`, `command_output`) VALUES (NULL, 1, '2015-05-15 04:13:26', '30964a64-3182-4314-bc9b-1807a95bfdd7', '41efbe1b-3fc7-4b24-9290-d0fb5d0ea9e9', '4af079c2-c3e7-4ec9-a8f6-d6d21f38b0e0', '.vdi') ;
INSERT INTO `fpr_format` (`uuid`, `description`, `group_id`, `slug`) VALUES ('b4398126-3cd8-4fa1-8844-59b28eebef27', 'Cartesian Perceptual Compression image format', '00abbdd0-51b3-4162-b93a-45deb4ed8654', 'cartesian-perceptual-compression-image-format') ;
INSERT INTO `fpr_formatversion` (`replaces_id`, `enabled`, `lastmodified`, `uuid`, `format_id`, `version`, `pronom_id`, `description`, `access_format`, `preservation_format`, `slug`) VALUES (NULL, 1, '2015-05-15 04:13:26', 'fee03f86-49c5-4922-ad2d-5d1bc06afcbd', 'b4398126-3cd8-4fa1-8844-59b28eebef27', NULL, 'fmt/727', 'Cartesian Perceptual Compression', 0, 0, 'cartesian-perceptual-compression') ;
INSERT INTO `fpr_idrule` (`replaces_id`, `enabled`, `lastmodified`, `uuid`, `command_id`, `format_id`, `command_output`) VALUES (NULL, 1, '2015-05-15 04:13:26', '674cd507-093f-415a-bcb9-d189d2f6444a', '41efbe1b-3fc7-4b24-9290-d0fb5d0ea9e9', 'fee03f86-49c5-4922-ad2d-5d1bc06afcbd', '.cpi') ;
INSERT INTO `fpr_format` (`uuid`, `description`, `group_id`, `slug`) VALUES ('3f316791-b348-46ce-902f-f3fd82c26fb5', 'RealLegal E-Transcript', '00abbdd0-51b3-4162-b93a-45deb4ed8654', 'reallegal-e-transcript') ;
INSERT INTO `fpr_formatversion` (`replaces_id`, `enabled`, `lastmodified`, `uuid`, `format_id`, `version`, `pronom_id`, `description`, `access_format`, `preservation_format`, `slug`) VALUES (NULL, 1, '2015-05-15 04:13:26', '1cba0464-7123-4849-a402-2e036ce329ba', '3f316791-b348-46ce-902f-f3fd82c26fb5', NULL, 'fmt/728', 'RealLegal E-Transcript', 0, 0, 'reallegal-e-transcript') ;
INSERT INTO `fpr_idrule` (`replaces_id`, `enabled`, `lastmodified`, `uuid`, `command_id`, `format_id`, `command_output`) VALUES (NULL, 1, '2015-05-15 04:13:26', 'a885a205-62a4-4918-a044-9f30586338d7', '41efbe1b-3fc7-4b24-9290-d0fb5d0ea9e9', '1cba0464-7123-4849-a402-2e036ce329ba', '.ptx') ;
INSERT INTO `fpr_format` (`uuid`, `description`, `group_id`, `slug`) VALUES ('3588c0d1-bde9-4e18-b690-b8dd5559b37e', 'SQLite Database File Format', '00abbdd0-51b3-4162-b93a-45deb4ed8654', 'sqlite-database-file-format') ;
INSERT INTO `fpr_formatversion` (`replaces_id`, `enabled`, `lastmodified`, `uuid`, `format_id`, `version`, `pronom_id`, `description`, `access_format`, `preservation_format`, `slug`) VALUES (NULL, 1, '2015-05-15 04:13:26', '826dce9e-db82-44e3-8520-36adcd0ac289', '3588c0d1-bde9-4e18-b690-b8dd5559b37e', NULL, 'fmt/729', 'SQLite Database', 0, 0, 'sqlite-database') ;
INSERT INTO `fpr_idrule` (`replaces_id`, `enabled`, `lastmodified`, `uuid`, `command_id`, `format_id`, `command_output`) VALUES (NULL, 1, '2015-05-15 04:13:26', '6b78301a-6271-4cdd-8a77-6a864e784d1e', '41efbe1b-3fc7-4b24-9290-d0fb5d0ea9e9', '826dce9e-db82-44e3-8520-36adcd0ac289', '.sqlite') ;
INSERT INTO `fpr_format` (`uuid`, `description`, `group_id`, `slug`) VALUES ('263fd308-f220-4b46-b2b0-2863e1963449', 'Digital Negative Format (DNG)', '00abbdd0-51b3-4162-b93a-45deb4ed8654', 'digital-negative-format-dng') ;
INSERT INTO `fpr_formatversion` (`replaces_id`, `enabled`, `lastmodified`, `uuid`, `format_id`, `version`, `pronom_id`, `description`, `access_format`, `preservation_format`, `slug`) VALUES (NULL, 1, '2015-05-15 04:13:26', 'ed234525-4b53-4991-8838-8b05d9b9f113', '263fd308-f220-4b46-b2b0-2863e1963449', '1.4', 'fmt/730', 'DNG 1.4 (big-endian, BOF)', 0, 0, 'dng-14-big-endian-bof') ;
INSERT INTO `fpr_format` (`uuid`, `description`, `group_id`, `slug`) VALUES ('1f8eb6d3-67da-41f6-a91e-5603e4b83e0b', 'Bink Video format', '00abbdd0-51b3-4162-b93a-45deb4ed8654', 'bink-video-format') ;
INSERT INTO `fpr_formatversion` (`replaces_id`, `enabled`, `lastmodified`, `uuid`, `format_id`, `version`, `pronom_id`, `description`, `access_format`, `preservation_format`, `slug`) VALUES (NULL, 1, '2015-05-15 04:13:26', '0728779a-04a1-4183-a905-6d3d94949678', '1f8eb6d3-67da-41f6-a91e-5603e4b83e0b', '1', 'fmt/731', 'Bink Video 1', 0, 0, 'bink-video-1') ;
INSERT INTO `fpr_idrule` (`replaces_id`, `enabled`, `lastmodified`, `uuid`, `command_id`, `format_id`, `command_output`) VALUES (NULL, 1, '2015-05-15 04:13:26', '4208c973-e02b-4361-9abd-95f63cd6889e', '41efbe1b-3fc7-4b24-9290-d0fb5d0ea9e9', '0728779a-04a1-4183-a905-6d3d94949678', '.bik') ;
INSERT INTO `fpr_formatversion` (`replaces_id`, `enabled`, `lastmodified`, `uuid`, `format_id`, `version`, `pronom_id`, `description`, `access_format`, `preservation_format`, `slug`) VALUES (NULL, 1, '2015-05-15 04:13:26', '62f05659-b742-4c86-9a8b-09686e6b60d3', '1f8eb6d3-67da-41f6-a91e-5603e4b83e0b', '2', 'fmt/732', 'Bink Video 2', 0, 0, 'bink-video-2') ;
INSERT INTO `fpr_idrule` (`replaces_id`, `enabled`, `lastmodified`, `uuid`, `command_id`, `format_id`, `command_output`) VALUES (NULL, 1, '2015-05-15 04:13:26', 'cd4e33db-f0b7-4122-929d-12c102d1ad20', '41efbe1b-3fc7-4b24-9290-d0fb5d0ea9e9', '62f05659-b742-4c86-9a8b-09686e6b60d3', '.bik2') ;
INSERT INTO `fpr_format` (`uuid`, `description`, `group_id`, `slug`) VALUES ('65ede45d-cb43-462a-bfe4-052c73d6c9d4', 'FL Studio project file (FLP)', '00abbdd0-51b3-4162-b93a-45deb4ed8654', 'fl-studio-project-file-flp') ;
INSERT INTO `fpr_formatversion` (`replaces_id`, `enabled`, `lastmodified`, `uuid`, `format_id`, `version`, `pronom_id`, `description`, `access_format`, `preservation_format`, `slug`) VALUES (NULL, 1, '2015-05-15 04:13:26', '484c31da-8f62-42b0-83a2-5a21621e615d', '65ede45d-cb43-462a-bfe4-052c73d6c9d4', NULL, 'fmt/733', 'FL Studio FLP', 0, 0, 'fl-studio-flp') ;
INSERT INTO `fpr_idrule` (`replaces_id`, `enabled`, `lastmodified`, `uuid`, `command_id`, `format_id`, `command_output`) VALUES (NULL, 1, '2015-05-15 04:13:26', '3c546f8d-5387-4a10-96d5-acccdcd52106', '41efbe1b-3fc7-4b24-9290-d0fb5d0ea9e9', '484c31da-8f62-42b0-83a2-5a21621e615d', '.flp') ;
INSERT INTO `fpr_format` (`uuid`, `description`, `group_id`, `slug`) VALUES ('4d34edd4-f6b0-4c6b-9438-1cf2790a1aeb', 'SuperScape Virtual Reality format', '00abbdd0-51b3-4162-b93a-45deb4ed8654', 'superscape-virtual-reality-format') ;
INSERT INTO `fpr_formatversion` (`replaces_id`, `enabled`, `lastmodified`, `uuid`, `format_id`, `version`, `pronom_id`, `description`, `access_format`, `preservation_format`, `slug`) VALUES (NULL, 1, '2015-05-15 04:13:26', 'ac7557d2-3990-433a-a32e-5aabc14798a8', '4d34edd4-f6b0-4c6b-9438-1cf2790a1aeb', NULL, 'fmt/734', 'SuperScape VR', 0, 0, 'superscape-vr') ;
INSERT INTO `fpr_idrule` (`replaces_id`, `enabled`, `lastmodified`, `uuid`, `command_id`, `format_id`, `command_output`) VALUES (NULL, 1, '2015-05-15 04:13:26', 'd882b07e-d37b-4ca0-958d-43daceb50659', '41efbe1b-3fc7-4b24-9290-d0fb5d0ea9e9', 'ac7557d2-3990-433a-a32e-5aabc14798a8', '.svr') ;
INSERT INTO `fpr_format` (`uuid`, `description`, `group_id`, `slug`) VALUES ('b8f99f43-8344-45c4-af2b-5af155cf16e9', 'Dolby Digital AC-3', '00abbdd0-51b3-4162-b93a-45deb4ed8654', 'dolby-digital-ac-3') ;
INSERT INTO `fpr_formatversion` (`replaces_id`, `enabled`, `lastmodified`, `uuid`, `format_id`, `version`, `pronom_id`, `description`, `access_format`, `preservation_format`, `slug`) VALUES (NULL, 1, '2015-05-15 04:13:26', 'd035eeea-2c30-499a-a4e6-8718a8f5b347', 'b8f99f43-8344-45c4-af2b-5af155cf16e9', NULL, 'fmt/735', 'Dolby Digital AC-3', 0, 0, 'dolby-digital-ac-3') ;
INSERT INTO `fpr_format` (`uuid`, `description`, `group_id`, `slug`) VALUES ('480299fe-bb8b-40d1-a2f5-3c21ff2af983', 'ClarisWorks', '00abbdd0-51b3-4162-b93a-45deb4ed8654', 'clarisworks') ;
INSERT INTO `fpr_formatversion` (`replaces_id`, `enabled`, `lastmodified`, `uuid`, `format_id`, `version`, `pronom_id`, `description`, `access_format`, `preservation_format`, `slug`) VALUES (NULL, 1, '2015-05-15 04:13:26', 'b747a413-d8f8-4bf7-bac7-1076a7792976', '480299fe-bb8b-40d1-a2f5-3c21ff2af983', '', 'fmt/736', 'CWK 1 Generic', 0, 0, 'cwk-1-generic') ;
INSERT INTO `fpr_idrule` (`replaces_id`, `enabled`, `lastmodified`, `uuid`, `command_id`, `format_id`, `command_output`) VALUES (NULL, 1, '2015-05-15 04:13:26', 'a821ae5d-16df-4795-bb59-f966ab0c53c2', '41efbe1b-3fc7-4b24-9290-d0fb5d0ea9e9', 'b747a413-d8f8-4bf7-bac7-1076a7792976', '.cwk') ;
INSERT INTO `fpr_formatversion` (`replaces_id`, `enabled`, `lastmodified`, `uuid`, `format_id`, `version`, `pronom_id`, `description`, `access_format`, `preservation_format`, `slug`) VALUES (NULL, 1, '2015-05-15 04:13:26', '5fd6fc43-c831-4286-a6f7-db6edd911b37', '480299fe-bb8b-40d1-a2f5-3c21ff2af983', '', 'fmt/737', 'CWK 2-3 Generic', 0, 0, 'cwk-2-3-generic') ;
INSERT INTO `fpr_format` (`uuid`, `description`, `group_id`, `slug`) VALUES ('ee066bad-167d-4cee-9d31-9f75a1cd92b4', 'ClarisWorks Drawing', '00abbdd0-51b3-4162-b93a-45deb4ed8654', 'clarisworks-drawing') ;
INSERT INTO `fpr_formatversion` (`replaces_id`, `enabled`, `lastmodified`, `uuid`, `format_id`, `version`, `pronom_id`, `description`, `access_format`, `preservation_format`, `slug`) VALUES (NULL, 1, '2015-05-15 04:13:26', 'e0a06d44-75fa-48d7-bde3-1225da028e71', 'ee066bad-167d-4cee-9d31-9f75a1cd92b4', '4', 'fmt/738', 'CWK 4 Drawing', 0, 0, 'cwk-4-drawing') ;
INSERT INTO `fpr_format` (`uuid`, `description`, `group_id`, `slug`) VALUES ('65d7e516-ab15-406c-9fd7-f9c051a96046', 'ClarisWorks Word Processor', '00abbdd0-51b3-4162-b93a-45deb4ed8654', 'clarisworks-word-processor') ;
INSERT INTO `fpr_formatversion` (`replaces_id`, `enabled`, `lastmodified`, `uuid`, `format_id`, `version`, `pronom_id`, `description`, `access_format`, `preservation_format`, `slug`) VALUES (NULL, 1, '2015-05-15 04:13:26', '197a8ae8-77bc-4928-93db-44816e36ba89', '65d7e516-ab15-406c-9fd7-f9c051a96046', '4', 'fmt/739', 'CWK 4 Word Processor', 0, 0, 'cwk-4-word-processor') ;
INSERT INTO `fpr_format` (`uuid`, `description`, `group_id`, `slug`) VALUES ('ef7b46f0-4ad3-4b9d-b6f5-8a2f6ed1d059', 'ClarisWorks Spreadsheet', '00abbdd0-51b3-4162-b93a-45deb4ed8654', 'clarisworks-spreadsheet') ;
INSERT INTO `fpr_formatversion` (`replaces_id`, `enabled`, `lastmodified`, `uuid`, `format_id`, `version`, `pronom_id`, `description`, `access_format`, `preservation_format`, `slug`) VALUES (NULL, 1, '2015-05-15 04:13:26', 'ff9c54f1-24d8-457d-8662-a9e5488259c9', 'ef7b46f0-4ad3-4b9d-b6f5-8a2f6ed1d059', '4', 'fmt/740', 'CWK 4 Spreadsheet', 0, 0, 'cwk-4-spreadsheet') ;
INSERT INTO `fpr_format` (`uuid`, `description`, `group_id`, `slug`) VALUES ('78c38014-5893-4a30-a6ba-e593d8fb7eea', 'ClarisWorks Database', '00abbdd0-51b3-4162-b93a-45deb4ed8654', 'clarisworks-database') ;
INSERT INTO `fpr_formatversion` (`replaces_id`, `enabled`, `lastmodified`, `uuid`, `format_id`, `version`, `pronom_id`, `description`, `access_format`, `preservation_format`, `slug`) VALUES (NULL, 1, '2015-05-15 04:13:26', '01ee1398-254f-4909-975f-392d576fd407', '78c38014-5893-4a30-a6ba-e593d8fb7eea', '4', 'fmt/741', 'CWK 4 Database', 0, 0, 'cwk-4-database') ;
INSERT INTO `fpr_format` (`uuid`, `description`, `group_id`, `slug`) VALUES ('7fce1a02-a3a0-4df5-852c-05d2f56eebdb', 'ClarisWorks Painting', '00abbdd0-51b3-4162-b93a-45deb4ed8654', 'clarisworks-painting') ;
INSERT INTO `fpr_formatversion` (`replaces_id`, `enabled`, `lastmodified`, `uuid`, `format_id`, `version`, `pronom_id`, `description`, `access_format`, `preservation_format`, `slug`) VALUES (NULL, 1, '2015-05-15 04:13:26', '2dc5514f-ccd3-42dd-b7c5-3b70b8f9a31d', '7fce1a02-a3a0-4df5-852c-05d2f56eebdb', '4', 'fmt/742', 'CWK 4 Painting', 0, 0, 'cwk-4-painting') ;
INSERT INTO `fpr_format` (`uuid`, `description`, `group_id`, `slug`) VALUES ('58de5fd2-bb2d-40b5-9cc0-c58c119e318e', 'ClarisWorks/AppleWorks Drawing', '00abbdd0-51b3-4162-b93a-45deb4ed8654', 'clarisworksappleworks-drawing') ;
INSERT INTO `fpr_formatversion` (`replaces_id`, `enabled`, `lastmodified`, `uuid`, `format_id`, `version`, `pronom_id`, `description`, `access_format`, `preservation_format`, `slug`) VALUES (NULL, 1, '2015-05-15 04:13:26', 'e646b8e2-651c-4ece-8c84-bab520746bee', '58de5fd2-bb2d-40b5-9cc0-c58c119e318e', '5', 'fmt/743', 'CWK 5 Drawing', 0, 0, 'cwk-5-drawing') ;
INSERT INTO `fpr_format` (`uuid`, `description`, `group_id`, `slug`) VALUES ('d818e795-04a7-49f3-8dd5-6a1f8252757e', 'ClarisWorks/AppleWorks Word Processor', '00abbdd0-51b3-4162-b93a-45deb4ed8654', 'clarisworksappleworks-word-processor') ;
INSERT INTO `fpr_formatversion` (`replaces_id`, `enabled`, `lastmodified`, `uuid`, `format_id`, `version`, `pronom_id`, `description`, `access_format`, `preservation_format`, `slug`) VALUES (NULL, 1, '2015-05-15 04:13:26', '32a4f662-051f-43dc-a3e7-922fc16440b7', 'd818e795-04a7-49f3-8dd5-6a1f8252757e', '5', 'fmt/744', 'CWK 5 Word Processor', 0, 0, 'cwk-5-word-processor') ;
INSERT INTO `fpr_format` (`uuid`, `description`, `group_id`, `slug`) VALUES ('1a701bba-2e27-483c-91f3-bdf2465a155e', 'ClarisWorks/AppleWorks Spreadsheet', '00abbdd0-51b3-4162-b93a-45deb4ed8654', 'clarisworksappleworks-spreadsheet') ;
INSERT INTO `fpr_formatversion` (`replaces_id`, `enabled`, `lastmodified`, `uuid`, `format_id`, `version`, `pronom_id`, `description`, `access_format`, `preservation_format`, `slug`) VALUES (NULL, 1, '2015-05-15 04:13:26', '070f91ba-455e-43a1-96ff-bd7c970fed9c', '1a701bba-2e27-483c-91f3-bdf2465a155e', '5', 'fmt/745', 'CWK 5 Spreadsheet', 0, 0, 'cwk-5-spreadsheet') ;
INSERT INTO `fpr_format` (`uuid`, `description`, `group_id`, `slug`) VALUES ('d3c2957d-7d9f-483a-89c5-a8467a00ba07', 'ClarisWorks/AppleWorks Database', '00abbdd0-51b3-4162-b93a-45deb4ed8654', 'clarisworksappleworks-database') ;
INSERT INTO `fpr_formatversion` (`replaces_id`, `enabled`, `lastmodified`, `uuid`, `format_id`, `version`, `pronom_id`, `description`, `access_format`, `preservation_format`, `slug`) VALUES (NULL, 1, '2015-05-15 04:13:26', 'e83827a8-5e09-49dc-8afa-e786a1565cc8', 'd3c2957d-7d9f-483a-89c5-a8467a00ba07', '5', 'fmt/746', 'CWK 5 Database', 0, 0, 'cwk-5-database') ;
INSERT INTO `fpr_format` (`uuid`, `description`, `group_id`, `slug`) VALUES ('2c75f41c-867e-413d-9b43-3f8835cc7198', 'ClarisWorks/AppleWorks Painting', '00abbdd0-51b3-4162-b93a-45deb4ed8654', 'clarisworksappleworks-painting') ;
INSERT INTO `fpr_formatversion` (`replaces_id`, `enabled`, `lastmodified`, `uuid`, `format_id`, `version`, `pronom_id`, `description`, `access_format`, `preservation_format`, `slug`) VALUES (NULL, 1, '2015-05-15 04:13:26', '92c91202-5b1c-488f-8aa5-33f74a831d62', '2c75f41c-867e-413d-9b43-3f8835cc7198', '5', 'fmt/747', 'CWK 5 Painting', 0, 0, 'cwk-5-painting') ;
INSERT INTO `fpr_format` (`uuid`, `description`, `group_id`, `slug`) VALUES ('92bfd236-7b89-4db3-b818-82489fc89d88', 'AppleWorks Drawing', '00abbdd0-51b3-4162-b93a-45deb4ed8654', 'appleworks-drawing') ;
INSERT INTO `fpr_formatversion` (`replaces_id`, `enabled`, `lastmodified`, `uuid`, `format_id`, `version`, `pronom_id`, `description`, `access_format`, `preservation_format`, `slug`) VALUES (NULL, 1, '2015-05-15 04:13:26', 'aedf3181-779a-42b0-b6b2-4336cdec1127', '92bfd236-7b89-4db3-b818-82489fc89d88', '6', 'fmt/748', 'CWK 6 Drawing', 0, 0, 'cwk-6-drawing') ;
INSERT INTO `fpr_format` (`uuid`, `description`, `group_id`, `slug`) VALUES ('b7dae4df-29bf-4057-a159-509f569f7f44', 'AppleWorks Word Processor', '00abbdd0-51b3-4162-b93a-45deb4ed8654', 'appleworks-word-processor') ;
INSERT INTO `fpr_formatversion` (`replaces_id`, `enabled`, `lastmodified`, `uuid`, `format_id`, `version`, `pronom_id`, `description`, `access_format`, `preservation_format`, `slug`) VALUES (NULL, 1, '2015-05-15 04:13:26', '0dd8026d-2607-4136-aee2-5310a7e74cec', 'b7dae4df-29bf-4057-a159-509f569f7f44', '6', 'fmt/749', 'CWK 6 Word Processor', 0, 0, 'cwk-6-word-processor') ;
INSERT INTO `fpr_format` (`uuid`, `description`, `group_id`, `slug`) VALUES ('eb2b7cdb-6934-4b77-b0d2-38baf698f409', 'AppleWorks Spreadsheet', '00abbdd0-51b3-4162-b93a-45deb4ed8654', 'appleworks-spreadsheet') ;
INSERT INTO `fpr_formatversion` (`replaces_id`, `enabled`, `lastmodified`, `uuid`, `format_id`, `version`, `pronom_id`, `description`, `access_format`, `preservation_format`, `slug`) VALUES (NULL, 1, '2015-05-15 04:13:26', 'e70717bb-fdaf-491a-85f9-e01f7de02ca9', 'eb2b7cdb-6934-4b77-b0d2-38baf698f409', '6', 'fmt/750', 'CWK 6 Spreadsheet', 0, 0, 'cwk-6-spreadsheet') ;
INSERT INTO `fpr_format` (`uuid`, `description`, `group_id`, `slug`) VALUES ('07f1cda3-6d76-4b47-ba84-5d392acb3aa0', 'AppleWorks Database', '00abbdd0-51b3-4162-b93a-45deb4ed8654', 'appleworks-database') ;
INSERT INTO `fpr_formatversion` (`replaces_id`, `enabled`, `lastmodified`, `uuid`, `format_id`, `version`, `pronom_id`, `description`, `access_format`, `preservation_format`, `slug`) VALUES (NULL, 1, '2015-05-15 04:13:26', '66f98736-425c-4ecb-8f95-2002fc417d75', '07f1cda3-6d76-4b47-ba84-5d392acb3aa0', '6', 'fmt/751', 'CWK 6 Database', 0, 0, 'cwk-6-database') ;
INSERT INTO `fpr_format` (`uuid`, `description`, `group_id`, `slug`) VALUES ('dc594b5f-c3e9-4c4f-825e-54684af5f5b5', 'AppleWorks Painting', '00abbdd0-51b3-4162-b93a-45deb4ed8654', 'appleworks-painting') ;
INSERT INTO `fpr_formatversion` (`replaces_id`, `enabled`, `lastmodified`, `uuid`, `format_id`, `version`, `pronom_id`, `description`, `access_format`, `preservation_format`, `slug`) VALUES (NULL, 1, '2015-05-15 04:13:26', '1c321ac2-ff18-4562-b691-09f956c03586', 'dc594b5f-c3e9-4c4f-825e-54684af5f5b5', '6', 'fmt/752', 'CWK 6 Painting', 0, 0, 'cwk-6-painting') ;
INSERT INTO `fpr_format` (`uuid`, `description`, `group_id`, `slug`) VALUES ('319f3746-ecaa-494e-9e83-971b879a895c', 'AppleWorks Presentation', '00abbdd0-51b3-4162-b93a-45deb4ed8654', 'appleworks-presentation') ;
INSERT INTO `fpr_formatversion` (`replaces_id`, `enabled`, `lastmodified`, `uuid`, `format_id`, `version`, `pronom_id`, `description`, `access_format`, `preservation_format`, `slug`) VALUES (NULL, 1, '2015-05-15 04:13:26', 'd59e5611-3d9c-41a9-83e0-0a6b52f9ec8e', '319f3746-ecaa-494e-9e83-971b879a895c', '6', 'fmt/753', 'CWK 6 Presentation', 0, 0, 'cwk-6-presentation') ;
