-- Development changes to the FPR rules

-- Issue 6162

-- If script has a ; it should be a bashScript not a command, since command won't allow multiple commands in one
UPDATE fpr_fpcommand SET script_type='bashScript' WHERE command_usage ='event_detail' AND command LIKE '%;%';

-- End Issue 6162

-- Issue 5866 Characterization tools

-- New FITS command: runs FITS via the FPR instead of from archivematicaFITS.
-- This script is the default_characterization rule, so it gets called in the
-- case that no more specific rule is provided.
UPDATE `fpr_fpcommand` SET `replaces_id` = NULL, `enabled` = 0, `lastmodified` = '2013-11-15 01:18:36', `uuid` = '6537147f-4dd4-4950-8aff-5578db9a485d', `tool_id` = 'c5465b07-8dc7-475e-a5c9-ccb2ba2ed083', `description` = 'FITS', `command` = 'This is a placeholder command only, and should not be called.', `script_type` = 'as_is', `output_location` = '', `output_format_id` = 'd60e5243-692e-4af7-90cd-40c53cb8dc7d', `command_usage` = 'characterization', `verification_command_id` = NULL, `event_detail_command_id` = NULL WHERE `fpr_fpcommand`.`id` = 3;
INSERT INTO `fpr_fpcommand` (`replaces_id`, `enabled`, `lastmodified`, `uuid`, `tool_id`, `description`, `command`, `script_type`, `output_location`, `output_format_id`, `command_usage`, `verification_command_id`, `event_detail_command_id`) VALUES ('6537147f-4dd4-4950-8aff-5578db9a485d', 1, '2014-05-30 23:16:54', '183f6d5f-3a8e-4e5a-a6bc-948b9bfca176', 'c5465b07-8dc7-475e-a5c9-ccb2ba2ed083', 'FITS', 'fits.sh -i %relativeLocation%', 'command', NULL, 'd60e5243-692e-4af7-90cd-40c53cb8dc7d', 'characterization', NULL, NULL);
INSERT INTO `fpr_fprule` (`replaces_id`, `enabled`, `lastmodified`, `uuid`, `purpose`, `command_id`, `format_id`, `count_attempts`, `count_okay`, `count_not_okay`) VALUES (NULL, 1, '2014-05-30 23:53:13', '0eee2e2a-a31e-4b3e-a179-ef7211020c3b', 'default_characterization', '183f6d5f-3a8e-4e5a-a6bc-948b9bfca176', '0ab4cd40-90e7-4d75-b294-498177b3897d', 0, 0, 0);
-- /Issue 5866

-- Issue 6977 New FPR formats, commands, rules

-- New formats, formatversions, and ID rules;
-- these were all automatically imported from PRONOM.
INSERT INTO `fpr_format` (`uuid`, `description`, `group_id`, `slug`) VALUES ('b76ca95e-bf15-4e76-b5fc-c6277838e8ad', 'Microsoft Word for Macintosh Document', '00abbdd0-51b3-4162-b93a-45deb4ed8654', 'microsoft-word-for-macintosh-document');
INSERT INTO `fpr_formatversion` (`replaces_id`, `enabled`, `lastmodified`, `uuid`, `format_id`, `version`, `pronom_id`, `description`, `access_format`, `preservation_format`, `slug`) VALUES (NULL, 1, '2014-07-10 00:01:10', '2305d7e7-d83d-479c-adc4-264161199f98', 'b76ca95e-bf15-4e76-b5fc-c6277838e8ad', '3.0', 'x-fmt/1', 'Microsoft Word for Macintosh Document 3.0', 0, 0, 'microsoft-word-for-macintosh-document-30');
INSERT INTO `fpr_idrule` (`replaces_id`, `enabled`, `lastmodified`, `uuid`, `command_id`, `format_id`, `command_output`) VALUES (NULL, 1, '2014-07-10 00:01:10', 'ed4f0530-afde-4a56-b519-9024ea561477', '41efbe1b-3fc7-4b24-9290-d0fb5d0ea9e9', '2305d7e7-d83d-479c-adc4-264161199f98', '.mcw');
INSERT INTO `fpr_format` (`uuid`, `description`, `group_id`, `slug`) VALUES ('ad124114-5fe1-4bab-83a7-cfebbf5688f1', 'Online Description Tool Format', '00abbdd0-51b3-4162-b93a-45deb4ed8654', 'online-description-tool-format');
INSERT INTO `fpr_formatversion` (`replaces_id`, `enabled`, `lastmodified`, `uuid`, `format_id`, `version`, `pronom_id`, `description`, `access_format`, `preservation_format`, `slug`) VALUES (NULL, 1, '2014-07-10 00:01:10', '3af63142-2970-437d-ba27-759b4a077f72', 'ad124114-5fe1-4bab-83a7-cfebbf5688f1', NULL, 'x-fmt/3', 'Online Description Tool Format', 0, 0, 'online-description-tool-format');
INSERT INTO `fpr_format` (`uuid`, `description`, `group_id`, `slug`) VALUES ('b8776fc0-ae81-4b2e-837a-87abe3a5ca34', 'Write for Windows Document', '00abbdd0-51b3-4162-b93a-45deb4ed8654', 'write-for-windows-document');
INSERT INTO `fpr_formatversion` (`replaces_id`, `enabled`, `lastmodified`, `uuid`, `format_id`, `version`, `pronom_id`, `description`, `access_format`, `preservation_format`, `slug`) VALUES (NULL, 1, '2014-07-10 00:01:10', '72df166f-95da-447f-bf20-6ca0f39e4919', 'b8776fc0-ae81-4b2e-837a-87abe3a5ca34', '3.1', 'x-fmt/4', 'Write for Windows Document 3.1', 0, 0, 'write-for-windows-document-31');
INSERT INTO `fpr_idrule` (`replaces_id`, `enabled`, `lastmodified`, `uuid`, `command_id`, `format_id`, `command_output`) VALUES (NULL, 1, '2014-07-10 00:01:10', '365b980b-aa2d-415d-900c-1f78d4887728', '41efbe1b-3fc7-4b24-9290-d0fb5d0ea9e9', '72df166f-95da-447f-bf20-6ca0f39e4919', '.wri');
INSERT INTO `fpr_format` (`uuid`, `description`, `group_id`, `slug`) VALUES ('f816d218-5a0e-4252-b43c-9170781e50aa', 'Works for Macintosh Document', '00abbdd0-51b3-4162-b93a-45deb4ed8654', 'works-for-macintosh-document');
INSERT INTO `fpr_formatversion` (`replaces_id`, `enabled`, `lastmodified`, `uuid`, `format_id`, `version`, `pronom_id`, `description`, `access_format`, `preservation_format`, `slug`) VALUES (NULL, 1, '2014-07-10 00:01:10', 'cd432953-891c-4249-b2e7-95871f6bf136', 'f816d218-5a0e-4252-b43c-9170781e50aa', '4.0', 'x-fmt/5', 'Works for Macintosh Document', 0, 0, 'works-for-macintosh-document');
INSERT INTO `fpr_format` (`uuid`, `description`, `group_id`, `slug`) VALUES ('3a086089-bd6c-43a2-9348-6272c39c15f7', 'FoxPro Database', '00abbdd0-51b3-4162-b93a-45deb4ed8654', 'foxpro-database');
INSERT INTO `fpr_formatversion` (`replaces_id`, `enabled`, `lastmodified`, `uuid`, `format_id`, `version`, `pronom_id`, `description`, `access_format`, `preservation_format`, `slug`) VALUES (NULL, 1, '2014-07-10 00:01:10', '89facb55-77a9-4496-bfff-1f81ac8b47b1', '3a086089-bd6c-43a2-9348-6272c39c15f7', '2.0', 'x-fmt/6', 'FoxPro Database', 0, 0, 'foxpro-database');
INSERT INTO `fpr_idrule` (`replaces_id`, `enabled`, `lastmodified`, `uuid`, `command_id`, `format_id`, `command_output`) VALUES (NULL, 1, '2014-07-10 00:01:10', 'f1154d84-57f2-451c-a721-667b24ff83f7', '41efbe1b-3fc7-4b24-9290-d0fb5d0ea9e9', '89facb55-77a9-4496-bfff-1f81ac8b47b1', '.dbf');
INSERT INTO `fpr_formatversion` (`replaces_id`, `enabled`, `lastmodified`, `uuid`, `format_id`, `version`, `pronom_id`, `description`, `access_format`, `preservation_format`, `slug`) VALUES (NULL, 1, '2014-07-10 00:01:10', '48ad927b-ba3f-497d-91da-f49d0440f44e', '3a086089-bd6c-43a2-9348-6272c39c15f7', '2.5', 'x-fmt/7', 'FoxPro Database', 0, 0, 'foxpro-database-2');
INSERT INTO `fpr_format` (`uuid`, `description`, `group_id`, `slug`) VALUES ('3d5f23d8-9c09-42d1-b508-b66c178692c8', 'dBASE Database', '00abbdd0-51b3-4162-b93a-45deb4ed8654', 'dbase-database');
INSERT INTO `fpr_formatversion` (`replaces_id`, `enabled`, `lastmodified`, `uuid`, `format_id`, `version`, `pronom_id`, `description`, `access_format`, `preservation_format`, `slug`) VALUES (NULL, 1, '2014-07-10 00:01:10', '24fa786e-3824-4995-84c9-80435bc199aa', '3d5f23d8-9c09-42d1-b508-b66c178692c8', 'II', 'x-fmt/8', 'dBase Table Version II (date last updated (month (1-12), day (1-31), year)', 0, 0, 'dbase-table-version-ii-date-last-updated-month-1-1');
INSERT INTO `fpr_formatversion` (`replaces_id`, `enabled`, `lastmodified`, `uuid`, `format_id`, `version`, `pronom_id`, `description`, `access_format`, `preservation_format`, `slug`) VALUES (NULL, 1, '2014-07-10 00:01:10', 'c90f5e87-ac3e-4c5a-b6b9-66a082f6e56b', '3d5f23d8-9c09-42d1-b508-b66c178692c8', 'III', 'x-fmt/9', 'dBase Table Version III', 0, 0, 'dbase-table-version-iii');
INSERT INTO `fpr_formatversion` (`replaces_id`, `enabled`, `lastmodified`, `uuid`, `format_id`, `version`, `pronom_id`, `description`, `access_format`, `preservation_format`, `slug`) VALUES (NULL, 1, '2014-07-10 00:01:10', 'e06db6c0-32af-429b-8519-7355c28b1d9f', '3d5f23d8-9c09-42d1-b508-b66c178692c8', 'IV', 'x-fmt/10', 'dBASE Database IV without memo', 0, 0, 'dbase-database-iv-without-memo');
INSERT INTO `fpr_format` (`uuid`, `description`, `group_id`, `slug`) VALUES ('902ca31c-d82f-4deb-b79a-20d4e6bfa645', 'Revisable-Form-Text Document Content Architecture', '00abbdd0-51b3-4162-b93a-45deb4ed8654', 'revisable-form-text-document-content-architecture');
INSERT INTO `fpr_formatversion` (`replaces_id`, `enabled`, `lastmodified`, `uuid`, `format_id`, `version`, `pronom_id`, `description`, `access_format`, `preservation_format`, `slug`) VALUES (NULL, 1, '2014-07-10 00:01:10', 'fc993c6f-8361-4847-8a17-2b85424d48ef', '902ca31c-d82f-4deb-b79a-20d4e6bfa645', NULL, 'x-fmt/11', 'Revisable-Form-Text Document Content Architecture', 0, 0, 'revisable-form-text-document-content-architecture');
INSERT INTO `fpr_formatversion` (`replaces_id`, `enabled`, `lastmodified`, `uuid`, `format_id`, `version`, `pronom_id`, `description`, `access_format`, `preservation_format`, `slug`) VALUES (NULL, 1, '2014-07-10 00:01:10', '50fb2080-4188-41f5-80d2-07731e8b8fd9', 'b8776fc0-ae81-4b2e-837a-87abe3a5ca34', '3.0', 'x-fmt/12', 'Write for Windows Document 3.0', 0, 0, 'write-for-windows-document-30');
INSERT INTO `fpr_format` (`uuid`, `description`, `group_id`, `slug`) VALUES ('55863b1c-c645-4a4e-93bf-18b79de6e092', 'Tab-separated values', '00abbdd0-51b3-4162-b93a-45deb4ed8654', 'tab-separated-values');
INSERT INTO `fpr_formatversion` (`replaces_id`, `enabled`, `lastmodified`, `uuid`, `format_id`, `version`, `pronom_id`, `description`, `access_format`, `preservation_format`, `slug`) VALUES (NULL, 1, '2014-07-10 00:01:10', '1495fac5-ac0b-4cd0-bf13-8ff433274ff9', '55863b1c-c645-4a4e-93bf-18b79de6e092', NULL, 'x-fmt/13', 'Tab-separated values', 0, 0, 'tab-separated-values');
INSERT INTO `fpr_idrule` (`replaces_id`, `enabled`, `lastmodified`, `uuid`, `command_id`, `format_id`, `command_output`) VALUES (NULL, 1, '2014-07-10 00:01:10', '4dd46b26-7c9f-4bb0-8131-2324396dd81d', '41efbe1b-3fc7-4b24-9290-d0fb5d0ea9e9', '1495fac5-ac0b-4cd0-bf13-8ff433274ff9', '.tsv');
INSERT INTO `fpr_format` (`uuid`, `description`, `group_id`, `slug`) VALUES ('1fe5ebc0-3813-470d-a98b-2db245829aa9', 'Macintosh Text File', '00abbdd0-51b3-4162-b93a-45deb4ed8654', 'macintosh-text-file');
INSERT INTO `fpr_formatversion` (`replaces_id`, `enabled`, `lastmodified`, `uuid`, `format_id`, `version`, `pronom_id`, `description`, `access_format`, `preservation_format`, `slug`) VALUES (NULL, 1, '2014-07-10 00:01:10', 'd2f69d2c-53a2-40d8-b7ad-ef9cfea98c7f', '1fe5ebc0-3813-470d-a98b-2db245829aa9', NULL, 'x-fmt/14', 'Macintosh Text File', 0, 0, 'macintosh-text-file');
INSERT INTO `fpr_format` (`uuid`, `description`, `group_id`, `slug`) VALUES ('2b9dfcf4-7ead-4d0a-905d-6dcc8462f52b', 'MS-DOS Text File', '00abbdd0-51b3-4162-b93a-45deb4ed8654', 'ms-dos-text-file');
INSERT INTO `fpr_formatversion` (`replaces_id`, `enabled`, `lastmodified`, `uuid`, `format_id`, `version`, `pronom_id`, `description`, `access_format`, `preservation_format`, `slug`) VALUES (NULL, 1, '2014-07-10 00:01:10', 'fca17ff0-ec70-4100-bbfc-ef100fc8758c', '2b9dfcf4-7ead-4d0a-905d-6dcc8462f52b', NULL, 'x-fmt/15', 'MS-DOS Text File', 0, 0, 'ms-dos-text-file');
INSERT INTO `fpr_format` (`uuid`, `description`, `group_id`, `slug`) VALUES ('b8391ef4-e564-45a1-bdd6-ecb51f9d7642', 'Unicode Text File', '00abbdd0-51b3-4162-b93a-45deb4ed8654', 'unicode-text-file');
INSERT INTO `fpr_formatversion` (`replaces_id`, `enabled`, `lastmodified`, `uuid`, `format_id`, `version`, `pronom_id`, `description`, `access_format`, `preservation_format`, `slug`) VALUES (NULL, 1, '2014-07-10 00:01:10', '5512f647-42bd-4587-aaad-d7b50444e5e4', 'b8391ef4-e564-45a1-bdd6-ecb51f9d7642', NULL, 'x-fmt/16', 'Unicode Text File', 0, 0, 'unicode-text-file');
INSERT INTO `fpr_format` (`uuid`, `description`, `group_id`, `slug`) VALUES ('c40fb2d2-a117-4368-bacb-20c68b0273c4', 'Microsoft Excel Template', '00abbdd0-51b3-4162-b93a-45deb4ed8654', 'microsoft-excel-template');
INSERT INTO `fpr_formatversion` (`replaces_id`, `enabled`, `lastmodified`, `uuid`, `format_id`, `version`, `pronom_id`, `description`, `access_format`, `preservation_format`, `slug`) VALUES (NULL, 1, '2014-07-10 00:01:10', '0d7010dd-e5df-4e21-9df8-5f451e261625', 'c40fb2d2-a117-4368-bacb-20c68b0273c4', '2000', 'x-fmt/17', 'Microsoft Excel Template', 0, 0, 'microsoft-excel-template');
INSERT INTO `fpr_idrule` (`replaces_id`, `enabled`, `lastmodified`, `uuid`, `command_id`, `format_id`, `command_output`) VALUES (NULL, 1, '2014-07-10 00:01:10', '0489dc3a-45a9-435f-a6ad-64ad5fd79d87', '41efbe1b-3fc7-4b24-9290-d0fb5d0ea9e9', '0d7010dd-e5df-4e21-9df8-5f451e261625', '.xlt');
INSERT INTO `fpr_format` (`uuid`, `description`, `group_id`, `slug`) VALUES ('366bc17b-59cd-4826-907d-a0a45d84d73b', 'Paint Shop Pro Image', '00abbdd0-51b3-4162-b93a-45deb4ed8654', 'paint-shop-pro-image');
INSERT INTO `fpr_formatversion` (`replaces_id`, `enabled`, `lastmodified`, `uuid`, `format_id`, `version`, `pronom_id`, `description`, `access_format`, `preservation_format`, `slug`) VALUES (NULL, 1, '2014-07-10 00:01:10', '1abe6f8b-3b8d-4717-9ad7-544783810eb3', '366bc17b-59cd-4826-907d-a0a45d84d73b', NULL, 'x-fmt/19', '3D Studio', 0, 0, '3d-studio');
INSERT INTO `fpr_idrule` (`replaces_id`, `enabled`, `lastmodified`, `uuid`, `command_id`, `format_id`, `command_output`) VALUES (NULL, 1, '2014-07-10 00:01:10', '292f2d8c-9a7f-4aa3-8086-d2d873947742', '41efbe1b-3fc7-4b24-9290-d0fb5d0ea9e9', '1abe6f8b-3b8d-4717-9ad7-544783810eb3', '.3ds');
INSERT INTO `fpr_format` (`uuid`, `description`, `group_id`, `slug`) VALUES ('c5488a27-fef8-4338-9355-bbdde821c957', '7-bit ANSI Text', '00abbdd0-51b3-4162-b93a-45deb4ed8654', '7-bit-ansi-text');
INSERT INTO `fpr_formatversion` (`replaces_id`, `enabled`, `lastmodified`, `uuid`, `format_id`, `version`, `pronom_id`, `description`, `access_format`, `preservation_format`, `slug`) VALUES (NULL, 1, '2014-07-10 00:01:10', '79b12ae7-2184-4e35-a058-ded7d3953d17', 'c5488a27-fef8-4338-9355-bbdde821c957', NULL, 'x-fmt/21', '7-bit ANSI Text', 0, 0, '7-bit-ansi-text');
INSERT INTO `fpr_idrule` (`replaces_id`, `enabled`, `lastmodified`, `uuid`, `command_id`, `format_id`, `command_output`) VALUES (NULL, 1, '2014-07-10 00:01:10', '633d0319-4731-4a02-a2d5-0dfd1b0340fa', '41efbe1b-3fc7-4b24-9290-d0fb5d0ea9e9', '79b12ae7-2184-4e35-a058-ded7d3953d17', '.ans');
INSERT INTO `fpr_format` (`uuid`, `description`, `group_id`, `slug`) VALUES ('d3bccaa1-d0ef-4676-8721-fb042cac5fa7', '7-bit ASCII Text', '00abbdd0-51b3-4162-b93a-45deb4ed8654', '7-bit-ascii-text');
INSERT INTO `fpr_formatversion` (`replaces_id`, `enabled`, `lastmodified`, `uuid`, `format_id`, `version`, `pronom_id`, `description`, `access_format`, `preservation_format`, `slug`) VALUES (NULL, 1, '2014-07-10 00:01:10', '9d325dbb-f68e-42fa-9fb4-994f8be887fc', 'd3bccaa1-d0ef-4676-8721-fb042cac5fa7', NULL, 'x-fmt/22', '7-bit ASCII Text', 0, 0, '7-bit-ascii-text');
INSERT INTO `fpr_idrule` (`replaces_id`, `enabled`, `lastmodified`, `uuid`, `command_id`, `format_id`, `command_output`) VALUES (NULL, 1, '2014-07-10 00:01:10', '756d3d2a-75d9-4271-a7cc-2f59a1a11d74', '41efbe1b-3fc7-4b24-9290-d0fb5d0ea9e9', '9d325dbb-f68e-42fa-9fb4-994f8be887fc', '.asc');
INSERT INTO `fpr_format` (`uuid`, `description`, `group_id`, `slug`) VALUES ('cbad4def-5c9e-4e02-a554-1b2addbb02d1', 'Microsoft Excel Backup', '00abbdd0-51b3-4162-b93a-45deb4ed8654', 'microsoft-excel-backup');
INSERT INTO `fpr_formatversion` (`replaces_id`, `enabled`, `lastmodified`, `uuid`, `format_id`, `version`, `pronom_id`, `description`, `access_format`, `preservation_format`, `slug`) VALUES (NULL, 1, '2014-07-10 00:01:10', '57ab9a98-5d09-48c4-9032-cb7f2c6a229e', 'cbad4def-5c9e-4e02-a554-1b2addbb02d1', NULL, 'x-fmt/23', 'Microsoft Excel Backup', 0, 0, 'microsoft-excel-backup');
INSERT INTO `fpr_idrule` (`replaces_id`, `enabled`, `lastmodified`, `uuid`, `command_id`, `format_id`, `command_output`) VALUES (NULL, 1, '2014-07-10 00:01:10', 'ffd3c103-225c-42b5-8569-f6ce6aecdb51', '41efbe1b-3fc7-4b24-9290-d0fb5d0ea9e9', '57ab9a98-5d09-48c4-9032-cb7f2c6a229e', '.bak');
INSERT INTO `fpr_format` (`uuid`, `description`, `group_id`, `slug`) VALUES ('e05333d9-2b4d-48bc-944f-f9616caf9a33', 'AutoCAD Block Attribute Template', '00abbdd0-51b3-4162-b93a-45deb4ed8654', 'autocad-block-attribute-template');
INSERT INTO `fpr_formatversion` (`replaces_id`, `enabled`, `lastmodified`, `uuid`, `format_id`, `version`, `pronom_id`, `description`, `access_format`, `preservation_format`, `slug`) VALUES (NULL, 1, '2014-07-10 00:01:10', '5d46f069-d746-44b8-afe3-026dd506e0ce', 'e05333d9-2b4d-48bc-944f-f9616caf9a33', NULL, 'x-fmt/24', 'AutoCAD Block Attribute Template', 0, 0, 'autocad-block-attribute-template');
INSERT INTO `fpr_idrule` (`replaces_id`, `enabled`, `lastmodified`, `uuid`, `command_id`, `format_id`, `command_output`) VALUES (NULL, 1, '2014-07-10 00:01:10', 'f3750c40-9432-4607-a549-fd6fddd1c9cf', '41efbe1b-3fc7-4b24-9290-d0fb5d0ea9e9', '5d46f069-d746-44b8-afe3-026dd506e0ce', '.blk');
INSERT INTO `fpr_format` (`uuid`, `description`, `group_id`, `slug`) VALUES ('85041139-b887-4c9a-83f5-d0df35f623c5', 'OS/2 Bitmap', '00abbdd0-51b3-4162-b93a-45deb4ed8654', 'os2-bitmap');
INSERT INTO `fpr_formatversion` (`replaces_id`, `enabled`, `lastmodified`, `uuid`, `format_id`, `version`, `pronom_id`, `description`, `access_format`, `preservation_format`, `slug`) VALUES (NULL, 1, '2014-07-10 00:01:10', '5a4ccb7d-6643-4dd8-946b-a60abcda28a1', '85041139-b887-4c9a-83f5-d0df35f623c5', '1.0', 'x-fmt/25', 'OS/2 Bitmap', 0, 0, 'os2-bitmap');
INSERT INTO `fpr_format` (`uuid`, `description`, `group_id`, `slug`) VALUES ('ddeac7a7-fe6b-4203-9d1e-bc3cd655cc2c', 'AutoCAD Batch Plot File', '00abbdd0-51b3-4162-b93a-45deb4ed8654', 'autocad-batch-plot-file');
INSERT INTO `fpr_formatversion` (`replaces_id`, `enabled`, `lastmodified`, `uuid`, `format_id`, `version`, `pronom_id`, `description`, `access_format`, `preservation_format`, `slug`) VALUES (NULL, 1, '2014-07-10 00:01:10', '9ed5c8a3-4c95-48bd-be3a-ed6393f3730a', 'ddeac7a7-fe6b-4203-9d1e-bc3cd655cc2c', '1.0-R14', 'x-fmt/26', 'AutoCAD Batch Plot File', 0, 0, 'autocad-batch-plot-file');
INSERT INTO `fpr_idrule` (`replaces_id`, `enabled`, `lastmodified`, `uuid`, `command_id`, `format_id`, `command_output`) VALUES (NULL, 1, '2014-07-10 00:01:10', 'c35d02ae-2b09-4db5-9542-bf374601055b', '41efbe1b-3fc7-4b24-9290-d0fb5d0ea9e9', '9ed5c8a3-4c95-48bd-be3a-ed6393f3730a', '.bp2');
INSERT INTO `fpr_formatversion` (`replaces_id`, `enabled`, `lastmodified`, `uuid`, `format_id`, `version`, `pronom_id`, `description`, `access_format`, `preservation_format`, `slug`) VALUES (NULL, 1, '2014-07-10 00:01:10', '7922fa7a-7e55-48f5-83b9-4cad9f11c8f8', 'ddeac7a7-fe6b-4203-9d1e-bc3cd655cc2c', '2000-2005', 'x-fmt/27', 'AutoCAD Batch Plot File', 0, 0, 'autocad-batch-plot-file-2');
INSERT INTO `fpr_idrule` (`replaces_id`, `enabled`, `lastmodified`, `uuid`, `command_id`, `format_id`, `command_output`) VALUES (NULL, 1, '2014-07-10 00:01:10', '2818884c-e6f7-43f2-aff1-e914f1f13e12', '41efbe1b-3fc7-4b24-9290-d0fb5d0ea9e9', '7922fa7a-7e55-48f5-83b9-4cad9f11c8f8', '.bp3');
INSERT INTO `fpr_format` (`uuid`, `description`, `group_id`, `slug`) VALUES ('dbc28a9d-d477-4adc-87be-89ce4dc5d1ec', 'CALS Compressed Bitmap', '00abbdd0-51b3-4162-b93a-45deb4ed8654', 'cals-compressed-bitmap');
INSERT INTO `fpr_formatversion` (`replaces_id`, `enabled`, `lastmodified`, `uuid`, `format_id`, `version`, `pronom_id`, `description`, `access_format`, `preservation_format`, `slug`) VALUES (NULL, 1, '2014-07-10 00:01:10', '96e88fdc-0b5f-480a-bc05-b9548aad7b1b', 'dbc28a9d-d477-4adc-87be-89ce4dc5d1ec', NULL, 'x-fmt/28', 'CALS Compressed Bitmap', 0, 0, 'cals-compressed-bitmap');
INSERT INTO `fpr_idrule` (`replaces_id`, `enabled`, `lastmodified`, `uuid`, `command_id`, `format_id`, `command_output`) VALUES (NULL, 1, '2014-07-10 00:01:10', 'ea4b4d4a-8832-4c1d-bbf1-562a83775d5a', '41efbe1b-3fc7-4b24-9290-d0fb5d0ea9e9', '96e88fdc-0b5f-480a-bc05-b9548aad7b1b', '.cal');
INSERT INTO `fpr_format` (`uuid`, `description`, `group_id`, `slug`) VALUES ('ae029f61-d3f1-4252-8a13-2739a863d0e9', 'CorelDraw Drawing', '00abbdd0-51b3-4162-b93a-45deb4ed8654', 'coreldraw-drawing');
INSERT INTO `fpr_formatversion` (`replaces_id`, `enabled`, `lastmodified`, `uuid`, `format_id`, `version`, `pronom_id`, `description`, `access_format`, `preservation_format`, `slug`) VALUES (NULL, 1, '2014-07-10 00:01:10', 'eccec780-2187-4f7f-9ef6-63924f984bce', 'ae029f61-d3f1-4252-8a13-2739a863d0e9', '6.0', 'x-fmt/29', 'Corel Drawing Version 6.0', 0, 0, 'corel-drawing-version-60');
INSERT INTO `fpr_idrule` (`replaces_id`, `enabled`, `lastmodified`, `uuid`, `command_id`, `format_id`, `command_output`) VALUES (NULL, 1, '2014-07-10 00:01:10', '76aaa4d3-a6bb-4eb0-87dc-efeb03aebfb9', '41efbe1b-3fc7-4b24-9290-d0fb5d0ea9e9', 'eccec780-2187-4f7f-9ef6-63924f984bce', '.cdr');
INSERT INTO `fpr_format` (`uuid`, `description`, `group_id`, `slug`) VALUES ('329792ad-abcb-4e62-ad5b-3df563e8a915', 'CorelDraw Template', '00abbdd0-51b3-4162-b93a-45deb4ed8654', 'coreldraw-template');
INSERT INTO `fpr_formatversion` (`replaces_id`, `enabled`, `lastmodified`, `uuid`, `format_id`, `version`, `pronom_id`, `description`, `access_format`, `preservation_format`, `slug`) VALUES (NULL, 1, '2014-07-10 00:01:10', '52a839c3-515d-44c6-9e61-e7ecfe2168f2', '329792ad-abcb-4e62-ad5b-3df563e8a915', NULL, 'x-fmt/30', 'CorelDraw Template', 0, 0, 'coreldraw-template');
INSERT INTO `fpr_idrule` (`replaces_id`, `enabled`, `lastmodified`, `uuid`, `command_id`, `format_id`, `command_output`) VALUES (NULL, 1, '2014-07-10 00:01:10', '32d62848-3af5-4fda-a7f6-1503e1c0b2af', '41efbe1b-3fc7-4b24-9290-d0fb5d0ea9e9', '52a839c3-515d-44c6-9e61-e7ecfe2168f2', '.cdt');
INSERT INTO `fpr_format` (`uuid`, `description`, `group_id`, `slug`) VALUES ('3f257d02-2807-4feb-9d45-7000f5252525', 'CorelDraw Compressed Drawing', '00abbdd0-51b3-4162-b93a-45deb4ed8654', 'coreldraw-compressed-drawing');
INSERT INTO `fpr_formatversion` (`replaces_id`, `enabled`, `lastmodified`, `uuid`, `format_id`, `version`, `pronom_id`, `description`, `access_format`, `preservation_format`, `slug`) VALUES (NULL, 1, '2014-07-10 00:01:10', 'eb805c06-8b2e-40dc-b42e-bc48b5704020', '3f257d02-2807-4feb-9d45-7000f5252525', NULL, 'x-fmt/31', 'CorelDraw Compressed Drawing', 0, 0, 'coreldraw-compressed-drawing');
INSERT INTO `fpr_idrule` (`replaces_id`, `enabled`, `lastmodified`, `uuid`, `command_id`, `format_id`, `command_output`) VALUES (NULL, 1, '2014-07-10 00:01:10', 'c4aa2cda-50ec-45ee-97dc-c3d382ddb0a6', '41efbe1b-3fc7-4b24-9290-d0fb5d0ea9e9', 'eb805c06-8b2e-40dc-b42e-bc48b5704020', '.cdx');
INSERT INTO `fpr_format` (`uuid`, `description`, `group_id`, `slug`) VALUES ('f8909278-4860-4720-8c47-c18c7f6c57fc', 'Harvard Graphics Chart', '00abbdd0-51b3-4162-b93a-45deb4ed8654', 'harvard-graphics-chart');
INSERT INTO `fpr_formatversion` (`replaces_id`, `enabled`, `lastmodified`, `uuid`, `format_id`, `version`, `pronom_id`, `description`, `access_format`, `preservation_format`, `slug`) VALUES (NULL, 1, '2014-07-10 00:01:10', 'dd3b1196-ae8b-4946-8190-70120ce24b9d', 'f8909278-4860-4720-8c47-c18c7f6c57fc', '3.0', 'x-fmt/32', 'Harvard Graphics Chart 3.0', 0, 0, 'harvard-graphics-chart-30');
INSERT INTO `fpr_idrule` (`replaces_id`, `enabled`, `lastmodified`, `uuid`, `command_id`, `format_id`, `command_output`) VALUES (NULL, 1, '2014-07-10 00:01:10', '20a56d45-5520-4eca-b126-98e60753bdb1', '41efbe1b-3fc7-4b24-9290-d0fb5d0ea9e9', 'dd3b1196-ae8b-4946-8190-70120ce24b9d', '.ch3');
INSERT INTO `fpr_format` (`uuid`, `description`, `group_id`, `slug`) VALUES ('2055f9f5-23bb-4073-ba71-487a0f28950d', 'Corel R.A.V.E.', '00abbdd0-51b3-4162-b93a-45deb4ed8654', 'corel-rave');
INSERT INTO `fpr_formatversion` (`replaces_id`, `enabled`, `lastmodified`, `uuid`, `format_id`, `version`, `pronom_id`, `description`, `access_format`, `preservation_format`, `slug`) VALUES (NULL, 1, '2014-07-10 00:01:10', 'd4932118-153e-49b9-aeb6-44281ed0c07a', '2055f9f5-23bb-4073-ba71-487a0f28950d', '1', 'x-fmt/33', 'Corel R.A.V.E version 1', 0, 0, 'corel-rave-version-1');
INSERT INTO `fpr_idrule` (`replaces_id`, `enabled`, `lastmodified`, `uuid`, `command_id`, `format_id`, `command_output`) VALUES (NULL, 1, '2014-07-10 00:01:10', 'a8091251-3c42-4b9d-baaf-afa24296637d', '41efbe1b-3fc7-4b24-9290-d0fb5d0ea9e9', 'd4932118-153e-49b9-aeb6-44281ed0c07a', '.clk');
INSERT INTO `fpr_format` (`uuid`, `description`, `group_id`, `slug`) VALUES ('721bb006-f829-4c45-ad68-e3917a134a67', 'Corel Presentation Exchange File', '00abbdd0-51b3-4162-b93a-45deb4ed8654', 'corel-presentation-exchange-file');
INSERT INTO `fpr_formatversion` (`replaces_id`, `enabled`, `lastmodified`, `uuid`, `format_id`, `version`, `pronom_id`, `description`, `access_format`, `preservation_format`, `slug`) VALUES (NULL, 1, '2014-07-10 00:01:10', 'ac6c38d8-e9ca-4926-9e7e-21de25b59d1d', '721bb006-f829-4c45-ad68-e3917a134a67', '5.0', 'x-fmt/34', 'Corel Metafile Exchange Image (16 bit)', 0, 0, 'corel-metafile-exchange-image-16-bit');
INSERT INTO `fpr_idrule` (`replaces_id`, `enabled`, `lastmodified`, `uuid`, `command_id`, `format_id`, `command_output`) VALUES (NULL, 1, '2014-07-10 00:01:10', 'a9a39221-13c6-467d-95d9-49dfa2a63ec4', '41efbe1b-3fc7-4b24-9290-d0fb5d0ea9e9', 'ac6c38d8-e9ca-4926-9e7e-21de25b59d1d', '.cmx');
INSERT INTO `fpr_formatversion` (`replaces_id`, `enabled`, `lastmodified`, `uuid`, `format_id`, `version`, `pronom_id`, `description`, `access_format`, `preservation_format`, `slug`) VALUES (NULL, 1, '2014-07-10 00:01:10', '6250f68b-fd4b-4fcb-9291-cdae6bf58cb0', '721bb006-f829-4c45-ad68-e3917a134a67', '', 'x-fmt/35', 'Corel Metafile Exchange Image (32 bit)', 0, 0, 'corel-metafile-exchange-image-32-bit');
INSERT INTO `fpr_format` (`uuid`, `description`, `group_id`, `slug`) VALUES ('322556e3-c742-4a25-859a-bb384e0ce880', 'Corel CMX Compressed', '00abbdd0-51b3-4162-b93a-45deb4ed8654', 'corel-cmx-compressed');
INSERT INTO `fpr_formatversion` (`replaces_id`, `enabled`, `lastmodified`, `uuid`, `format_id`, `version`, `pronom_id`, `description`, `access_format`, `preservation_format`, `slug`) VALUES (NULL, 1, '2014-07-10 00:01:10', '665d001f-936c-48c7-bfc2-ba9c2f69133c', '322556e3-c742-4a25-859a-bb384e0ce880', NULL, 'x-fmt/36', 'Corel CMX Compressed', 0, 0, 'corel-cmx-compressed');
INSERT INTO `fpr_idrule` (`replaces_id`, `enabled`, `lastmodified`, `uuid`, `command_id`, `format_id`, `command_output`) VALUES (NULL, 1, '2014-07-10 00:01:10', '0f061583-130a-4269-aada-0eb465994ffd', '41efbe1b-3fc7-4b24-9290-d0fb5d0ea9e9', '665d001f-936c-48c7-bfc2-ba9c2f69133c', '.cpx');
INSERT INTO `fpr_format` (`uuid`, `description`, `group_id`, `slug`) VALUES ('fc34ebe1-bcd7-4adc-aa3b-7bdad2e9d6e9', 'AutoCAD Colour-Dependant Plot Style Table', '00abbdd0-51b3-4162-b93a-45deb4ed8654', 'autocad-colour-dependant-plot-style-table');
INSERT INTO `fpr_formatversion` (`replaces_id`, `enabled`, `lastmodified`, `uuid`, `format_id`, `version`, `pronom_id`, `description`, `access_format`, `preservation_format`, `slug`) VALUES (NULL, 1, '2014-07-10 00:01:10', '3340e6fd-6432-46a9-887e-b75971330fda', 'fc34ebe1-bcd7-4adc-aa3b-7bdad2e9d6e9', NULL, 'x-fmt/37', 'AutoCAD Color-Dependent Plot Style Table', 0, 0, 'autocad-color-dependent-plot-style-table');
INSERT INTO `fpr_idrule` (`replaces_id`, `enabled`, `lastmodified`, `uuid`, `command_id`, `format_id`, `command_output`) VALUES (NULL, 1, '2014-07-10 00:01:10', '46061587-ab26-4b69-8993-56c01ea9eee0', '41efbe1b-3fc7-4b24-9290-d0fb5d0ea9e9', '3340e6fd-6432-46a9-887e-b75971330fda', '.ctb');
INSERT INTO `fpr_format` (`uuid`, `description`, `group_id`, `slug`) VALUES ('523e8c60-ad0d-4186-bb12-5d87d2680f5e', 'AutoCAD Custom Dictionary', '00abbdd0-51b3-4162-b93a-45deb4ed8654', 'autocad-custom-dictionary');
INSERT INTO `fpr_formatversion` (`replaces_id`, `enabled`, `lastmodified`, `uuid`, `format_id`, `version`, `pronom_id`, `description`, `access_format`, `preservation_format`, `slug`) VALUES (NULL, 1, '2014-07-10 00:01:10', '8f848e67-891c-423c-acd8-1cf2c4cc469d', '523e8c60-ad0d-4186-bb12-5d87d2680f5e', NULL, 'x-fmt/38', 'AutoCAD Custom Dictionary', 0, 0, 'autocad-custom-dictionary');
INSERT INTO `fpr_idrule` (`replaces_id`, `enabled`, `lastmodified`, `uuid`, `command_id`, `format_id`, `command_output`) VALUES (NULL, 1, '2014-07-10 00:01:10', '1794dd51-4594-4275-9817-ac521868514f', '41efbe1b-3fc7-4b24-9290-d0fb5d0ea9e9', '8f848e67-891c-423c-acd8-1cf2c4cc469d', '.cus');
INSERT INTO `fpr_format` (`uuid`, `description`, `group_id`, `slug`) VALUES ('af097acc-95ca-422a-b106-ce19be02514e', 'AutoCAD dbConnect Query Set', '00abbdd0-51b3-4162-b93a-45deb4ed8654', 'autocad-dbconnect-query-set');
INSERT INTO `fpr_formatversion` (`replaces_id`, `enabled`, `lastmodified`, `uuid`, `format_id`, `version`, `pronom_id`, `description`, `access_format`, `preservation_format`, `slug`) VALUES (NULL, 1, '2014-07-10 00:01:10', 'cc4c11b2-3b1c-45c3-958f-52425d3b512f', 'af097acc-95ca-422a-b106-ce19be02514e', NULL, 'x-fmt/39', 'AutoCAD dbConnect Query Set', 0, 0, 'autocad-dbconnect-query-set');
INSERT INTO `fpr_idrule` (`replaces_id`, `enabled`, `lastmodified`, `uuid`, `command_id`, `format_id`, `command_output`) VALUES (NULL, 1, '2014-07-10 00:01:10', '0c3c7b03-3b15-4e54-82c8-e98ce27aa6a3', '41efbe1b-3fc7-4b24-9290-d0fb5d0ea9e9', 'cc4c11b2-3b1c-45c3-958f-52425d3b512f', '.dbq');
INSERT INTO `fpr_format` (`uuid`, `description`, `group_id`, `slug`) VALUES ('4b7cd48d-3dbe-4293-9dea-952867c199c2', 'AutoCAD dbConnect Template Set', '00abbdd0-51b3-4162-b93a-45deb4ed8654', 'autocad-dbconnect-template-set');
INSERT INTO `fpr_formatversion` (`replaces_id`, `enabled`, `lastmodified`, `uuid`, `format_id`, `version`, `pronom_id`, `description`, `access_format`, `preservation_format`, `slug`) VALUES (NULL, 1, '2014-07-10 00:01:10', '94784c50-5f5a-4f7c-b6ad-ec848e6e19d5', '4b7cd48d-3dbe-4293-9dea-952867c199c2', NULL, 'x-fmt/40', 'AutoCAD dbConnect Template Set', 0, 0, 'autocad-dbconnect-template-set');
INSERT INTO `fpr_idrule` (`replaces_id`, `enabled`, `lastmodified`, `uuid`, `command_id`, `format_id`, `command_output`) VALUES (NULL, 1, '2014-07-10 00:01:10', 'c1f03fc7-a226-49ea-b2ba-f819a5179511', '41efbe1b-3fc7-4b24-9290-d0fb5d0ea9e9', '94784c50-5f5a-4f7c-b6ad-ec848e6e19d5', '.dbt');
INSERT INTO `fpr_format` (`uuid`, `description`, `group_id`, `slug`) VALUES ('e89882ed-5984-4ea3-9e25-d322988ccbb9', 'Data Interchange Format', '00abbdd0-51b3-4162-b93a-45deb4ed8654', 'data-interchange-format');
INSERT INTO `fpr_formatversion` (`replaces_id`, `enabled`, `lastmodified`, `uuid`, `format_id`, `version`, `pronom_id`, `description`, `access_format`, `preservation_format`, `slug`) VALUES (NULL, 1, '2014-07-10 00:01:10', 'e055ac84-65d9-4c61-8f3f-5b228672ecd1', 'e89882ed-5984-4ea3-9e25-d322988ccbb9', NULL, 'x-fmt/41', 'Data Interchange Format', 0, 0, 'data-interchange-format');
INSERT INTO `fpr_idrule` (`replaces_id`, `enabled`, `lastmodified`, `uuid`, `command_id`, `format_id`, `command_output`) VALUES (NULL, 1, '2014-07-10 00:01:10', '0592fbfd-09ed-4648-9964-060304c712bd', '41efbe1b-3fc7-4b24-9290-d0fb5d0ea9e9', 'e055ac84-65d9-4c61-8f3f-5b228672ecd1', '.dif');
INSERT INTO `fpr_format` (`uuid`, `description`, `group_id`, `slug`) VALUES ('7975c259-19cd-48c2-8cfa-cc1ff4601578', 'Microsoft Excel ODBC Query', '00abbdd0-51b3-4162-b93a-45deb4ed8654', 'microsoft-excel-odbc-query');
INSERT INTO `fpr_formatversion` (`replaces_id`, `enabled`, `lastmodified`, `uuid`, `format_id`, `version`, `pronom_id`, `description`, `access_format`, `preservation_format`, `slug`) VALUES (NULL, 1, '2014-07-10 00:01:10', 'b5ad2e05-cd7f-49f3-a40f-01fa3916464c', '7975c259-19cd-48c2-8cfa-cc1ff4601578', NULL, 'x-fmt/46', 'Microsoft Excel ODBC Query', 0, 0, 'microsoft-excel-odbc-query');
INSERT INTO `fpr_idrule` (`replaces_id`, `enabled`, `lastmodified`, `uuid`, `command_id`, `format_id`, `command_output`) VALUES (NULL, 1, '2014-07-10 00:01:10', '88f8d4c8-8819-491c-aeb2-e1689ee77d9a', '41efbe1b-3fc7-4b24-9290-d0fb5d0ea9e9', 'b5ad2e05-cd7f-49f3-a40f-01fa3916464c', '.dqy');
INSERT INTO `fpr_format` (`uuid`, `description`, `group_id`, `slug`) VALUES ('6bba8a12-5101-433c-990d-6497d292b1b8', 'Micrografx Draw', '00abbdd0-51b3-4162-b93a-45deb4ed8654', 'micrografx-draw');
INSERT INTO `fpr_formatversion` (`replaces_id`, `enabled`, `lastmodified`, `uuid`, `format_id`, `version`, `pronom_id`, `description`, `access_format`, `preservation_format`, `slug`) VALUES (NULL, 1, '2014-07-10 00:01:10', 'cff4a166-1e25-4973-b0a5-2649e08a5b08', '6bba8a12-5101-433c-990d-6497d292b1b8', '2.0', 'x-fmt/47', 'Micrografx Draw', 0, 0, 'micrografx-draw');
INSERT INTO `fpr_idrule` (`replaces_id`, `enabled`, `lastmodified`, `uuid`, `command_id`, `format_id`, `command_output`) VALUES (NULL, 1, '2014-07-10 00:01:10', 'a10ac468-76ed-4d18-9327-fe4e0718f19f', '41efbe1b-3fc7-4b24-9290-d0fb5d0ea9e9', 'cff4a166-1e25-4973-b0a5-2649e08a5b08', '.drw');
INSERT INTO `fpr_format` (`uuid`, `description`, `group_id`, `slug`) VALUES ('2b43441b-989d-4036-a3ba-a4794dac8db8', 'Visual Basic Macro', '00abbdd0-51b3-4162-b93a-45deb4ed8654', 'visual-basic-macro');
INSERT INTO `fpr_formatversion` (`replaces_id`, `enabled`, `lastmodified`, `uuid`, `format_id`, `version`, `pronom_id`, `description`, `access_format`, `preservation_format`, `slug`) VALUES (NULL, 1, '2014-07-10 00:01:10', '029f5aad-682e-488d-ba6e-ae965372cb8f', '2b43441b-989d-4036-a3ba-a4794dac8db8', NULL, 'x-fmt/48', 'Visual Basic Macro', 0, 0, 'visual-basic-macro');
INSERT INTO `fpr_idrule` (`replaces_id`, `enabled`, `lastmodified`, `uuid`, `command_id`, `format_id`, `command_output`) VALUES (NULL, 1, '2014-07-10 00:01:10', '49951def-5d2a-40ff-921b-9bce3378ddb6', '41efbe1b-3fc7-4b24-9290-d0fb5d0ea9e9', '029f5aad-682e-488d-ba6e-ae965372cb8f', '.dvb');
INSERT INTO `fpr_format` (`uuid`, `description`, `group_id`, `slug`) VALUES ('4470519d-7c63-415a-b732-fa00f342e41e', 'AutoCAD Design Web Format', '00abbdd0-51b3-4162-b93a-45deb4ed8654', 'autocad-design-web-format');
INSERT INTO `fpr_formatversion` (`replaces_id`, `enabled`, `lastmodified`, `uuid`, `format_id`, `version`, `pronom_id`, `description`, `access_format`, `preservation_format`, `slug`) VALUES (NULL, 1, '2014-07-10 00:01:10', '352ca732-2749-4650-a340-ff291740eaa2', '4470519d-7c63-415a-b732-fa00f342e41e', '6.0', 'x-fmt/49', 'AutoCAD Design Web Format', 0, 0, 'autocad-design-web-format');
INSERT INTO `fpr_idrule` (`replaces_id`, `enabled`, `lastmodified`, `uuid`, `command_id`, `format_id`, `command_output`) VALUES (NULL, 1, '2014-07-10 00:01:10', 'acd216f1-ea59-4048-9159-1518205a2eb5', '41efbe1b-3fc7-4b24-9290-d0fb5d0ea9e9', '352ca732-2749-4650-a340-ff291740eaa2', '.dwf');
INSERT INTO `fpr_format` (`uuid`, `description`, `group_id`, `slug`) VALUES ('0256438e-f08d-4ff7-894a-7a34187fbca2', 'AutoCAD Drawing Standards File', '00abbdd0-51b3-4162-b93a-45deb4ed8654', 'autocad-drawing-standards-file');
INSERT INTO `fpr_formatversion` (`replaces_id`, `enabled`, `lastmodified`, `uuid`, `format_id`, `version`, `pronom_id`, `description`, `access_format`, `preservation_format`, `slug`) VALUES (NULL, 1, '2014-07-10 00:01:10', 'f8a227ff-e8d2-4fe1-83c5-2255280cb1bd', '0256438e-f08d-4ff7-894a-7a34187fbca2', NULL, 'x-fmt/50', 'AutoCAD Drawing Standards File', 0, 0, 'autocad-drawing-standards-file');
INSERT INTO `fpr_idrule` (`replaces_id`, `enabled`, `lastmodified`, `uuid`, `command_id`, `format_id`, `command_output`) VALUES (NULL, 1, '2014-07-10 00:01:10', '20d3dbbe-0cd6-4a9d-ae79-ee6832654478', '41efbe1b-3fc7-4b24-9290-d0fb5d0ea9e9', 'f8a227ff-e8d2-4fe1-83c5-2255280cb1bd', '.dws');
INSERT INTO `fpr_format` (`uuid`, `description`, `group_id`, `slug`) VALUES ('1c2156d3-de44-492b-b842-097b1a13ac7c', 'AutoCAD Drawing Template', '00abbdd0-51b3-4162-b93a-45deb4ed8654', 'autocad-drawing-template');
INSERT INTO `fpr_formatversion` (`replaces_id`, `enabled`, `lastmodified`, `uuid`, `format_id`, `version`, `pronom_id`, `description`, `access_format`, `preservation_format`, `slug`) VALUES (NULL, 1, '2014-07-10 00:01:10', 'def4dab2-acb4-4e8a-bb6f-00e142627d5e', '1c2156d3-de44-492b-b842-097b1a13ac7c', NULL, 'x-fmt/51', 'AutoCAD Drawing Template', 0, 0, 'autocad-drawing-template');
INSERT INTO `fpr_idrule` (`replaces_id`, `enabled`, `lastmodified`, `uuid`, `command_id`, `format_id`, `command_output`) VALUES (NULL, 1, '2014-07-10 00:01:10', '72bb4cef-b689-49a3-a71d-06ba39387239', '41efbe1b-3fc7-4b24-9290-d0fb5d0ea9e9', 'def4dab2-acb4-4e8a-bb6f-00e142627d5e', '.dwt');
INSERT INTO `fpr_format` (`uuid`, `description`, `group_id`, `slug`) VALUES ('b4e882b9-16ba-499d-a551-76904854cede', 'Drawing Interchange Format Style Extract', '00abbdd0-51b3-4162-b93a-45deb4ed8654', 'drawing-interchange-format-style-extract');
INSERT INTO `fpr_formatversion` (`replaces_id`, `enabled`, `lastmodified`, `uuid`, `format_id`, `version`, `pronom_id`, `description`, `access_format`, `preservation_format`, `slug`) VALUES (NULL, 1, '2014-07-10 00:01:10', '0990fce5-377f-4f6f-a94b-bb7a86af5562', 'b4e882b9-16ba-499d-a551-76904854cede', NULL, 'x-fmt/52', 'Drawing Interchange Format Style Extract', 0, 0, 'drawing-interchange-format-style-extract');
INSERT INTO `fpr_idrule` (`replaces_id`, `enabled`, `lastmodified`, `uuid`, `command_id`, `format_id`, `command_output`) VALUES (NULL, 1, '2014-07-10 00:01:10', 'dac55f22-29ac-47b8-add2-79c5d2cb28b0', '41efbe1b-3fc7-4b24-9290-d0fb5d0ea9e9', '0990fce5-377f-4f6f-a94b-bb7a86af5562', '.dxx');
INSERT INTO `fpr_format` (`uuid`, `description`, `group_id`, `slug`) VALUES ('a162f581-6924-42de-868f-57f26cd761b7', 'Macromedia Freehand', '00abbdd0-51b3-4162-b93a-45deb4ed8654', 'macromedia-freehand');
INSERT INTO `fpr_formatversion` (`replaces_id`, `enabled`, `lastmodified`, `uuid`, `format_id`, `version`, `pronom_id`, `description`, `access_format`, `preservation_format`, `slug`) VALUES (NULL, 1, '2014-07-10 00:01:10', '02768309-3e54-48ea-830d-1ddd0bae8083', 'a162f581-6924-42de-868f-57f26cd761b7', '5', 'x-fmt/53', 'FreeHand 5', 0, 0, 'freehand-5');
INSERT INTO `fpr_idrule` (`replaces_id`, `enabled`, `lastmodified`, `uuid`, `command_id`, `format_id`, `command_output`) VALUES (NULL, 1, '2014-07-10 00:01:10', '49004143-126a-4a5c-b689-fb436dcc6025', '41efbe1b-3fc7-4b24-9290-d0fb5d0ea9e9', '02768309-3e54-48ea-830d-1ddd0bae8083', '.fh5');
INSERT INTO `fpr_format` (`uuid`, `description`, `group_id`, `slug`) VALUES ('8a255f70-1a34-41e1-9ce8-a7d9f6ca3652', 'AutoCAD Font Mapping Table', '00abbdd0-51b3-4162-b93a-45deb4ed8654', 'autocad-font-mapping-table');
INSERT INTO `fpr_formatversion` (`replaces_id`, `enabled`, `lastmodified`, `uuid`, `format_id`, `version`, `pronom_id`, `description`, `access_format`, `preservation_format`, `slug`) VALUES (NULL, 1, '2014-07-10 00:01:10', '045d5c1e-841b-407d-9f38-649c1274a3c5', '8a255f70-1a34-41e1-9ce8-a7d9f6ca3652', NULL, 'x-fmt/54', 'AutoCAD Font Mapping Table', 0, 0, 'autocad-font-mapping-table');
INSERT INTO `fpr_idrule` (`replaces_id`, `enabled`, `lastmodified`, `uuid`, `command_id`, `format_id`, `command_output`) VALUES (NULL, 1, '2014-07-10 00:01:10', 'fa8ed2bc-550d-49b7-85bd-127f804f8abc', '41efbe1b-3fc7-4b24-9290-d0fb5d0ea9e9', '045d5c1e-841b-407d-9f38-649c1274a3c5', '.fmp');
INSERT INTO `fpr_format` (`uuid`, `description`, `group_id`, `slug`) VALUES ('fc044109-0ab6-4c4b-adc0-ea25e0304e77', 'Frame Vector Metafile', '00abbdd0-51b3-4162-b93a-45deb4ed8654', 'frame-vector-metafile');
INSERT INTO `fpr_formatversion` (`replaces_id`, `enabled`, `lastmodified`, `uuid`, `format_id`, `version`, `pronom_id`, `description`, `access_format`, `preservation_format`, `slug`) VALUES (NULL, 1, '2014-07-10 00:01:10', 'bfd428a8-c4fc-48e6-9a6a-b38d8ad0ea19', 'fc044109-0ab6-4c4b-adc0-ea25e0304e77', NULL, 'x-fmt/55', 'Frame Vector Metafile', 0, 0, 'frame-vector-metafile');
INSERT INTO `fpr_idrule` (`replaces_id`, `enabled`, `lastmodified`, `uuid`, `command_id`, `format_id`, `command_output`) VALUES (NULL, 1, '2014-07-10 00:01:10', 'e4bd25f5-4dd6-4800-9f04-66339219ecba', '41efbe1b-3fc7-4b24-9290-d0fb5d0ea9e9', 'bfd428a8-c4fc-48e6-9a6a-b38d8ad0ea19', '.fmv');
INSERT INTO `fpr_format` (`uuid`, `description`, `group_id`, `slug`) VALUES ('539d6345-dd43-4024-9ebf-8eaa5a8abe6c', 'Kodak FlashPix Image', '00abbdd0-51b3-4162-b93a-45deb4ed8654', 'kodak-flashpix-image');
INSERT INTO `fpr_formatversion` (`replaces_id`, `enabled`, `lastmodified`, `uuid`, `format_id`, `version`, `pronom_id`, `description`, `access_format`, `preservation_format`, `slug`) VALUES (NULL, 1, '2014-07-10 00:01:10', '8dee29c3-5ae8-485a-90ce-4b52509cedb0', '539d6345-dd43-4024-9ebf-8eaa5a8abe6c', NULL, 'x-fmt/56', 'Kodak FlashPix Image', 0, 0, 'kodak-flashpix-image');
INSERT INTO `fpr_idrule` (`replaces_id`, `enabled`, `lastmodified`, `uuid`, `command_id`, `format_id`, `command_output`) VALUES (NULL, 1, '2014-07-10 00:01:10', '49f809d4-087c-4471-9a44-b7aac673f2b8', '41efbe1b-3fc7-4b24-9290-d0fb5d0ea9e9', '8dee29c3-5ae8-485a-90ce-4b52509cedb0', '.fpx');
INSERT INTO `fpr_format` (`uuid`, `description`, `group_id`, `slug`) VALUES ('8816a7a3-8f64-47cb-900b-bbf623df71a4', 'Ventura Publisher Vector Graphics', '00abbdd0-51b3-4162-b93a-45deb4ed8654', 'ventura-publisher-vector-graphics');
INSERT INTO `fpr_formatversion` (`replaces_id`, `enabled`, `lastmodified`, `uuid`, `format_id`, `version`, `pronom_id`, `description`, `access_format`, `preservation_format`, `slug`) VALUES (NULL, 1, '2014-07-10 00:01:10', '5b71f39d-64c9-4d28-b2ec-08b2d24b13a7', '8816a7a3-8f64-47cb-900b-bbf623df71a4', NULL, 'x-fmt/57', 'Ventura Publisher Vector Graphics', 0, 0, 'ventura-publisher-vector-graphics');
INSERT INTO `fpr_idrule` (`replaces_id`, `enabled`, `lastmodified`, `uuid`, `command_id`, `format_id`, `command_output`) VALUES (NULL, 1, '2014-07-10 00:01:10', '0078cabb-583a-422c-b264-1a2504e66e55', '41efbe1b-3fc7-4b24-9290-d0fb5d0ea9e9', '5b71f39d-64c9-4d28-b2ec-08b2d24b13a7', '.gem');
INSERT INTO `fpr_format` (`uuid`, `description`, `group_id`, `slug`) VALUES ('d2035ab5-134b-4115-86f7-190f3ccea8f6', 'Microsoft Excel Web Query', '00abbdd0-51b3-4162-b93a-45deb4ed8654', 'microsoft-excel-web-query');
INSERT INTO `fpr_formatversion` (`replaces_id`, `enabled`, `lastmodified`, `uuid`, `format_id`, `version`, `pronom_id`, `description`, `access_format`, `preservation_format`, `slug`) VALUES (NULL, 1, '2014-07-10 00:01:10', '78cb8402-f231-4a2e-8547-68bdbfb5bb8c', 'd2035ab5-134b-4115-86f7-190f3ccea8f6', NULL, 'x-fmt/58', 'Microsoft Excel Web Query', 0, 0, 'microsoft-excel-web-query');
INSERT INTO `fpr_idrule` (`replaces_id`, `enabled`, `lastmodified`, `uuid`, `command_id`, `format_id`, `command_output`) VALUES (NULL, 1, '2014-07-10 00:01:10', '8af48860-6597-4b0b-89eb-99a40046c279', '41efbe1b-3fc7-4b24-9290-d0fb5d0ea9e9', '78cb8402-f231-4a2e-8547-68bdbfb5bb8c', '.iqy');
INSERT INTO `fpr_format` (`uuid`, `description`, `group_id`, `slug`) VALUES ('623177f2-850b-4923-8caf-78c4e4a0ac02', 'AutoCAD Last Saved Layer State', '00abbdd0-51b3-4162-b93a-45deb4ed8654', 'autocad-last-saved-layer-state');
INSERT INTO `fpr_formatversion` (`replaces_id`, `enabled`, `lastmodified`, `uuid`, `format_id`, `version`, `pronom_id`, `description`, `access_format`, `preservation_format`, `slug`) VALUES (NULL, 1, '2014-07-10 00:01:10', '876214d8-21f1-4b11-a095-7de406b73d1e', '623177f2-850b-4923-8caf-78c4e4a0ac02', NULL, 'x-fmt/59', 'AutoCAD Last Saved Layer State', 0, 0, 'autocad-last-saved-layer-state');
INSERT INTO `fpr_idrule` (`replaces_id`, `enabled`, `lastmodified`, `uuid`, `command_id`, `format_id`, `command_output`) VALUES (NULL, 1, '2014-07-10 00:01:10', 'c0919832-72eb-4ed5-b482-79fd60a0e6b6', '41efbe1b-3fc7-4b24-9290-d0fb5d0ea9e9', '876214d8-21f1-4b11-a095-7de406b73d1e', '.las');
INSERT INTO `fpr_format` (`uuid`, `description`, `group_id`, `slug`) VALUES ('0a8f6ac0-c774-4cf1-86b2-97f743a30410', 'AutoCAD Linetype Definition File', '00abbdd0-51b3-4162-b93a-45deb4ed8654', 'autocad-linetype-definition-file');
INSERT INTO `fpr_formatversion` (`replaces_id`, `enabled`, `lastmodified`, `uuid`, `format_id`, `version`, `pronom_id`, `description`, `access_format`, `preservation_format`, `slug`) VALUES (NULL, 1, '2014-07-10 00:01:10', '4c46f535-35df-4537-92ec-d803c93cdf77', '0a8f6ac0-c774-4cf1-86b2-97f743a30410', NULL, 'x-fmt/60', 'AutoCAD Linetype Definition File', 0, 0, 'autocad-linetype-definition-file');
INSERT INTO `fpr_idrule` (`replaces_id`, `enabled`, `lastmodified`, `uuid`, `command_id`, `format_id`, `command_output`) VALUES (NULL, 1, '2014-07-10 00:01:10', '9aaaef6c-74ac-44b4-abb7-6f144d5285c3', '41efbe1b-3fc7-4b24-9290-d0fb5d0ea9e9', '4c46f535-35df-4537-92ec-d803c93cdf77', '.lin');
INSERT INTO `fpr_format` (`uuid`, `description`, `group_id`, `slug`) VALUES ('4914aa59-4645-4958-93e1-8c822996dcfc', 'AutoCAD Landscape Library', '00abbdd0-51b3-4162-b93a-45deb4ed8654', 'autocad-landscape-library');
INSERT INTO `fpr_formatversion` (`replaces_id`, `enabled`, `lastmodified`, `uuid`, `format_id`, `version`, `pronom_id`, `description`, `access_format`, `preservation_format`, `slug`) VALUES (NULL, 1, '2014-07-10 00:01:10', '6d23b111-3020-4a12-8d06-cfdbefca073d', '4914aa59-4645-4958-93e1-8c822996dcfc', NULL, 'x-fmt/61', 'AutoCAD Landscape Library', 0, 0, 'autocad-landscape-library');
INSERT INTO `fpr_idrule` (`replaces_id`, `enabled`, `lastmodified`, `uuid`, `command_id`, `format_id`, `command_output`) VALUES (NULL, 1, '2014-07-10 00:01:10', '17372992-10cf-456f-9736-78cf904e6b61', '41efbe1b-3fc7-4b24-9290-d0fb5d0ea9e9', '6d23b111-3020-4a12-8d06-cfdbefca073d', '.lli');
INSERT INTO `fpr_format` (`uuid`, `description`, `group_id`, `slug`) VALUES ('c6dac7f5-996d-42a3-ab31-9bcf99c96a2e', 'AutoLISP File', '00abbdd0-51b3-4162-b93a-45deb4ed8654', 'autolisp-file');
INSERT INTO `fpr_formatversion` (`replaces_id`, `enabled`, `lastmodified`, `uuid`, `format_id`, `version`, `pronom_id`, `description`, `access_format`, `preservation_format`, `slug`) VALUES (NULL, 1, '2014-07-10 00:01:10', '3165ed00-8314-4b74-a756-79887f534f89', 'c6dac7f5-996d-42a3-ab31-9bcf99c96a2e', NULL, 'x-fmt/63', 'AutoLISP File', 0, 0, 'autolisp-file');
INSERT INTO `fpr_idrule` (`replaces_id`, `enabled`, `lastmodified`, `uuid`, `command_id`, `format_id`, `command_output`) VALUES (NULL, 1, '2014-07-10 00:01:10', 'ffbe8b4f-a897-4289-969b-21e2207acb01', '41efbe1b-3fc7-4b24-9290-d0fb5d0ea9e9', '3165ed00-8314-4b74-a756-79887f534f89', '.lsp');
INSERT INTO `fpr_formatversion` (`replaces_id`, `enabled`, `lastmodified`, `uuid`, `format_id`, `version`, `pronom_id`, `description`, `access_format`, `preservation_format`, `slug`) VALUES (NULL, 1, '2014-07-10 00:01:10', '10d177f0-0a01-4e19-bfb6-784fa658d282', 'b76ca95e-bf15-4e76-b5fc-c6277838e8ad', '4.0', 'x-fmt/64', 'Microsoft Word for Macintosh Document 4.0', 0, 0, 'microsoft-word-for-macintosh-document-40');
INSERT INTO `fpr_formatversion` (`replaces_id`, `enabled`, `lastmodified`, `uuid`, `format_id`, `version`, `pronom_id`, `description`, `access_format`, `preservation_format`, `slug`) VALUES (NULL, 1, '2014-07-10 00:01:10', 'efac5edf-acba-44e5-9cf7-41288dc52ec7', 'b76ca95e-bf15-4e76-b5fc-c6277838e8ad', '5.0', 'x-fmt/65', 'Microsoft Word for Macintosh Document 5.0', 0, 0, 'microsoft-word-for-macintosh-document-50');
INSERT INTO `fpr_format` (`uuid`, `description`, `group_id`, `slug`) VALUES ('db2287bd-4ca0-4e91-9a2e-17ab4dfd1c9b', 'Microsoft Access Database', '00abbdd0-51b3-4162-b93a-45deb4ed8654', 'microsoft-access-database');
INSERT INTO `fpr_formatversion` (`replaces_id`, `enabled`, `lastmodified`, `uuid`, `format_id`, `version`, `pronom_id`, `description`, `access_format`, `preservation_format`, `slug`) VALUES (NULL, 1, '2014-07-10 00:01:10', '76b9154b-a225-49a7-b164-515c863a7512', 'db2287bd-4ca0-4e91-9a2e-17ab4dfd1c9b', '2.0', 'x-fmt/66', 'MS Access 2.0', 0, 0, 'ms-access-20');
INSERT INTO `fpr_idrule` (`replaces_id`, `enabled`, `lastmodified`, `uuid`, `command_id`, `format_id`, `command_output`) VALUES (NULL, 1, '2014-07-10 00:01:11', '31e0dde9-d8d7-4648-bea7-a4db856a38dd', '41efbe1b-3fc7-4b24-9290-d0fb5d0ea9e9', '76b9154b-a225-49a7-b164-515c863a7512', '.mdb');
INSERT INTO `fpr_format` (`uuid`, `description`, `group_id`, `slug`) VALUES ('7ef496bf-d247-47a1-8bdc-d9cca09b1fbb', 'Met Metafile', '00abbdd0-51b3-4162-b93a-45deb4ed8654', 'met-metafile');
INSERT INTO `fpr_formatversion` (`replaces_id`, `enabled`, `lastmodified`, `uuid`, `format_id`, `version`, `pronom_id`, `description`, `access_format`, `preservation_format`, `slug`) VALUES (NULL, 1, '2014-07-10 00:01:11', 'c2c97763-81af-46a0-bebb-f8a3fdfc21f7', '7ef496bf-d247-47a1-8bdc-d9cca09b1fbb', NULL, 'x-fmt/67', 'Met Metafile', 0, 0, 'met-metafile');
INSERT INTO `fpr_idrule` (`replaces_id`, `enabled`, `lastmodified`, `uuid`, `command_id`, `format_id`, `command_output`) VALUES (NULL, 1, '2014-07-10 00:01:11', '434b6fed-a09b-4d98-ace5-87be6a958151', '41efbe1b-3fc7-4b24-9290-d0fb5d0ea9e9', 'c2c97763-81af-46a0-bebb-f8a3fdfc21f7', '.met');
INSERT INTO `fpr_format` (`uuid`, `description`, `group_id`, `slug`) VALUES ('aa900810-b6c9-443e-b090-55d3ee34a23b', 'AutoCAD Compiled Menu', '00abbdd0-51b3-4162-b93a-45deb4ed8654', 'autocad-compiled-menu');
INSERT INTO `fpr_formatversion` (`replaces_id`, `enabled`, `lastmodified`, `uuid`, `format_id`, `version`, `pronom_id`, `description`, `access_format`, `preservation_format`, `slug`) VALUES (NULL, 1, '2014-07-10 00:01:11', '0886ceff-05df-49d3-8b55-b6a0e198f9b1', 'aa900810-b6c9-443e-b090-55d3ee34a23b', NULL, 'x-fmt/68', 'AutoCAD Compiled Menu', 0, 0, 'autocad-compiled-menu');
INSERT INTO `fpr_idrule` (`replaces_id`, `enabled`, `lastmodified`, `uuid`, `command_id`, `format_id`, `command_output`) VALUES (NULL, 1, '2014-07-10 00:01:11', '226b58ef-d71b-4979-9d07-3e4ca2df6c7b', '41efbe1b-3fc7-4b24-9290-d0fb5d0ea9e9', '0886ceff-05df-49d3-8b55-b6a0e198f9b1', '.mnc');
INSERT INTO `fpr_format` (`uuid`, `description`, `group_id`, `slug`) VALUES ('7ae69a6a-f407-4823-bf22-8f842229a0ee', 'AutoLISP Menu Source File', '00abbdd0-51b3-4162-b93a-45deb4ed8654', 'autolisp-menu-source-file');
INSERT INTO `fpr_formatversion` (`replaces_id`, `enabled`, `lastmodified`, `uuid`, `format_id`, `version`, `pronom_id`, `description`, `access_format`, `preservation_format`, `slug`) VALUES (NULL, 1, '2014-07-10 00:01:11', 'a115f898-c2a6-48a8-bb76-4d487b934e18', '7ae69a6a-f407-4823-bf22-8f842229a0ee', NULL, 'x-fmt/69', 'AutoLISP Menu Source File', 0, 0, 'autolisp-menu-source-file');
INSERT INTO `fpr_idrule` (`replaces_id`, `enabled`, `lastmodified`, `uuid`, `command_id`, `format_id`, `command_output`) VALUES (NULL, 1, '2014-07-10 00:01:11', 'd8a718f9-4039-472c-82dc-6bfcc1381e81', '41efbe1b-3fc7-4b24-9290-d0fb5d0ea9e9', 'a115f898-c2a6-48a8-bb76-4d487b934e18', '.mnl');
INSERT INTO `fpr_format` (`uuid`, `description`, `group_id`, `slug`) VALUES ('f50875da-284a-4bfc-83d6-e5a2ca22dbe5', 'AutoCAD Menu Resource File', '00abbdd0-51b3-4162-b93a-45deb4ed8654', 'autocad-menu-resource-file');
INSERT INTO `fpr_formatversion` (`replaces_id`, `enabled`, `lastmodified`, `uuid`, `format_id`, `version`, `pronom_id`, `description`, `access_format`, `preservation_format`, `slug`) VALUES (NULL, 1, '2014-07-10 00:01:11', '782a61a0-ef38-44d3-a90e-4c35b3e22245', 'f50875da-284a-4bfc-83d6-e5a2ca22dbe5', NULL, 'x-fmt/70', 'AutoCAD Menu Resource File', 0, 0, 'autocad-menu-resource-file');
INSERT INTO `fpr_idrule` (`replaces_id`, `enabled`, `lastmodified`, `uuid`, `command_id`, `format_id`, `command_output`) VALUES (NULL, 1, '2014-07-10 00:01:11', '1b05abd2-9635-41e5-ac48-1d5df6edd076', '41efbe1b-3fc7-4b24-9290-d0fb5d0ea9e9', '782a61a0-ef38-44d3-a90e-4c35b3e22245', '.mnr');
INSERT INTO `fpr_format` (`uuid`, `description`, `group_id`, `slug`) VALUES ('42af46c8-25c9-42d1-8d5a-46579ac72504', 'AutoCAD Source Menu File', '00abbdd0-51b3-4162-b93a-45deb4ed8654', 'autocad-source-menu-file');
INSERT INTO `fpr_formatversion` (`replaces_id`, `enabled`, `lastmodified`, `uuid`, `format_id`, `version`, `pronom_id`, `description`, `access_format`, `preservation_format`, `slug`) VALUES (NULL, 1, '2014-07-10 00:01:11', '42295a56-b270-466c-b7b6-8d27f2ae85af', '42af46c8-25c9-42d1-8d5a-46579ac72504', NULL, 'x-fmt/71', 'AutoCAD Source Menu File', 0, 0, 'autocad-source-menu-file');
INSERT INTO `fpr_idrule` (`replaces_id`, `enabled`, `lastmodified`, `uuid`, `command_id`, `format_id`, `command_output`) VALUES (NULL, 1, '2014-07-10 00:01:11', '0b661034-db82-4395-b7d2-dc0c00ac4f41', '41efbe1b-3fc7-4b24-9290-d0fb5d0ea9e9', '42295a56-b270-466c-b7b6-8d27f2ae85af', '.mns');
INSERT INTO `fpr_format` (`uuid`, `description`, `group_id`, `slug`) VALUES ('4cb00360-6648-4e71-8be0-2a994e41ed3e', 'AutoCAD Template Menu File', '00abbdd0-51b3-4162-b93a-45deb4ed8654', 'autocad-template-menu-file');
INSERT INTO `fpr_formatversion` (`replaces_id`, `enabled`, `lastmodified`, `uuid`, `format_id`, `version`, `pronom_id`, `description`, `access_format`, `preservation_format`, `slug`) VALUES (NULL, 1, '2014-07-10 00:01:11', '24e67972-da3b-406c-a2bb-2ecbe1bc7abf', '4cb00360-6648-4e71-8be0-2a994e41ed3e', NULL, 'x-fmt/72', 'AutoCAD Template Menu File', 0, 0, 'autocad-template-menu-file');
INSERT INTO `fpr_idrule` (`replaces_id`, `enabled`, `lastmodified`, `uuid`, `command_id`, `format_id`, `command_output`) VALUES (NULL, 1, '2014-07-10 00:01:11', '9c15b0f1-4a2d-4cc2-9b6e-5030ec1a5e0c', '41efbe1b-3fc7-4b24-9290-d0fb5d0ea9e9', '24e67972-da3b-406c-a2bb-2ecbe1bc7abf', '.mnu');
INSERT INTO `fpr_format` (`uuid`, `description`, `group_id`, `slug`) VALUES ('4e46c5bd-df15-47ef-8ef5-afd77a4def30', 'Microsoft Outlook Address Book', '00abbdd0-51b3-4162-b93a-45deb4ed8654', 'microsoft-outlook-address-book');
INSERT INTO `fpr_formatversion` (`replaces_id`, `enabled`, `lastmodified`, `uuid`, `format_id`, `version`, `pronom_id`, `description`, `access_format`, `preservation_format`, `slug`) VALUES (NULL, 1, '2014-07-10 00:01:11', '386bb398-9c88-4c8c-81db-ea4252ce259f', '4e46c5bd-df15-47ef-8ef5-afd77a4def30', NULL, 'x-fmt/73', 'Microsoft Outlook Address Book', 0, 0, 'microsoft-outlook-address-book');
INSERT INTO `fpr_idrule` (`replaces_id`, `enabled`, `lastmodified`, `uuid`, `command_id`, `format_id`, `command_output`) VALUES (NULL, 1, '2014-07-10 00:01:11', '06448e63-5794-4242-80e7-819e6013c28d', '41efbe1b-3fc7-4b24-9290-d0fb5d0ea9e9', '386bb398-9c88-4c8c-81db-ea4252ce259f', '.olk');
INSERT INTO `fpr_format` (`uuid`, `description`, `group_id`, `slug`) VALUES ('a95f1db6-88eb-43e0-8513-5cf0bfc8fe79', 'Microsoft Excel OLAP Query', '00abbdd0-51b3-4162-b93a-45deb4ed8654', 'microsoft-excel-olap-query');
INSERT INTO `fpr_formatversion` (`replaces_id`, `enabled`, `lastmodified`, `uuid`, `format_id`, `version`, `pronom_id`, `description`, `access_format`, `preservation_format`, `slug`) VALUES (NULL, 1, '2014-07-10 00:01:11', 'adeae49e-16d1-4b35-9f2e-bb21a98d9131', 'a95f1db6-88eb-43e0-8513-5cf0bfc8fe79', NULL, 'x-fmt/74', 'Microsoft Excel OLAP Query', 0, 0, 'microsoft-excel-olap-query');
INSERT INTO `fpr_idrule` (`replaces_id`, `enabled`, `lastmodified`, `uuid`, `command_id`, `format_id`, `command_output`) VALUES (NULL, 1, '2014-07-10 00:01:11', '46052cb5-bdfb-49d7-99d4-b81e1fd2693a', '41efbe1b-3fc7-4b24-9290-d0fb5d0ea9e9', 'adeae49e-16d1-4b35-9f2e-bb21a98d9131', '.oqy');
INSERT INTO `fpr_format` (`uuid`, `description`, `group_id`, `slug`) VALUES ('e4f9ad2f-6538-483b-93ed-cb660bcfd269', 'Microsoft Outlook Personal Address Book', '00abbdd0-51b3-4162-b93a-45deb4ed8654', 'microsoft-outlook-personal-address-book');
INSERT INTO `fpr_formatversion` (`replaces_id`, `enabled`, `lastmodified`, `uuid`, `format_id`, `version`, `pronom_id`, `description`, `access_format`, `preservation_format`, `slug`) VALUES (NULL, 1, '2014-07-10 00:01:11', 'da6c6fef-3e5e-412d-9507-563d0f5f4d1b', 'e4f9ad2f-6538-483b-93ed-cb660bcfd269', NULL, 'x-fmt/75', 'Microsoft Outlook Personal Address Book', 0, 0, 'microsoft-outlook-personal-address-book');
INSERT INTO `fpr_idrule` (`replaces_id`, `enabled`, `lastmodified`, `uuid`, `command_id`, `format_id`, `command_output`) VALUES (NULL, 1, '2014-07-10 00:01:11', '2ea127cb-7867-46a1-ba41-63acca833dcc', '41efbe1b-3fc7-4b24-9290-d0fb5d0ea9e9', 'da6c6fef-3e5e-412d-9507-563d0f5f4d1b', '.pab');
INSERT INTO `fpr_format` (`uuid`, `description`, `group_id`, `slug`) VALUES ('dca84a44-8c80-40c5-89cb-8299cbd6f32b', 'CorelDraw Pattern', '00abbdd0-51b3-4162-b93a-45deb4ed8654', 'coreldraw-pattern');
INSERT INTO `fpr_formatversion` (`replaces_id`, `enabled`, `lastmodified`, `uuid`, `format_id`, `version`, `pronom_id`, `description`, `access_format`, `preservation_format`, `slug`) VALUES (NULL, 1, '2014-07-10 00:01:11', 'a50e787e-1b99-4a37-8df9-7ca919ea2dfc', 'dca84a44-8c80-40c5-89cb-8299cbd6f32b', NULL, 'x-fmt/76', 'CorelDraw Pattern', 0, 0, 'coreldraw-pattern');
INSERT INTO `fpr_idrule` (`replaces_id`, `enabled`, `lastmodified`, `uuid`, `command_id`, `format_id`, `command_output`) VALUES (NULL, 1, '2014-07-10 00:01:11', 'c26daf48-a15a-4a51-84c5-57dda134d6c5', '41efbe1b-3fc7-4b24-9290-d0fb5d0ea9e9', 'a50e787e-1b99-4a37-8df9-7ca919ea2dfc', '.pat');
INSERT INTO `fpr_format` (`uuid`, `description`, `group_id`, `slug`) VALUES ('3244a274-ad7a-4215-9dc6-8405ef62101b', 'AutoCAD Plot Configuration File', '00abbdd0-51b3-4162-b93a-45deb4ed8654', 'autocad-plot-configuration-file');
INSERT INTO `fpr_formatversion` (`replaces_id`, `enabled`, `lastmodified`, `uuid`, `format_id`, `version`, `pronom_id`, `description`, `access_format`, `preservation_format`, `slug`) VALUES (NULL, 1, '2014-07-10 00:01:11', '03205bf7-b63b-414a-a9a9-6a808da00b72', '3244a274-ad7a-4215-9dc6-8405ef62101b', 'R14', 'x-fmt/77', 'AutoCAD Plot Configuration File', 0, 0, 'autocad-plot-configuration-file');
INSERT INTO `fpr_idrule` (`replaces_id`, `enabled`, `lastmodified`, `uuid`, `command_id`, `format_id`, `command_output`) VALUES (NULL, 1, '2014-07-10 00:01:11', 'cfabade1-b86a-4271-8f6a-c235fd34e48b', '41efbe1b-3fc7-4b24-9290-d0fb5d0ea9e9', '03205bf7-b63b-414a-a9a9-6a808da00b72', '.pc2');
INSERT INTO `fpr_formatversion` (`replaces_id`, `enabled`, `lastmodified`, `uuid`, `format_id`, `version`, `pronom_id`, `description`, `access_format`, `preservation_format`, `slug`) VALUES (NULL, 1, '2014-07-10 00:01:11', 'edc070da-7bb9-459c-b2ac-f8a346228886', '3244a274-ad7a-4215-9dc6-8405ef62101b', '2000', 'x-fmt/78', 'AutoCAD Plot Configuration File Version 2000', 0, 0, 'autocad-plot-configuration-file-version-2000');
INSERT INTO `fpr_idrule` (`replaces_id`, `enabled`, `lastmodified`, `uuid`, `command_id`, `format_id`, `command_output`) VALUES (NULL, 1, '2014-07-10 00:01:11', '34cdc998-d1d5-4763-8e07-cac2b4b30716', '41efbe1b-3fc7-4b24-9290-d0fb5d0ea9e9', 'edc070da-7bb9-459c-b2ac-f8a346228886', '.pc3');
INSERT INTO `fpr_formatversion` (`replaces_id`, `enabled`, `lastmodified`, `uuid`, `format_id`, `version`, `pronom_id`, `description`, `access_format`, `preservation_format`, `slug`) VALUES (NULL, 1, '2014-07-10 00:01:11', '53036f53-b51b-46f7-bfe6-da24b37131a9', '3244a274-ad7a-4215-9dc6-8405ef62101b', '1.0-R13', 'x-fmt/79', 'AutoCAD Plot Configuration File', 0, 0, 'autocad-plot-configuration-file-2');
INSERT INTO `fpr_idrule` (`replaces_id`, `enabled`, `lastmodified`, `uuid`, `command_id`, `format_id`, `command_output`) VALUES (NULL, 1, '2014-07-10 00:01:11', '0bd10dba-5d02-490d-bd3c-f73b627f1b1c', '41efbe1b-3fc7-4b24-9290-d0fb5d0ea9e9', '53036f53-b51b-46f7-bfe6-da24b37131a9', '.pcp');
INSERT INTO `fpr_format` (`uuid`, `description`, `group_id`, `slug`) VALUES ('ca4b6ac4-c2ca-4d52-9a81-22bb8fc1f818', 'Inkwriter/Notetaker Template', '00abbdd0-51b3-4162-b93a-45deb4ed8654', 'inkwriternotetaker-template');
INSERT INTO `fpr_formatversion` (`replaces_id`, `enabled`, `lastmodified`, `uuid`, `format_id`, `version`, `pronom_id`, `description`, `access_format`, `preservation_format`, `slug`) VALUES (NULL, 1, '2014-07-10 00:01:11', '82346430-dd59-4754-8ddc-207e6f49ff55', 'ca4b6ac4-c2ca-4d52-9a81-22bb8fc1f818', NULL, 'x-fmt/81', 'Inkwriter/Notetaker Template', 0, 0, 'inkwriternotetaker-template');
INSERT INTO `fpr_idrule` (`replaces_id`, `enabled`, `lastmodified`, `uuid`, `command_id`, `format_id`, `command_output`) VALUES (NULL, 1, '2014-07-10 00:01:11', 'd9bda379-9bf0-4110-9327-823c674fd556', '41efbe1b-3fc7-4b24-9290-d0fb5d0ea9e9', '82346430-dd59-4754-8ddc-207e6f49ff55', '.pdt');
INSERT INTO `fpr_format` (`uuid`, `description`, `group_id`, `slug`) VALUES ('5acbd908-41e9-402b-beed-873d44d91e35', 'Lotus 1-2-3 Chart', '00abbdd0-51b3-4162-b93a-45deb4ed8654', 'lotus-1-2-3-chart');
INSERT INTO `fpr_formatversion` (`replaces_id`, `enabled`, `lastmodified`, `uuid`, `format_id`, `version`, `pronom_id`, `description`, `access_format`, `preservation_format`, `slug`) VALUES (NULL, 1, '2014-07-10 00:01:11', '6c06afd4-3b1b-4e2b-9995-01844191862a', '5acbd908-41e9-402b-beed-873d44d91e35', NULL, 'x-fmt/82', 'Lotus 123 Chart', 0, 0, 'lotus-123-chart');
INSERT INTO `fpr_idrule` (`replaces_id`, `enabled`, `lastmodified`, `uuid`, `command_id`, `format_id`, `command_output`) VALUES (NULL, 1, '2014-07-10 00:01:11', '49be469c-6d5c-4cb4-877a-14a6f12ce8b1', '41efbe1b-3fc7-4b24-9290-d0fb5d0ea9e9', '6c06afd4-3b1b-4e2b-9995-01844191862a', '.pic');
INSERT INTO `fpr_format` (`uuid`, `description`, `group_id`, `slug`) VALUES ('be96f647-0062-4896-abb7-bf547f4ac54b', 'Hewlett Packard Vector Graphic Plotter File', '00abbdd0-51b3-4162-b93a-45deb4ed8654', 'hewlett-packard-vector-graphic-plotter-file');
INSERT INTO `fpr_formatversion` (`replaces_id`, `enabled`, `lastmodified`, `uuid`, `format_id`, `version`, `pronom_id`, `description`, `access_format`, `preservation_format`, `slug`) VALUES (NULL, 1, '2014-07-10 00:01:11', '432d132b-7ee9-4673-ac61-0639d3d63ac2', 'be96f647-0062-4896-abb7-bf547f4ac54b', NULL, 'x-fmt/83', 'Hewlett Packard Vector Graphic Plotter File', 0, 0, 'hewlett-packard-vector-graphic-plotter-file');
INSERT INTO `fpr_idrule` (`replaces_id`, `enabled`, `lastmodified`, `uuid`, `command_id`, `format_id`, `command_output`) VALUES (NULL, 1, '2014-07-10 00:01:11', '99e646b5-82c0-4460-a2ef-86e5f4916ea1', '41efbe1b-3fc7-4b24-9290-d0fb5d0ea9e9', '432d132b-7ee9-4673-ac61-0639d3d63ac2', '.plt');
INSERT INTO `fpr_format` (`uuid`, `description`, `group_id`, `slug`) VALUES ('a34ca0dd-278f-493b-b392-cbc3939e0512', 'Microsoft Powerpoint Design Template', '00abbdd0-51b3-4162-b93a-45deb4ed8654', 'microsoft-powerpoint-design-template');
INSERT INTO `fpr_formatversion` (`replaces_id`, `enabled`, `lastmodified`, `uuid`, `format_id`, `version`, `pronom_id`, `description`, `access_format`, `preservation_format`, `slug`) VALUES (NULL, 1, '2014-07-10 00:01:11', 'ef7dc692-785c-4518-879f-4bf60a947b84', 'a34ca0dd-278f-493b-b392-cbc3939e0512', NULL, 'x-fmt/84', 'Microsoft Powerpoint Design Template', 0, 0, 'microsoft-powerpoint-design-template');
INSERT INTO `fpr_idrule` (`replaces_id`, `enabled`, `lastmodified`, `uuid`, `command_id`, `format_id`, `command_output`) VALUES (NULL, 1, '2014-07-10 00:01:11', '13ccce5c-f031-413e-b6fd-2badd87b52dd', '41efbe1b-3fc7-4b24-9290-d0fb5d0ea9e9', 'ef7dc692-785c-4518-879f-4bf60a947b84', '.pot');
INSERT INTO `fpr_format` (`uuid`, `description`, `group_id`, `slug`) VALUES ('04ec52d4-6b88-43e0-8a95-b2c30f51dd49', 'Picture Publisher Bitmap', '00abbdd0-51b3-4162-b93a-45deb4ed8654', 'picture-publisher-bitmap');
INSERT INTO `fpr_formatversion` (`replaces_id`, `enabled`, `lastmodified`, `uuid`, `format_id`, `version`, `pronom_id`, `description`, `access_format`, `preservation_format`, `slug`) VALUES (NULL, 1, '2014-07-10 00:01:11', 'c9468839-c71b-4efb-b725-58588b166a6f', '04ec52d4-6b88-43e0-8a95-b2c30f51dd49', '5.0', 'x-fmt/85', 'Picture Publisher Bitmap', 0, 0, 'picture-publisher-bitmap');
INSERT INTO `fpr_idrule` (`replaces_id`, `enabled`, `lastmodified`, `uuid`, `command_id`, `format_id`, `command_output`) VALUES (NULL, 1, '2014-07-10 00:01:11', 'c0212679-61a6-499a-b81a-61941631d8a0', '41efbe1b-3fc7-4b24-9290-d0fb5d0ea9e9', 'c9468839-c71b-4efb-b725-58588b166a6f', '.pp5');
INSERT INTO `fpr_format` (`uuid`, `description`, `group_id`, `slug`) VALUES ('5c83f46f-435c-4d00-be3f-7959c53d6e23', 'Microsoft Powerpoint Add-In', '00abbdd0-51b3-4162-b93a-45deb4ed8654', 'microsoft-powerpoint-add-in');
INSERT INTO `fpr_formatversion` (`replaces_id`, `enabled`, `lastmodified`, `uuid`, `format_id`, `version`, `pronom_id`, `description`, `access_format`, `preservation_format`, `slug`) VALUES (NULL, 1, '2014-07-10 00:01:11', 'd94b780c-e27d-426e-8b0a-b941763d94bd', '5c83f46f-435c-4d00-be3f-7959c53d6e23', NULL, 'x-fmt/86', 'Microsoft Powerpoint Add-In', 0, 0, 'microsoft-powerpoint-add-in');
INSERT INTO `fpr_idrule` (`replaces_id`, `enabled`, `lastmodified`, `uuid`, `command_id`, `format_id`, `command_output`) VALUES (NULL, 1, '2014-07-10 00:01:11', '900d75b2-855d-4e75-8ef8-b0d154968bed', '41efbe1b-3fc7-4b24-9290-d0fb5d0ea9e9', 'd94b780c-e27d-426e-8b0a-b941763d94bd', '.ppa');
INSERT INTO `fpr_format` (`uuid`, `description`, `group_id`, `slug`) VALUES ('e4300c7e-5398-4b26-8037-195d1634086f', 'Freelance File', '00abbdd0-51b3-4162-b93a-45deb4ed8654', 'freelance-file');
INSERT INTO `fpr_formatversion` (`replaces_id`, `enabled`, `lastmodified`, `uuid`, `format_id`, `version`, `pronom_id`, `description`, `access_format`, `preservation_format`, `slug`) VALUES (NULL, 1, '2014-07-10 00:01:11', '3d3aa9da-b846-45f5-a97b-893773d876be', 'e4300c7e-5398-4b26-8037-195d1634086f', '1.0-2.1', 'x-fmt/89', 'Freelance File', 0, 0, 'freelance-file');
INSERT INTO `fpr_idrule` (`replaces_id`, `enabled`, `lastmodified`, `uuid`, `command_id`, `format_id`, `command_output`) VALUES (NULL, 1, '2014-07-10 00:01:11', 'f5622b15-fd6c-423a-8809-a87a2038a910', '41efbe1b-3fc7-4b24-9290-d0fb5d0ea9e9', '3d3aa9da-b846-45f5-a97b-893773d876be', '.pre');
INSERT INTO `fpr_format` (`uuid`, `description`, `group_id`, `slug`) VALUES ('30a4111c-2508-4a98-86ca-b65edc3ffb2d', 'Microsoft Print File', '00abbdd0-51b3-4162-b93a-45deb4ed8654', 'microsoft-print-file');
INSERT INTO `fpr_formatversion` (`replaces_id`, `enabled`, `lastmodified`, `uuid`, `format_id`, `version`, `pronom_id`, `description`, `access_format`, `preservation_format`, `slug`) VALUES (NULL, 1, '2014-07-10 00:01:11', '4bc5f119-66a7-4580-8a1e-e6818fecd7b7', '30a4111c-2508-4a98-86ca-b65edc3ffb2d', NULL, 'x-fmt/90', 'Microsoft Print File', 0, 0, 'microsoft-print-file');
INSERT INTO `fpr_idrule` (`replaces_id`, `enabled`, `lastmodified`, `uuid`, `command_id`, `format_id`, `command_output`) VALUES (NULL, 1, '2014-07-10 00:01:11', '6d022823-9679-4a25-9cf2-caa034274884', '41efbe1b-3fc7-4b24-9290-d0fb5d0ea9e9', '4bc5f119-66a7-4580-8a1e-e6818fecd7b7', '.prn');
INSERT INTO `fpr_format` (`uuid`, `description`, `group_id`, `slug`) VALUES ('9f789ddc-4477-41eb-9bfa-9e07b6c6ee42', 'Postscript', '00abbdd0-51b3-4162-b93a-45deb4ed8654', 'postscript');
INSERT INTO `fpr_formatversion` (`replaces_id`, `enabled`, `lastmodified`, `uuid`, `format_id`, `version`, `pronom_id`, `description`, `access_format`, `preservation_format`, `slug`) VALUES (NULL, 1, '2014-07-10 00:01:11', '137cf7a7-72a1-44c4-a47c-582e72f4d514', '9f789ddc-4477-41eb-9bfa-9e07b6c6ee42', '1.0', 'x-fmt/91', 'PostScript DSC 1.0', 0, 0, 'postscript-dsc-10');
INSERT INTO `fpr_idrule` (`replaces_id`, `enabled`, `lastmodified`, `uuid`, `command_id`, `format_id`, `command_output`) VALUES (NULL, 1, '2014-07-10 00:01:11', '5fa2d650-5489-4b6e-aec9-124ff8827cfb', '41efbe1b-3fc7-4b24-9290-d0fb5d0ea9e9', '137cf7a7-72a1-44c4-a47c-582e72f4d514', '.ps');
INSERT INTO `fpr_format` (`uuid`, `description`, `group_id`, `slug`) VALUES ('8d5d87d5-276e-4583-897e-78afdea6cae4', 'Postscript Support File', '00abbdd0-51b3-4162-b93a-45deb4ed8654', 'postscript-support-file');
INSERT INTO `fpr_formatversion` (`replaces_id`, `enabled`, `lastmodified`, `uuid`, `format_id`, `version`, `pronom_id`, `description`, `access_format`, `preservation_format`, `slug`) VALUES (NULL, 1, '2014-07-10 00:01:11', '392edb62-324b-483a-90d3-569421e124da', '8d5d87d5-276e-4583-897e-78afdea6cae4', NULL, 'x-fmt/93', 'Postscript Support File', 0, 0, 'postscript-support-file');
INSERT INTO `fpr_idrule` (`replaces_id`, `enabled`, `lastmodified`, `uuid`, `command_id`, `format_id`, `command_output`) VALUES (NULL, 1, '2014-07-10 00:01:11', '7b35d6c3-5e1b-4602-b2a6-d6098a1bca27', '41efbe1b-3fc7-4b24-9290-d0fb5d0ea9e9', '392edb62-324b-483a-90d3-569421e124da', '.psf');
INSERT INTO `fpr_format` (`uuid`, `description`, `group_id`, `slug`) VALUES ('240df44c-0c3a-4559-9e99-dcc916aced2b', 'Pocket Word Document', '00abbdd0-51b3-4162-b93a-45deb4ed8654', 'pocket-word-document');
INSERT INTO `fpr_formatversion` (`replaces_id`, `enabled`, `lastmodified`, `uuid`, `format_id`, `version`, `pronom_id`, `description`, `access_format`, `preservation_format`, `slug`) VALUES (NULL, 1, '2014-07-10 00:01:11', 'cb4ae98b-ba59-43ef-9aa0-4f7153319e81', '240df44c-0c3a-4559-9e99-dcc916aced2b', NULL, 'x-fmt/94', 'Pocket Word Document', 0, 0, 'pocket-word-document');
INSERT INTO `fpr_idrule` (`replaces_id`, `enabled`, `lastmodified`, `uuid`, `command_id`, `format_id`, `command_output`) VALUES (NULL, 1, '2014-07-10 00:01:11', '2f6bf50f-4b22-4582-8930-f4d0f209deef', '41efbe1b-3fc7-4b24-9290-d0fb5d0ea9e9', 'cb4ae98b-ba59-43ef-9aa0-4f7153319e81', '.psw');
INSERT INTO `fpr_format` (`uuid`, `description`, `group_id`, `slug`) VALUES ('2a87b395-9a92-4e94-aa73-3c9cfbd351d9', 'Inkwriter/Notetaker Document', '00abbdd0-51b3-4162-b93a-45deb4ed8654', 'inkwriternotetaker-document');
INSERT INTO `fpr_formatversion` (`replaces_id`, `enabled`, `lastmodified`, `uuid`, `format_id`, `version`, `pronom_id`, `description`, `access_format`, `preservation_format`, `slug`) VALUES (NULL, 1, '2014-07-10 00:01:11', '19182045-0bbc-4dfa-bd49-7c143e686f4f', '2a87b395-9a92-4e94-aa73-3c9cfbd351d9', NULL, 'x-fmt/95', 'Inkwriter/Notetaker PWI format', 0, 0, 'inkwriternotetaker-pwi-format');
INSERT INTO `fpr_idrule` (`replaces_id`, `enabled`, `lastmodified`, `uuid`, `command_id`, `format_id`, `command_output`) VALUES (NULL, 1, '2014-07-10 00:01:11', '581bd4ea-d057-4c72-a0d5-47091e8e599c', '41efbe1b-3fc7-4b24-9290-d0fb5d0ea9e9', '19182045-0bbc-4dfa-bd49-7c143e686f4f', '.pwi');
INSERT INTO `fpr_format` (`uuid`, `description`, `group_id`, `slug`) VALUES ('20f58660-1c1c-44fa-86e4-a6f3b0b07349', 'Pocket Word Template', '00abbdd0-51b3-4162-b93a-45deb4ed8654', 'pocket-word-template');
INSERT INTO `fpr_formatversion` (`replaces_id`, `enabled`, `lastmodified`, `uuid`, `format_id`, `version`, `pronom_id`, `description`, `access_format`, `preservation_format`, `slug`) VALUES (NULL, 1, '2014-07-10 00:01:11', '56a4f429-9056-4b69-8f73-4a432f6da565', '20f58660-1c1c-44fa-86e4-a6f3b0b07349', NULL, 'x-fmt/96', 'Pocket Word Template', 0, 0, 'pocket-word-template');
INSERT INTO `fpr_idrule` (`replaces_id`, `enabled`, `lastmodified`, `uuid`, `command_id`, `format_id`, `command_output`) VALUES (NULL, 1, '2014-07-10 00:01:11', 'b8b4845c-910c-4103-8883-582b6c8d7589', '41efbe1b-3fc7-4b24-9290-d0fb5d0ea9e9', '56a4f429-9056-4b69-8f73-4a432f6da565', '.pwt');
INSERT INTO `fpr_format` (`uuid`, `description`, `group_id`, `slug`) VALUES ('b653cf13-1caa-4b06-9849-8506d00e9946', 'Microsoft Excel OLE DB Query', '00abbdd0-51b3-4162-b93a-45deb4ed8654', 'microsoft-excel-ole-db-query');
INSERT INTO `fpr_formatversion` (`replaces_id`, `enabled`, `lastmodified`, `uuid`, `format_id`, `version`, `pronom_id`, `description`, `access_format`, `preservation_format`, `slug`) VALUES (NULL, 1, '2014-07-10 00:01:11', '3536990a-c2ca-426c-bd62-ddecc68e4e36', 'b653cf13-1caa-4b06-9849-8506d00e9946', NULL, 'x-fmt/97', 'Microsoft Excel OLE DB Query', 0, 0, 'microsoft-excel-ole-db-query');
INSERT INTO `fpr_idrule` (`replaces_id`, `enabled`, `lastmodified`, `uuid`, `command_id`, `format_id`, `command_output`) VALUES (NULL, 1, '2014-07-10 00:01:11', '0989afaa-a632-4e45-a9bf-5aafb0de80dd', '41efbe1b-3fc7-4b24-9290-d0fb5d0ea9e9', '3536990a-c2ca-426c-bd62-ddecc68e4e36', '.rqy');
INSERT INTO `fpr_format` (`uuid`, `description`, `group_id`, `slug`) VALUES ('2b69115f-cb40-4800-859a-a394ec6fe21b', 'AutoCAD ACIS Export File', '00abbdd0-51b3-4162-b93a-45deb4ed8654', 'autocad-acis-export-file');
INSERT INTO `fpr_formatversion` (`replaces_id`, `enabled`, `lastmodified`, `uuid`, `format_id`, `version`, `pronom_id`, `description`, `access_format`, `preservation_format`, `slug`) VALUES (NULL, 1, '2014-07-10 00:01:11', 'c9ebecda-7d7a-476c-8347-94fd00400d6e', '2b69115f-cb40-4800-859a-a394ec6fe21b', NULL, 'x-fmt/98', 'AutoCAD ACIS Export File', 0, 0, 'autocad-acis-export-file');
INSERT INTO `fpr_idrule` (`replaces_id`, `enabled`, `lastmodified`, `uuid`, `command_id`, `format_id`, `command_output`) VALUES (NULL, 1, '2014-07-10 00:01:11', 'c253b884-a891-4776-850e-797330aacb39', '41efbe1b-3fc7-4b24-9290-d0fb5d0ea9e9', 'c9ebecda-7d7a-476c-8347-94fd00400d6e', '.sat');
INSERT INTO `fpr_format` (`uuid`, `description`, `group_id`, `slug`) VALUES ('bf474d0d-1f79-4759-8757-2b146367ec1e', 'Schedule+ Contacts', '00abbdd0-51b3-4162-b93a-45deb4ed8654', 'schedule-contacts');
INSERT INTO `fpr_formatversion` (`replaces_id`, `enabled`, `lastmodified`, `uuid`, `format_id`, `version`, `pronom_id`, `description`, `access_format`, `preservation_format`, `slug`) VALUES (NULL, 1, '2014-07-10 00:01:11', 'cfd0d6f1-4617-4827-917c-d1a0e9497dd9', 'bf474d0d-1f79-4759-8757-2b146367ec1e', NULL, 'x-fmt/99', 'Schedule+ Contacts', 0, 0, 'schedule-contacts');
INSERT INTO `fpr_idrule` (`replaces_id`, `enabled`, `lastmodified`, `uuid`, `command_id`, `format_id`, `command_output`) VALUES (NULL, 1, '2014-07-10 00:01:11', '5fb34837-7e49-4347-ad9e-fe9070e8daa9', '41efbe1b-3fc7-4b24-9290-d0fb5d0ea9e9', 'cfd0d6f1-4617-4827-917c-d1a0e9497dd9', '.scd');
INSERT INTO `fpr_format` (`uuid`, `description`, `group_id`, `slug`) VALUES ('4f6009cc-1e1c-4fa2-b568-6dbf035b1457', 'AutoCAD Script', '00abbdd0-51b3-4162-b93a-45deb4ed8654', 'autocad-script');
INSERT INTO `fpr_formatversion` (`replaces_id`, `enabled`, `lastmodified`, `uuid`, `format_id`, `version`, `pronom_id`, `description`, `access_format`, `preservation_format`, `slug`) VALUES (NULL, 1, '2014-07-10 00:01:11', '770d0e1b-a07f-4494-bb79-e5feab576296', '4f6009cc-1e1c-4fa2-b568-6dbf035b1457', NULL, 'x-fmt/100', 'AutoCAD Script', 0, 0, 'autocad-script');
INSERT INTO `fpr_idrule` (`replaces_id`, `enabled`, `lastmodified`, `uuid`, `command_id`, `format_id`, `command_output`) VALUES (NULL, 1, '2014-07-10 00:01:11', '804ccf61-f29c-4db5-b003-90c1e900f84c', '41efbe1b-3fc7-4b24-9290-d0fb5d0ea9e9', '770d0e1b-a07f-4494-bb79-e5feab576296', '.scr');
INSERT INTO `fpr_format` (`uuid`, `description`, `group_id`, `slug`) VALUES ('dc6ae61c-0d7a-4b4a-bb30-89b1266c6ef9', 'Harvard Graphics Show', '00abbdd0-51b3-4162-b93a-45deb4ed8654', 'harvard-graphics-show');
INSERT INTO `fpr_formatversion` (`replaces_id`, `enabled`, `lastmodified`, `uuid`, `format_id`, `version`, `pronom_id`, `description`, `access_format`, `preservation_format`, `slug`) VALUES (NULL, 1, '2014-07-10 00:01:11', '1d9c5566-fdff-46c6-a701-668805223935', 'dc6ae61c-0d7a-4b4a-bb30-89b1266c6ef9', '3.0', 'x-fmt/101', 'Harvard Graphics Show 3.0', 0, 0, 'harvard-graphics-show-30');
INSERT INTO `fpr_idrule` (`replaces_id`, `enabled`, `lastmodified`, `uuid`, `command_id`, `format_id`, `command_output`) VALUES (NULL, 1, '2014-07-10 00:01:11', 'bc4b7e5e-9861-4254-9e76-39c846cae097', '41efbe1b-3fc7-4b24-9290-d0fb5d0ea9e9', '1d9c5566-fdff-46c6-a701-668805223935', '.sh3');
INSERT INTO `fpr_format` (`uuid`, `description`, `group_id`, `slug`) VALUES ('04c62e5e-0d00-4bf8-9298-18eeb2df0df8', '3D Studio Shapes', '00abbdd0-51b3-4162-b93a-45deb4ed8654', '3d-studio-shapes');
INSERT INTO `fpr_formatversion` (`replaces_id`, `enabled`, `lastmodified`, `uuid`, `format_id`, `version`, `pronom_id`, `description`, `access_format`, `preservation_format`, `slug`) VALUES (NULL, 1, '2014-07-10 00:01:11', 'f80a3970-4cd0-42f7-8fd6-f4df8888a844', '04c62e5e-0d00-4bf8-9298-18eeb2df0df8', NULL, 'x-fmt/102', '3D Studio Shapes', 0, 0, '3d-studio-shapes');
INSERT INTO `fpr_idrule` (`replaces_id`, `enabled`, `lastmodified`, `uuid`, `command_id`, `format_id`, `command_output`) VALUES (NULL, 1, '2014-07-10 00:01:11', '69f43346-91b2-45b1-8a45-765c75e96c8b', '41efbe1b-3fc7-4b24-9290-d0fb5d0ea9e9', 'f80a3970-4cd0-42f7-8fd6-f4df8888a844', '.shp');
INSERT INTO `fpr_format` (`uuid`, `description`, `group_id`, `slug`) VALUES ('7c965d86-489b-4436-bcb7-9997cb9f60d1', 'AutoCAD Compiled Shape/Font File', '00abbdd0-51b3-4162-b93a-45deb4ed8654', 'autocad-compiled-shapefont-file');
INSERT INTO `fpr_formatversion` (`replaces_id`, `enabled`, `lastmodified`, `uuid`, `format_id`, `version`, `pronom_id`, `description`, `access_format`, `preservation_format`, `slug`) VALUES (NULL, 1, '2014-07-10 00:01:11', '6cffd151-396f-4faf-a2d5-1b0bf5b6d21e', '7c965d86-489b-4436-bcb7-9997cb9f60d1', NULL, 'x-fmt/103', 'AutoCAD Compiled Shape/Font File', 0, 0, 'autocad-compiled-shapefont-file');
INSERT INTO `fpr_idrule` (`replaces_id`, `enabled`, `lastmodified`, `uuid`, `command_id`, `format_id`, `command_output`) VALUES (NULL, 1, '2014-07-10 00:01:11', '64df4d3f-ae6b-4b19-be49-2bda4557d274', '41efbe1b-3fc7-4b24-9290-d0fb5d0ea9e9', '6cffd151-396f-4faf-a2d5-1b0bf5b6d21e', '.shx');
INSERT INTO `fpr_format` (`uuid`, `description`, `group_id`, `slug`) VALUES ('11d6917a-7515-4b99-9f70-8288d82a9981', 'AutoCAD Slide Library', '00abbdd0-51b3-4162-b93a-45deb4ed8654', 'autocad-slide-library');
INSERT INTO `fpr_formatversion` (`replaces_id`, `enabled`, `lastmodified`, `uuid`, `format_id`, `version`, `pronom_id`, `description`, `access_format`, `preservation_format`, `slug`) VALUES (NULL, 1, '2014-07-10 00:01:11', '6ab16306-398d-4b94-b0fa-a28e3e537b84', '11d6917a-7515-4b99-9f70-8288d82a9981', NULL, 'x-fmt/104', 'AutoCAD Slide Library', 0, 0, 'autocad-slide-library');
INSERT INTO `fpr_idrule` (`replaces_id`, `enabled`, `lastmodified`, `uuid`, `command_id`, `format_id`, `command_output`) VALUES (NULL, 1, '2014-07-10 00:01:11', 'e00b071a-b7cf-4053-9732-b5278c5408a6', '41efbe1b-3fc7-4b24-9290-d0fb5d0ea9e9', '6ab16306-398d-4b94-b0fa-a28e3e537b84', '.slb');
INSERT INTO `fpr_format` (`uuid`, `description`, `group_id`, `slug`) VALUES ('9400103f-88b0-49e4-93cb-3e61b8b79516', 'AutoCAD Slide', '00abbdd0-51b3-4162-b93a-45deb4ed8654', 'autocad-slide');
INSERT INTO `fpr_formatversion` (`replaces_id`, `enabled`, `lastmodified`, `uuid`, `format_id`, `version`, `pronom_id`, `description`, `access_format`, `preservation_format`, `slug`) VALUES (NULL, 1, '2014-07-10 00:01:11', '4acc2396-95fd-4df9-a575-36a2dfd06fb4', '9400103f-88b0-49e4-93cb-3e61b8b79516', NULL, 'x-fmt/105', 'AutoCAD Slide', 0, 0, 'autocad-slide');
INSERT INTO `fpr_idrule` (`replaces_id`, `enabled`, `lastmodified`, `uuid`, `command_id`, `format_id`, `command_output`) VALUES (NULL, 1, '2014-07-10 00:01:11', '217e4edb-d6a5-4e28-8cde-d066adc28c75', '41efbe1b-3fc7-4b24-9290-d0fb5d0ea9e9', '4acc2396-95fd-4df9-a575-36a2dfd06fb4', '.sld');
INSERT INTO `fpr_format` (`uuid`, `description`, `group_id`, `slug`) VALUES ('268a578d-cfcd-45e3-a7cf-200057ceef76', 'Microsoft Symbolic Link (SYLK) File', '00abbdd0-51b3-4162-b93a-45deb4ed8654', 'microsoft-symbolic-link-sylk-file');
INSERT INTO `fpr_formatversion` (`replaces_id`, `enabled`, `lastmodified`, `uuid`, `format_id`, `version`, `pronom_id`, `description`, `access_format`, `preservation_format`, `slug`) VALUES (NULL, 1, '2014-07-10 00:01:11', '33a50db9-0eb7-413f-a013-c4cebce33f05', '268a578d-cfcd-45e3-a7cf-200057ceef76', NULL, 'x-fmt/106', 'Microsoft Symbolic Link (SYLK) File', 0, 0, 'microsoft-symbolic-link-sylk-file');
INSERT INTO `fpr_idrule` (`replaces_id`, `enabled`, `lastmodified`, `uuid`, `command_id`, `format_id`, `command_output`) VALUES (NULL, 1, '2014-07-10 00:01:11', 'bc10d780-54ba-49cc-afbd-51d1539fc1ab', '41efbe1b-3fc7-4b24-9290-d0fb5d0ea9e9', '33a50db9-0eb7-413f-a013-c4cebce33f05', '.slk');
INSERT INTO `fpr_format` (`uuid`, `description`, `group_id`, `slug`) VALUES ('4d8387e8-dcac-499f-ba26-0bd24ad3c99a', 'AutoCAD Named Plot Style Table', '00abbdd0-51b3-4162-b93a-45deb4ed8654', 'autocad-named-plot-style-table');
INSERT INTO `fpr_formatversion` (`replaces_id`, `enabled`, `lastmodified`, `uuid`, `format_id`, `version`, `pronom_id`, `description`, `access_format`, `preservation_format`, `slug`) VALUES (NULL, 1, '2014-07-10 00:01:11', '2125fd6c-92d8-4b0d-8579-de1fe839b615', '4d8387e8-dcac-499f-ba26-0bd24ad3c99a', NULL, 'x-fmt/107', 'AutoCAD Named Plot Style Table', 0, 0, 'autocad-named-plot-style-table');
INSERT INTO `fpr_idrule` (`replaces_id`, `enabled`, `lastmodified`, `uuid`, `command_id`, `format_id`, `command_output`) VALUES (NULL, 1, '2014-07-10 00:01:11', '93906cc1-0274-434a-81bd-bb692d71be05', '41efbe1b-3fc7-4b24-9290-d0fb5d0ea9e9', '2125fd6c-92d8-4b0d-8579-de1fe839b615', '.stb');
INSERT INTO `fpr_format` (`uuid`, `description`, `group_id`, `slug`) VALUES ('c9a9af03-0dae-475b-af63-65306b57feb8', 'STL (Standard Tessellation Language) ASCII', '00abbdd0-51b3-4162-b93a-45deb4ed8654', 'stl-standard-tessellation-language-ascii');
INSERT INTO `fpr_formatversion` (`replaces_id`, `enabled`, `lastmodified`, `uuid`, `format_id`, `version`, `pronom_id`, `description`, `access_format`, `preservation_format`, `slug`) VALUES (NULL, 1, '2014-07-10 00:01:11', 'eeb35fe0-e851-4747-91a2-724920296605', 'c9a9af03-0dae-475b-af63-65306b57feb8', NULL, 'x-fmt/108', 'STL', 0, 0, 'stl');
INSERT INTO `fpr_idrule` (`replaces_id`, `enabled`, `lastmodified`, `uuid`, `command_id`, `format_id`, `command_output`) VALUES (NULL, 1, '2014-07-10 00:01:11', '35aaf77c-cee4-47ad-a986-07783a2f8bed', '41efbe1b-3fc7-4b24-9290-d0fb5d0ea9e9', 'eeb35fe0-e851-4747-91a2-724920296605', '.stl');
INSERT INTO `fpr_format` (`uuid`, `description`, `group_id`, `slug`) VALUES ('5e9cd5cd-c28d-4002-b294-35c676bcbe16', 'Scalable Vector Graphics Compressed', '00abbdd0-51b3-4162-b93a-45deb4ed8654', 'scalable-vector-graphics-compressed');
INSERT INTO `fpr_formatversion` (`replaces_id`, `enabled`, `lastmodified`, `uuid`, `format_id`, `version`, `pronom_id`, `description`, `access_format`, `preservation_format`, `slug`) VALUES (NULL, 1, '2014-07-10 00:01:11', 'd6aa6243-34f7-44cb-ab2c-afc3122d7b28', '5e9cd5cd-c28d-4002-b294-35c676bcbe16', NULL, 'x-fmt/109', 'Scalable Vector Graphics Compressed', 0, 0, 'scalable-vector-graphics-compressed');
INSERT INTO `fpr_idrule` (`replaces_id`, `enabled`, `lastmodified`, `uuid`, `command_id`, `format_id`, `command_output`) VALUES (NULL, 1, '2014-07-10 00:01:11', '74dee048-01c5-4a5e-a811-25315e57c156', '41efbe1b-3fc7-4b24-9290-d0fb5d0ea9e9', 'd6aa6243-34f7-44cb-ab2c-afc3122d7b28', '.svgz');
INSERT INTO `fpr_format` (`uuid`, `description`, `group_id`, `slug`) VALUES ('e3e9a06c-908d-4d54-bcfd-d9acafa22454', 'Fixed Width Values Text File', '00abbdd0-51b3-4162-b93a-45deb4ed8654', 'fixed-width-values-text-file');
INSERT INTO `fpr_formatversion` (`replaces_id`, `enabled`, `lastmodified`, `uuid`, `format_id`, `version`, `pronom_id`, `description`, `access_format`, `preservation_format`, `slug`) VALUES (NULL, 1, '2014-07-10 00:01:11', 'bb05795c-df71-4c37-a271-0a20751acded', 'e3e9a06c-908d-4d54-bcfd-d9acafa22454', NULL, 'x-fmt/110', 'Fixed Width Values Text File', 0, 0, 'fixed-width-values-text-file');
INSERT INTO `fpr_format` (`uuid`, `description`, `group_id`, `slug`) VALUES ('4195dbeb-ea46-4d4e-b78a-c5177139724b', 'AutoCAD External Database Configuration File', '00abbdd0-51b3-4162-b93a-45deb4ed8654', 'autocad-external-database-configuration-file');
INSERT INTO `fpr_formatversion` (`replaces_id`, `enabled`, `lastmodified`, `uuid`, `format_id`, `version`, `pronom_id`, `description`, `access_format`, `preservation_format`, `slug`) VALUES (NULL, 1, '2014-07-10 00:01:11', '520fe283-3447-4cb9-af24-e04082e078da', '4195dbeb-ea46-4d4e-b78a-c5177139724b', NULL, 'x-fmt/112', 'AutoCAD External Database Configuration File', 0, 0, 'autocad-external-database-configuration-file');
INSERT INTO `fpr_idrule` (`replaces_id`, `enabled`, `lastmodified`, `uuid`, `command_id`, `format_id`, `command_output`) VALUES (NULL, 1, '2014-07-10 00:01:11', '99931c85-088d-40b4-a2c7-687cd294d5d9', '41efbe1b-3fc7-4b24-9290-d0fb5d0ea9e9', '520fe283-3447-4cb9-af24-e04082e078da', '.udl');
INSERT INTO `fpr_format` (`uuid`, `description`, `group_id`, `slug`) VALUES ('d1554240-5e6a-45f4-bc28-917c07dfb83b', 'Microsoft Visio Drawing', '00abbdd0-51b3-4162-b93a-45deb4ed8654', 'microsoft-visio-drawing');
INSERT INTO `fpr_formatversion` (`replaces_id`, `enabled`, `lastmodified`, `uuid`, `format_id`, `version`, `pronom_id`, `description`, `access_format`, `preservation_format`, `slug`) VALUES (NULL, 1, '2014-07-10 00:01:11', 'bb972406-1ada-4437-9c6f-b27d30a3c1ce', 'd1554240-5e6a-45f4-bc28-917c07dfb83b', '5.0', 'x-fmt/113', 'Microsoft Visio Drawing', 0, 0, 'microsoft-visio-drawing');
INSERT INTO `fpr_idrule` (`replaces_id`, `enabled`, `lastmodified`, `uuid`, `command_id`, `format_id`, `command_output`) VALUES (NULL, 1, '2014-07-10 00:01:11', '692df537-225a-4e05-bf7d-de77483d38f8', '41efbe1b-3fc7-4b24-9290-d0fb5d0ea9e9', 'bb972406-1ada-4437-9c6f-b27d30a3c1ce', '.vsd');
INSERT INTO `fpr_format` (`uuid`, `description`, `group_id`, `slug`) VALUES ('b21a7995-6fc7-4088-ab24-821fda526f2b', 'Lotus 1-2-3 Worksheet', '00abbdd0-51b3-4162-b93a-45deb4ed8654', 'lotus-1-2-3-worksheet');
INSERT INTO `fpr_formatversion` (`replaces_id`, `enabled`, `lastmodified`, `uuid`, `format_id`, `version`, `pronom_id`, `description`, `access_format`, `preservation_format`, `slug`) VALUES (NULL, 1, '2014-07-10 00:01:11', 'efbe959b-a6d5-48ff-a1a1-02fae12e17ca', 'b21a7995-6fc7-4088-ab24-821fda526f2b', '2.0', 'x-fmt/114', 'Lotus 123 Worksheet 2.0', 0, 0, 'lotus-123-worksheet-20');
INSERT INTO `fpr_idrule` (`replaces_id`, `enabled`, `lastmodified`, `uuid`, `command_id`, `format_id`, `command_output`) VALUES (NULL, 1, '2014-07-10 00:01:11', 'd7ae045a-98cd-4990-a62f-1decd06f4dc1', '41efbe1b-3fc7-4b24-9290-d0fb5d0ea9e9', 'efbe959b-a6d5-48ff-a1a1-02fae12e17ca', '.wk1');
INSERT INTO `fpr_formatversion` (`replaces_id`, `enabled`, `lastmodified`, `uuid`, `format_id`, `version`, `pronom_id`, `description`, `access_format`, `preservation_format`, `slug`) VALUES (NULL, 1, '2014-07-10 00:01:11', 'f8bac77d-d383-400f-9555-b8219b06d437', 'b21a7995-6fc7-4088-ab24-821fda526f2b', '3.0', 'x-fmt/115', 'Lotus 123 Worksheet 3.0', 0, 0, 'lotus-123-worksheet-30');
INSERT INTO `fpr_idrule` (`replaces_id`, `enabled`, `lastmodified`, `uuid`, `command_id`, `format_id`, `command_output`) VALUES (NULL, 1, '2014-07-10 00:01:11', '43bfd324-d4c3-4cdc-bbb4-46b71fe525e1', '41efbe1b-3fc7-4b24-9290-d0fb5d0ea9e9', 'f8bac77d-d383-400f-9555-b8219b06d437', '.wk3');
INSERT INTO `fpr_formatversion` (`replaces_id`, `enabled`, `lastmodified`, `uuid`, `format_id`, `version`, `pronom_id`, `description`, `access_format`, `preservation_format`, `slug`) VALUES (NULL, 1, '2014-07-10 00:01:11', 'a5d19b85-ffd5-4103-a892-af1903291428', 'b21a7995-6fc7-4088-ab24-821fda526f2b', '4-5', 'x-fmt/116', 'Lotus 123 Worksheet 4.0-5.0', 0, 0, 'lotus-123-worksheet-40-50');
INSERT INTO `fpr_idrule` (`replaces_id`, `enabled`, `lastmodified`, `uuid`, `command_id`, `format_id`, `command_output`) VALUES (NULL, 1, '2014-07-10 00:01:11', '190ae9e8-74e7-4e79-b246-da25b628f797', '41efbe1b-3fc7-4b24-9290-d0fb5d0ea9e9', 'a5d19b85-ffd5-4103-a892-af1903291428', '.wk4');
INSERT INTO `fpr_formatversion` (`replaces_id`, `enabled`, `lastmodified`, `uuid`, `format_id`, `version`, `pronom_id`, `description`, `access_format`, `preservation_format`, `slug`) VALUES (NULL, 1, '2014-07-10 00:01:11', '14b17f4f-0934-4783-9fb4-fd37a0b350c5', 'b21a7995-6fc7-4088-ab24-821fda526f2b', '1.0', 'x-fmt/117', 'Lotus 123 Worksheet 1.0', 0, 0, 'lotus-123-worksheet-10');
INSERT INTO `fpr_idrule` (`replaces_id`, `enabled`, `lastmodified`, `uuid`, `command_id`, `format_id`, `command_output`) VALUES (NULL, 1, '2014-07-10 00:01:11', 'efd8f629-0678-4a8e-b424-a01df447cdb7', '41efbe1b-3fc7-4b24-9290-d0fb5d0ea9e9', '14b17f4f-0934-4783-9fb4-fd37a0b350c5', '.wks');
INSERT INTO `fpr_format` (`uuid`, `description`, `group_id`, `slug`) VALUES ('8a7e4beb-9bf7-4083-aa73-0e87fd0a670b', 'Microsoft Works Spreadsheet', '00abbdd0-51b3-4162-b93a-45deb4ed8654', 'microsoft-works-spreadsheet');
INSERT INTO `fpr_formatversion` (`replaces_id`, `enabled`, `lastmodified`, `uuid`, `format_id`, `version`, `pronom_id`, `description`, `access_format`, `preservation_format`, `slug`) VALUES (NULL, 1, '2014-07-10 00:01:11', '9dfdb726-75b9-424f-8367-65b2093c30b7', '8a7e4beb-9bf7-4083-aa73-0e87fd0a670b', '2.0', 'x-fmt/118', 'Microsoft Works Spreadsheet', 0, 0, 'microsoft-works-spreadsheet');
INSERT INTO `fpr_format` (`uuid`, `description`, `group_id`, `slug`) VALUES ('dc9c2d95-e331-47c3-9410-c06cdf996a55', 'Windows Metafile Image', '00abbdd0-51b3-4162-b93a-45deb4ed8654', 'windows-metafile-image');
INSERT INTO `fpr_formatversion` (`replaces_id`, `enabled`, `lastmodified`, `uuid`, `format_id`, `version`, `pronom_id`, `description`, `access_format`, `preservation_format`, `slug`) VALUES (NULL, 1, '2014-07-10 00:01:11', 'dd63739f-6874-4897-bda5-ac8516b1d36d', 'dc9c2d95-e331-47c3-9410-c06cdf996a55', NULL, 'x-fmt/119', 'Windows Metafile Image', 0, 0, 'windows-metafile-image');
INSERT INTO `fpr_idrule` (`replaces_id`, `enabled`, `lastmodified`, `uuid`, `command_id`, `format_id`, `command_output`) VALUES (NULL, 1, '2014-07-10 00:01:11', '2446b136-7f24-4685-95d2-7de8aaf75ab2', '41efbe1b-3fc7-4b24-9290-d0fb5d0ea9e9', 'dd63739f-6874-4897-bda5-ac8516b1d36d', '.wmf');
INSERT INTO `fpr_format` (`uuid`, `description`, `group_id`, `slug`) VALUES ('035ceaeb-8afe-4c27-8ab2-1568b88da020', 'Quattro Pro Spreadsheet', '00abbdd0-51b3-4162-b93a-45deb4ed8654', 'quattro-pro-spreadsheet');
INSERT INTO `fpr_formatversion` (`replaces_id`, `enabled`, `lastmodified`, `uuid`, `format_id`, `version`, `pronom_id`, `description`, `access_format`, `preservation_format`, `slug`) VALUES (NULL, 1, '2014-07-10 00:01:11', '6b8c8dfe-c034-4334-91bb-3a3180d07086', '035ceaeb-8afe-4c27-8ab2-1568b88da020', '1-4', 'x-fmt/121', 'Quattro Pro 1-4', 0, 0, 'quattro-pro-1-4');
INSERT INTO `fpr_idrule` (`replaces_id`, `enabled`, `lastmodified`, `uuid`, `command_id`, `format_id`, `command_output`) VALUES (NULL, 1, '2014-07-10 00:01:11', 'daac56d9-b0b7-4411-92a0-1e7ff12dba9a', '41efbe1b-3fc7-4b24-9290-d0fb5d0ea9e9', '6b8c8dfe-c034-4334-91bb-3a3180d07086', '.wq1');
INSERT INTO `fpr_formatversion` (`replaces_id`, `enabled`, `lastmodified`, `uuid`, `format_id`, `version`, `pronom_id`, `description`, `access_format`, `preservation_format`, `slug`) VALUES (NULL, 1, '2014-07-10 00:01:11', 'd36ec1a7-e934-417a-9d6d-f26ab3a1ae8c', '035ceaeb-8afe-4c27-8ab2-1568b88da020', '5', 'x-fmt/122', 'Quattro Pro 5', 0, 0, 'quattro-pro-5');
INSERT INTO `fpr_idrule` (`replaces_id`, `enabled`, `lastmodified`, `uuid`, `command_id`, `format_id`, `command_output`) VALUES (NULL, 1, '2014-07-10 00:01:11', '536911a7-e5b5-4f19-915e-4e8746c1f213', '41efbe1b-3fc7-4b24-9290-d0fb5d0ea9e9', 'd36ec1a7-e934-417a-9d6d-f26ab3a1ae8c', '.wq2');
INSERT INTO `fpr_format` (`uuid`, `description`, `group_id`, `slug`) VALUES ('61fd4c8f-e14e-45ad-bd0a-64ea52958ec8', 'Microsoft Excel Macro', '00abbdd0-51b3-4162-b93a-45deb4ed8654', 'microsoft-excel-macro');
INSERT INTO `fpr_formatversion` (`replaces_id`, `enabled`, `lastmodified`, `uuid`, `format_id`, `version`, `pronom_id`, `description`, `access_format`, `preservation_format`, `slug`) VALUES (NULL, 1, '2014-07-10 00:01:11', '86316b25-2818-46bc-b8f5-fd486e9d1b11', '61fd4c8f-e14e-45ad-bd0a-64ea52958ec8', '4.0', 'x-fmt/123', 'Microsoft Excel Macro', 0, 0, 'microsoft-excel-macro');
INSERT INTO `fpr_idrule` (`replaces_id`, `enabled`, `lastmodified`, `uuid`, `command_id`, `format_id`, `command_output`) VALUES (NULL, 1, '2014-07-10 00:01:11', 'c6f551f4-5c92-4f20-91a5-3be2dd61e0f2', '41efbe1b-3fc7-4b24-9290-d0fb5d0ea9e9', '86316b25-2818-46bc-b8f5-fd486e9d1b11', '.xla');
INSERT INTO `fpr_format` (`uuid`, `description`, `group_id`, `slug`) VALUES ('ed2a1273-3dee-4925-99d8-216189e3e506', 'Microsoft Excel Add-In', '00abbdd0-51b3-4162-b93a-45deb4ed8654', 'microsoft-excel-add-in');
INSERT INTO `fpr_formatversion` (`replaces_id`, `enabled`, `lastmodified`, `uuid`, `format_id`, `version`, `pronom_id`, `description`, `access_format`, `preservation_format`, `slug`) VALUES (NULL, 1, '2014-07-10 00:01:11', 'b5efd163-746f-4a0e-9092-8b95f70092ed', 'ed2a1273-3dee-4925-99d8-216189e3e506', NULL, 'x-fmt/124', 'Microsoft Excel Add-In', 0, 0, 'microsoft-excel-add-in');
INSERT INTO `fpr_format` (`uuid`, `description`, `group_id`, `slug`) VALUES ('c5ae5adc-53cb-45dd-bc42-41e3c108e264', 'Microsoft Excel Toolbar', '00abbdd0-51b3-4162-b93a-45deb4ed8654', 'microsoft-excel-toolbar');
INSERT INTO `fpr_formatversion` (`replaces_id`, `enabled`, `lastmodified`, `uuid`, `format_id`, `version`, `pronom_id`, `description`, `access_format`, `preservation_format`, `slug`) VALUES (NULL, 1, '2014-07-10 00:01:11', '7ace7ce3-ee11-461a-85bf-44436f1d8aef', 'c5ae5adc-53cb-45dd-bc42-41e3c108e264', NULL, 'x-fmt/125', 'Microsoft Excel Toolbar', 0, 0, 'microsoft-excel-toolbar');
INSERT INTO `fpr_idrule` (`replaces_id`, `enabled`, `lastmodified`, `uuid`, `command_id`, `format_id`, `command_output`) VALUES (NULL, 1, '2014-07-10 00:01:11', '78f9c836-2978-4a3f-99cd-8333cccb1fc7', '41efbe1b-3fc7-4b24-9290-d0fb5d0ea9e9', '7ace7ce3-ee11-461a-85bf-44436f1d8aef', '.xlb');
INSERT INTO `fpr_format` (`uuid`, `description`, `group_id`, `slug`) VALUES ('1e25cdbb-17e7-4486-95ab-3f38129736f2', 'Microsoft Excel Chart', '00abbdd0-51b3-4162-b93a-45deb4ed8654', 'microsoft-excel-chart');
INSERT INTO `fpr_formatversion` (`replaces_id`, `enabled`, `lastmodified`, `uuid`, `format_id`, `version`, `pronom_id`, `description`, `access_format`, `preservation_format`, `slug`) VALUES (NULL, 1, '2014-07-10 00:01:11', '3336f4b0-02ec-42a9-986b-d4eaca44d16a', '1e25cdbb-17e7-4486-95ab-3f38129736f2', '4.0', 'x-fmt/126', 'BIFF 4 Chart', 0, 0, 'biff-4-chart');
INSERT INTO `fpr_idrule` (`replaces_id`, `enabled`, `lastmodified`, `uuid`, `command_id`, `format_id`, `command_output`) VALUES (NULL, 1, '2014-07-10 00:01:11', 'ebe79495-2acd-4f66-8d3f-a0838a4d1e73', '41efbe1b-3fc7-4b24-9290-d0fb5d0ea9e9', '3336f4b0-02ec-42a9-986b-d4eaca44d16a', '.xlc');
INSERT INTO `fpr_format` (`uuid`, `description`, `group_id`, `slug`) VALUES ('ee0ae92e-f72a-4cbf-89ec-75965d585501', 'AutoCAD Xref Log', '00abbdd0-51b3-4162-b93a-45deb4ed8654', 'autocad-xref-log');
INSERT INTO `fpr_formatversion` (`replaces_id`, `enabled`, `lastmodified`, `uuid`, `format_id`, `version`, `pronom_id`, `description`, `access_format`, `preservation_format`, `slug`) VALUES (NULL, 1, '2014-07-10 00:01:11', 'e705b9d4-d393-47c1-bb10-6f649e936c17', 'ee0ae92e-f72a-4cbf-89ec-75965d585501', NULL, 'x-fmt/127', 'AutoCAD Xref Log', 0, 0, 'autocad-xref-log');
INSERT INTO `fpr_idrule` (`replaces_id`, `enabled`, `lastmodified`, `uuid`, `command_id`, `format_id`, `command_output`) VALUES (NULL, 1, '2014-07-10 00:01:11', '74786a1b-075e-4b32-9d46-a9ef8a9df113', '41efbe1b-3fc7-4b24-9290-d0fb5d0ea9e9', 'e705b9d4-d393-47c1-bb10-6f649e936c17', '.xlg');
INSERT INTO `fpr_format` (`uuid`, `description`, `group_id`, `slug`) VALUES ('bdaa8841-f53f-4fdc-8933-10500de3f0d6', 'Microsoft Excel Workspace', '00abbdd0-51b3-4162-b93a-45deb4ed8654', 'microsoft-excel-workspace');
INSERT INTO `fpr_formatversion` (`replaces_id`, `enabled`, `lastmodified`, `uuid`, `format_id`, `version`, `pronom_id`, `description`, `access_format`, `preservation_format`, `slug`) VALUES (NULL, 1, '2014-07-10 00:01:11', 'c44b3eaf-f856-43a2-b0a1-0aa4c0fb3d94', 'bdaa8841-f53f-4fdc-8933-10500de3f0d6', NULL, 'x-fmt/128', 'Microsoft Excel Workspace', 0, 0, 'microsoft-excel-workspace');
INSERT INTO `fpr_idrule` (`replaces_id`, `enabled`, `lastmodified`, `uuid`, `command_id`, `format_id`, `command_output`) VALUES (NULL, 1, '2014-07-10 00:01:11', 'e4ff1597-9673-47b2-9cc1-8601de05a8b1', '41efbe1b-3fc7-4b24-9290-d0fb5d0ea9e9', 'c44b3eaf-f856-43a2-b0a1-0aa4c0fb3d94', '.xlw');
INSERT INTO `fpr_format` (`uuid`, `description`, `group_id`, `slug`) VALUES ('29a2e626-ca57-4a46-b8f0-fa47530381fa', 'MS-DOS Text File with line breaks', '00abbdd0-51b3-4162-b93a-45deb4ed8654', 'ms-dos-text-file-with-line-breaks');
INSERT INTO `fpr_formatversion` (`replaces_id`, `enabled`, `lastmodified`, `uuid`, `format_id`, `version`, `pronom_id`, `description`, `access_format`, `preservation_format`, `slug`) VALUES (NULL, 1, '2014-07-10 00:01:11', '906fabf9-399f-47b1-bb81-f567b47c2f06', '29a2e626-ca57-4a46-b8f0-fa47530381fa', NULL, 'x-fmt/130', 'MS-DOS Text File with line breaks', 0, 0, 'ms-dos-text-file-with-line-breaks');
INSERT INTO `fpr_format` (`uuid`, `description`, `group_id`, `slug`) VALUES ('a363086a-87d1-4845-b038-89be990e0c4d', 'Stationery for Mac OS X', '00abbdd0-51b3-4162-b93a-45deb4ed8654', 'stationery-for-mac-os-x');
INSERT INTO `fpr_formatversion` (`replaces_id`, `enabled`, `lastmodified`, `uuid`, `format_id`, `version`, `pronom_id`, `description`, `access_format`, `preservation_format`, `slug`) VALUES (NULL, 1, '2014-07-10 00:01:11', '2b4b93be-80e1-4bab-ad65-500d84c3522f', 'a363086a-87d1-4845-b038-89be990e0c4d', NULL, 'x-fmt/131', 'Stationery for Mac OS X', 0, 0, 'stationery-for-mac-os-x');
INSERT INTO `fpr_format` (`uuid`, `description`, `group_id`, `slug`) VALUES ('2faaae9a-4ed6-4108-9631-7c1a4b68f870', 'Speller Custom Dictionary', '00abbdd0-51b3-4162-b93a-45deb4ed8654', 'speller-custom-dictionary');
INSERT INTO `fpr_formatversion` (`replaces_id`, `enabled`, `lastmodified`, `uuid`, `format_id`, `version`, `pronom_id`, `description`, `access_format`, `preservation_format`, `slug`) VALUES (NULL, 1, '2014-07-10 00:01:11', 'bdc9022c-0c6a-4760-b17f-9539a8a9d654', '2faaae9a-4ed6-4108-9631-7c1a4b68f870', NULL, 'x-fmt/132', 'Speller Custom Dictionary', 0, 0, 'speller-custom-dictionary');
INSERT INTO `fpr_idrule` (`replaces_id`, `enabled`, `lastmodified`, `uuid`, `command_id`, `format_id`, `command_output`) VALUES (NULL, 1, '2014-07-10 00:01:11', '76a56feb-86eb-473d-a95b-34756557a39a', '41efbe1b-3fc7-4b24-9290-d0fb5d0ea9e9', 'bdc9022c-0c6a-4760-b17f-9539a8a9d654', '.dic');
INSERT INTO `fpr_format` (`uuid`, `description`, `group_id`, `slug`) VALUES ('76b23317-c673-415d-ae42-5560ddf514c7', 'Speller Exclude Dictionary', '00abbdd0-51b3-4162-b93a-45deb4ed8654', 'speller-exclude-dictionary');
INSERT INTO `fpr_formatversion` (`replaces_id`, `enabled`, `lastmodified`, `uuid`, `format_id`, `version`, `pronom_id`, `description`, `access_format`, `preservation_format`, `slug`) VALUES (NULL, 1, '2014-07-10 00:01:11', '6d0399df-ad5a-444a-96e3-20a8eada51b0', '76b23317-c673-415d-ae42-5560ddf514c7', NULL, 'x-fmt/133', 'Speller Exclude Dictionary', 0, 0, 'speller-exclude-dictionary');
INSERT INTO `fpr_format` (`uuid`, `description`, `group_id`, `slug`) VALUES ('46454c79-dbcc-4610-9041-17d657be666e', 'AutoCAD Device-Independent Binary Plotter File', '00abbdd0-51b3-4162-b93a-45deb4ed8654', 'autocad-device-independent-binary-plotter-file');
INSERT INTO `fpr_formatversion` (`replaces_id`, `enabled`, `lastmodified`, `uuid`, `format_id`, `version`, `pronom_id`, `description`, `access_format`, `preservation_format`, `slug`) VALUES (NULL, 1, '2014-07-10 00:01:11', 'df2c7989-972c-4d58-810e-5375633d6278', '46454c79-dbcc-4610-9041-17d657be666e', NULL, 'x-fmt/134', 'AutoCAD Device-Independent Binary Plotter File', 0, 0, 'autocad-device-independent-binary-plotter-file');
INSERT INTO `fpr_idrule` (`replaces_id`, `enabled`, `lastmodified`, `uuid`, `command_id`, `format_id`, `command_output`) VALUES (NULL, 1, '2014-07-10 00:01:11', '8c5b6a55-19dd-4d08-ba0e-95f8c32db6f9', '41efbe1b-3fc7-4b24-9290-d0fb5d0ea9e9', 'df2c7989-972c-4d58-810e-5375633d6278', '.adi');
INSERT INTO `fpr_formatversion` (`replaces_id`, `enabled`, `lastmodified`, `uuid`, `format_id`, `version`, `pronom_id`, `description`, `access_format`, `preservation_format`, `slug`) VALUES (NULL, 1, '2014-07-10 00:01:11', 'c4cd7a15-ea93-4777-a0b1-3614794025c1', '22147b00-0fdc-4653-aa7b-618d1f4b6ffb', '1.3', 'x-fmt/135', 'Audio Interchange File Format', 0, 0, 'audio-interchange-file-format');
INSERT INTO `fpr_format` (`uuid`, `description`, `group_id`, `slug`) VALUES ('ca3e03b3-30e3-4ff2-8165-df15bc70de6c', 'Electronic Arts Music', '00abbdd0-51b3-4162-b93a-45deb4ed8654', 'electronic-arts-music');
INSERT INTO `fpr_formatversion` (`replaces_id`, `enabled`, `lastmodified`, `uuid`, `format_id`, `version`, `pronom_id`, `description`, `access_format`, `preservation_format`, `slug`) VALUES (NULL, 1, '2014-07-10 00:01:11', 'ca08d3c3-94f7-4618-9c46-640b28ca83e8', 'ca3e03b3-30e3-4ff2-8165-df15bc70de6c', NULL, 'x-fmt/137', 'Electronic Arts Music ASF', 0, 0, 'electronic-arts-music-asf');
INSERT INTO `fpr_format` (`uuid`, `description`, `group_id`, `slug`) VALUES ('ae76c9fa-7daf-4c73-874d-56843e828013', 'Active Server Page', '00abbdd0-51b3-4162-b93a-45deb4ed8654', 'active-server-page');
INSERT INTO `fpr_formatversion` (`replaces_id`, `enabled`, `lastmodified`, `uuid`, `format_id`, `version`, `pronom_id`, `description`, `access_format`, `preservation_format`, `slug`) VALUES (NULL, 1, '2014-07-10 00:01:11', 'd4be6e75-637f-41e6-a32e-02602a5af3ed', 'ae76c9fa-7daf-4c73-874d-56843e828013', NULL, 'x-fmt/138', 'Active Server Page', 0, 0, 'active-server-page');
INSERT INTO `fpr_idrule` (`replaces_id`, `enabled`, `lastmodified`, `uuid`, `command_id`, `format_id`, `command_output`) VALUES (NULL, 1, '2014-07-10 00:01:11', '408f0507-8344-4d60-b90b-a8f9d8ac7a5b', '41efbe1b-3fc7-4b24-9290-d0fb5d0ea9e9', 'd4be6e75-637f-41e6-a32e-02602a5af3ed', '.asp');
INSERT INTO `fpr_format` (`uuid`, `description`, `group_id`, `slug`) VALUES ('3c6dff6d-8dd2-426e-b807-25c71888bc81', 'NeXT/Sun sound', '00abbdd0-51b3-4162-b93a-45deb4ed8654', 'nextsun-sound');
INSERT INTO `fpr_formatversion` (`replaces_id`, `enabled`, `lastmodified`, `uuid`, `format_id`, `version`, `pronom_id`, `description`, `access_format`, `preservation_format`, `slug`) VALUES (NULL, 1, '2014-07-10 00:01:11', '1f376e57-ce39-4086-bd15-74c62731abc1', '3c6dff6d-8dd2-426e-b807-25c71888bc81', NULL, 'x-fmt/139', 'NeXT/Sun sound', 0, 0, 'nextsun-sound');
INSERT INTO `fpr_idrule` (`replaces_id`, `enabled`, `lastmodified`, `uuid`, `command_id`, `format_id`, `command_output`) VALUES (NULL, 1, '2014-07-10 00:01:11', '00aca583-0858-4b47-aa08-00d63ee79aa3', '41efbe1b-3fc7-4b24-9290-d0fb5d0ea9e9', '1f376e57-ce39-4086-bd15-74c62731abc1', '.au');
INSERT INTO `fpr_format` (`uuid`, `description`, `group_id`, `slug`) VALUES ('87c2f5b5-167c-4517-befe-8ef2eb58f95a', 'Silicon Graphics Image', '00abbdd0-51b3-4162-b93a-45deb4ed8654', 'silicon-graphics-image');
INSERT INTO `fpr_formatversion` (`replaces_id`, `enabled`, `lastmodified`, `uuid`, `format_id`, `version`, `pronom_id`, `description`, `access_format`, `preservation_format`, `slug`) VALUES (NULL, 1, '2014-07-10 00:01:11', '1a8ba329-8f96-4459-aa82-6c7862993b58', '87c2f5b5-167c-4517-befe-8ef2eb58f95a', NULL, 'x-fmt/140', 'Silicon Graphics Image', 0, 0, 'silicon-graphics-image');
INSERT INTO `fpr_idrule` (`replaces_id`, `enabled`, `lastmodified`, `uuid`, `command_id`, `format_id`, `command_output`) VALUES (NULL, 1, '2014-07-10 00:01:11', 'e1b17827-7c46-4824-8269-3911e74863a6', '41efbe1b-3fc7-4b24-9290-d0fb5d0ea9e9', '1a8ba329-8f96-4459-aa82-6c7862993b58', '.bw');
INSERT INTO `fpr_format` (`uuid`, `description`, `group_id`, `slug`) VALUES ('190b5717-1d87-49a1-80cf-d8006884b1c1', 'Calendar Creator Plus Data File', '00abbdd0-51b3-4162-b93a-45deb4ed8654', 'calendar-creator-plus-data-file');
INSERT INTO `fpr_formatversion` (`replaces_id`, `enabled`, `lastmodified`, `uuid`, `format_id`, `version`, `pronom_id`, `description`, `access_format`, `preservation_format`, `slug`) VALUES (NULL, 1, '2014-07-10 00:01:11', '2b180e27-8165-4200-afc3-07545a706033', '190b5717-1d87-49a1-80cf-d8006884b1c1', NULL, 'x-fmt/141', 'Calendar Creator Plus Data File', 0, 0, 'calendar-creator-plus-data-file');
INSERT INTO `fpr_idrule` (`replaces_id`, `enabled`, `lastmodified`, `uuid`, `command_id`, `format_id`, `command_output`) VALUES (NULL, 1, '2014-07-10 00:01:11', '6eb71b28-2e8d-4d1f-b47a-ae2c77c5fb77', '41efbe1b-3fc7-4b24-9290-d0fb5d0ea9e9', '2b180e27-8165-4200-afc3-07545a706033', '.cce');
INSERT INTO `fpr_format` (`uuid`, `description`, `group_id`, `slug`) VALUES ('c8e1b32d-2710-44d9-ba4f-a17559d3453b', 'Computer Graphics Metafile ASCII', '00abbdd0-51b3-4162-b93a-45deb4ed8654', 'computer-graphics-metafile-ascii');
INSERT INTO `fpr_formatversion` (`replaces_id`, `enabled`, `lastmodified`, `uuid`, `format_id`, `version`, `pronom_id`, `description`, `access_format`, `preservation_format`, `slug`) VALUES (NULL, 1, '2014-07-10 00:01:11', '4289fb1e-e538-4407-a615-4cfc5448363c', 'c8e1b32d-2710-44d9-ba4f-a17559d3453b', '1', 'x-fmt/142', 'Computer Graphics Metafile (Clear Text) Version 1 No.1', 0, 0, 'computer-graphics-metafile-clear-text-version-1-no');
INSERT INTO `fpr_idrule` (`replaces_id`, `enabled`, `lastmodified`, `uuid`, `command_id`, `format_id`, `command_output`) VALUES (NULL, 1, '2014-07-10 00:01:11', 'acccf02d-1a3b-4e47-85c3-0ede48904e28', '41efbe1b-3fc7-4b24-9290-d0fb5d0ea9e9', '4289fb1e-e538-4407-a615-4cfc5448363c', '.cgm');
INSERT INTO `fpr_format` (`uuid`, `description`, `group_id`, `slug`) VALUES ('658ae316-c0e1-4048-96a0-1bff9183d08e', 'OS/2 Change Control File', '00abbdd0-51b3-4162-b93a-45deb4ed8654', 'os2-change-control-file');
INSERT INTO `fpr_formatversion` (`replaces_id`, `enabled`, `lastmodified`, `uuid`, `format_id`, `version`, `pronom_id`, `description`, `access_format`, `preservation_format`, `slug`) VALUES (NULL, 1, '2014-07-10 00:01:11', 'e18e7726-8a66-4b8a-8c2f-a078d57eb333', '658ae316-c0e1-4048-96a0-1bff9183d08e', NULL, 'x-fmt/143', 'OS/2 Change Control File', 0, 0, 'os2-change-control-file');
INSERT INTO `fpr_idrule` (`replaces_id`, `enabled`, `lastmodified`, `uuid`, `command_id`, `format_id`, `command_output`) VALUES (NULL, 1, '2014-07-10 00:01:11', '08c988db-e1ff-4007-bdab-b3973c105cb0', '41efbe1b-3fc7-4b24-9290-d0fb5d0ea9e9', 'e18e7726-8a66-4b8a-8c2f-a078d57eb333', '.cin');
INSERT INTO `fpr_format` (`uuid`, `description`, `group_id`, `slug`) VALUES ('012a5ad8-1b93-46c6-8d97-1d4d51c15513', 'Corel Photo-Paint Image', '00abbdd0-51b3-4162-b93a-45deb4ed8654', 'corel-photo-paint-image');
INSERT INTO `fpr_formatversion` (`replaces_id`, `enabled`, `lastmodified`, `uuid`, `format_id`, `version`, `pronom_id`, `description`, `access_format`, `preservation_format`, `slug`) VALUES (NULL, 1, '2014-07-10 00:01:11', 'fa585efe-a9ef-4014-9097-7edaba5b5694', '012a5ad8-1b93-46c6-8d97-1d4d51c15513', NULL, 'x-fmt/144', 'Corel Photo-Paint Image', 0, 0, 'corel-photo-paint-image');
INSERT INTO `fpr_idrule` (`replaces_id`, `enabled`, `lastmodified`, `uuid`, `command_id`, `format_id`, `command_output`) VALUES (NULL, 1, '2014-07-10 00:01:11', '8548d50f-5d1f-497d-960c-15368962a3a1', '41efbe1b-3fc7-4b24-9290-d0fb5d0ea9e9', 'fa585efe-a9ef-4014-9097-7edaba5b5694', '.cpt');
INSERT INTO `fpr_format` (`uuid`, `description`, `group_id`, `slug`) VALUES ('29b416e6-e66c-43ac-b9cd-803dce5987a9', 'Stats+ Data File', '00abbdd0-51b3-4162-b93a-45deb4ed8654', 'stats-data-file');
INSERT INTO `fpr_formatversion` (`replaces_id`, `enabled`, `lastmodified`, `uuid`, `format_id`, `version`, `pronom_id`, `description`, `access_format`, `preservation_format`, `slug`) VALUES (NULL, 1, '2014-07-10 00:01:11', 'a5113eba-4d12-49c5-84ac-76735d376f6e', '29b416e6-e66c-43ac-b9cd-803dce5987a9', NULL, 'x-fmt/145', 'Stats+ Data File', 0, 0, 'stats-data-file');
INSERT INTO `fpr_format` (`uuid`, `description`, `group_id`, `slug`) VALUES ('60e623e5-50a1-4f9f-a85b-4e2684796f92', 'Scitex Continuous Tone Bitmap', '00abbdd0-51b3-4162-b93a-45deb4ed8654', 'scitex-continuous-tone-bitmap');
INSERT INTO `fpr_formatversion` (`replaces_id`, `enabled`, `lastmodified`, `uuid`, `format_id`, `version`, `pronom_id`, `description`, `access_format`, `preservation_format`, `slug`) VALUES (NULL, 1, '2014-07-10 00:01:11', 'cec83968-84a5-4a9d-ac92-2056036c266d', '60e623e5-50a1-4f9f-a85b-4e2684796f92', NULL, 'x-fmt/146', 'Scitex Continuous Tone Bitmap', 0, 0, 'scitex-continuous-tone-bitmap');
INSERT INTO `fpr_idrule` (`replaces_id`, `enabled`, `lastmodified`, `uuid`, `command_id`, `format_id`, `command_output`) VALUES (NULL, 1, '2014-07-10 00:01:11', '068a71f2-8343-4ea4-8812-e0a84dd31206', '41efbe1b-3fc7-4b24-9290-d0fb5d0ea9e9', 'cec83968-84a5-4a9d-ac92-2056036c266d', '.ct');
INSERT INTO `fpr_format` (`uuid`, `description`, `group_id`, `slug`) VALUES ('e0f09e75-b9e9-44ca-90a5-d6d280a357dc', 'Paradox Database Table', '00abbdd0-51b3-4162-b93a-45deb4ed8654', 'paradox-database-table');
INSERT INTO `fpr_formatversion` (`replaces_id`, `enabled`, `lastmodified`, `uuid`, `format_id`, `version`, `pronom_id`, `description`, `access_format`, `preservation_format`, `slug`) VALUES (NULL, 1, '2014-07-10 00:01:11', 'baae0c35-4086-4952-82aa-22af6225f4ce', 'e0f09e75-b9e9-44ca-90a5-d6d280a357dc', '7', 'x-fmt/147', 'Paradox Database Table 7', 0, 0, 'paradox-database-table-7');
INSERT INTO `fpr_idrule` (`replaces_id`, `enabled`, `lastmodified`, `uuid`, `command_id`, `format_id`, `command_output`) VALUES (NULL, 1, '2014-07-10 00:01:11', '9b3657c8-7602-4743-8e2d-bc6ced6c9533', '41efbe1b-3fc7-4b24-9290-d0fb5d0ea9e9', 'baae0c35-4086-4952-82aa-22af6225f4ce', '.db');
INSERT INTO `fpr_format` (`uuid`, `description`, `group_id`, `slug`) VALUES ('871bb6e1-a38b-41da-bdaa-471c031e9d03', 'IBM DisplayWrite DCA Text File', '00abbdd0-51b3-4162-b93a-45deb4ed8654', 'ibm-displaywrite-dca-text-file');
INSERT INTO `fpr_formatversion` (`replaces_id`, `enabled`, `lastmodified`, `uuid`, `format_id`, `version`, `pronom_id`, `description`, `access_format`, `preservation_format`, `slug`) VALUES (NULL, 1, '2014-07-10 00:01:11', '98248b17-7643-4ce3-b1bd-1f65951a2606', '871bb6e1-a38b-41da-bdaa-471c031e9d03', NULL, 'x-fmt/148', 'IBM DisplayWrite DCA Text File', 0, 0, 'ibm-displaywrite-dca-text-file');
INSERT INTO `fpr_idrule` (`replaces_id`, `enabled`, `lastmodified`, `uuid`, `command_id`, `format_id`, `command_output`) VALUES (NULL, 1, '2014-07-10 00:01:11', '0f1d50d7-5c27-4f1b-89ea-8fbaa473c23d', '41efbe1b-3fc7-4b24-9290-d0fb5d0ea9e9', '98248b17-7643-4ce3-b1bd-1f65951a2606', '.dca');
INSERT INTO `fpr_format` (`uuid`, `description`, `group_id`, `slug`) VALUES ('270b4ffd-bb7e-45f0-8cce-b52b88a891fa', 'Desktop Color Separation File', '00abbdd0-51b3-4162-b93a-45deb4ed8654', 'desktop-color-separation-file');
INSERT INTO `fpr_formatversion` (`replaces_id`, `enabled`, `lastmodified`, `uuid`, `format_id`, `version`, `pronom_id`, `description`, `access_format`, `preservation_format`, `slug`) VALUES (NULL, 1, '2014-07-10 00:01:11', '8b83859c-7e55-464d-8fa1-3ff2708d0625', '270b4ffd-bb7e-45f0-8cce-b52b88a891fa', NULL, 'x-fmt/149', 'Desktop Color Separation File', 0, 0, 'desktop-color-separation-file');
INSERT INTO `fpr_idrule` (`replaces_id`, `enabled`, `lastmodified`, `uuid`, `command_id`, `format_id`, `command_output`) VALUES (NULL, 1, '2014-07-10 00:01:11', '2c9282b3-a001-498f-849c-e6449d1307ed', '41efbe1b-3fc7-4b24-9290-d0fb5d0ea9e9', '8b83859c-7e55-464d-8fa1-3ff2708d0625', '.dcs');
INSERT INTO `fpr_format` (`uuid`, `description`, `group_id`, `slug`) VALUES ('4e23709a-f489-4bb2-9cae-7412808b9dd0', 'Visual FoxPro Database Container File', '00abbdd0-51b3-4162-b93a-45deb4ed8654', 'visual-foxpro-database-container-file');
INSERT INTO `fpr_formatversion` (`replaces_id`, `enabled`, `lastmodified`, `uuid`, `format_id`, `version`, `pronom_id`, `description`, `access_format`, `preservation_format`, `slug`) VALUES (NULL, 1, '2014-07-10 00:01:11', '26d45442-e4eb-4325-b37b-eccbcb670f98', '4e23709a-f489-4bb2-9cae-7412808b9dd0', NULL, 'x-fmt/150', 'Microsoft Visual FoxPro database container (index files)', 0, 0, 'microsoft-visual-foxpro-database-container-index-f');
INSERT INTO `fpr_idrule` (`replaces_id`, `enabled`, `lastmodified`, `uuid`, `command_id`, `format_id`, `command_output`) VALUES (NULL, 1, '2014-07-10 00:01:11', '8fdc0b17-b738-40db-b56e-6cf5ccd0d833', '41efbe1b-3fc7-4b24-9290-d0fb5d0ea9e9', '26d45442-e4eb-4325-b37b-eccbcb670f98', '.dcx');
INSERT INTO `fpr_format` (`uuid`, `description`, `group_id`, `slug`) VALUES ('6992e2ff-6fb7-4294-a7fa-5b45baa87834', 'Micrografx Designer', '00abbdd0-51b3-4162-b93a-45deb4ed8654', 'micrografx-designer');
INSERT INTO `fpr_formatversion` (`replaces_id`, `enabled`, `lastmodified`, `uuid`, `format_id`, `version`, `pronom_id`, `description`, `access_format`, `preservation_format`, `slug`) VALUES (NULL, 1, '2014-07-10 00:01:11', 'd28a3277-cb75-4c1a-a887-eb2ec47ccc41', '6992e2ff-6fb7-4294-a7fa-5b45baa87834', NULL, 'x-fmt/151', 'Micrografx Designer', 0, 0, 'micrografx-designer');
INSERT INTO `fpr_idrule` (`replaces_id`, `enabled`, `lastmodified`, `uuid`, `command_id`, `format_id`, `command_output`) VALUES (NULL, 1, '2014-07-10 00:01:11', 'e790ce0e-6c2f-4b4b-a912-5f43d48ebd2c', '41efbe1b-3fc7-4b24-9290-d0fb5d0ea9e9', 'd28a3277-cb75-4c1a-a887-eb2ec47ccc41', '.dsf');
INSERT INTO `fpr_format` (`uuid`, `description`, `group_id`, `slug`) VALUES ('354d1f3c-ddab-45a8-a2f0-db6db2bbde95', 'Digital Video', '00abbdd0-51b3-4162-b93a-45deb4ed8654', 'digital-video');
INSERT INTO `fpr_formatversion` (`replaces_id`, `enabled`, `lastmodified`, `uuid`, `format_id`, `version`, `pronom_id`, `description`, `access_format`, `preservation_format`, `slug`) VALUES (NULL, 1, '2014-07-10 00:01:11', '63c79cf1-b2f1-4b9d-9610-67b7ad521c04', '354d1f3c-ddab-45a8-a2f0-db6db2bbde95', NULL, 'x-fmt/152', 'Digital Video', 0, 0, 'digital-video');
INSERT INTO `fpr_idrule` (`replaces_id`, `enabled`, `lastmodified`, `uuid`, `command_id`, `format_id`, `command_output`) VALUES (NULL, 1, '2014-07-10 00:01:11', 'dff44650-e722-497f-bdac-485ee42eacb9', '41efbe1b-3fc7-4b24-9290-d0fb5d0ea9e9', '63c79cf1-b2f1-4b9d-9610-67b7ad521c04', '.dv');
INSERT INTO `fpr_format` (`uuid`, `description`, `group_id`, `slug`) VALUES ('3f2c334e-3926-41f3-bc82-9451309e50d1', 'Microsoft Windows Enhanced Metafile', '00abbdd0-51b3-4162-b93a-45deb4ed8654', 'microsoft-windows-enhanced-metafile');
INSERT INTO `fpr_formatversion` (`replaces_id`, `enabled`, `lastmodified`, `uuid`, `format_id`, `version`, `pronom_id`, `description`, `access_format`, `preservation_format`, `slug`) VALUES (NULL, 1, '2014-07-10 00:01:11', 'b2e673d2-74a3-4932-8ae4-4d2685a0b3a1', '3f2c334e-3926-41f3-bc82-9451309e50d1', '1.0', 'x-fmt/153', 'Microsoft Windows Enhanced Metafile 1.0 (Variation 1)', 0, 0, 'microsoft-windows-enhanced-metafile-10-variation-1');
INSERT INTO `fpr_idrule` (`replaces_id`, `enabled`, `lastmodified`, `uuid`, `command_id`, `format_id`, `command_output`) VALUES (NULL, 1, '2014-07-10 00:01:11', '7fa83556-e3d5-4ee2-a9eb-513b5ebac088', '41efbe1b-3fc7-4b24-9290-d0fb5d0ea9e9', 'b2e673d2-74a3-4932-8ae4-4d2685a0b3a1', '.emf');
INSERT INTO `fpr_format` (`uuid`, `description`, `group_id`, `slug`) VALUES ('4bf2b11e-deb9-4ff4-858e-b2528012146d', 'AutoDesk FLIC Animation', '00abbdd0-51b3-4162-b93a-45deb4ed8654', 'autodesk-flic-animation');
INSERT INTO `fpr_formatversion` (`replaces_id`, `enabled`, `lastmodified`, `uuid`, `format_id`, `version`, `pronom_id`, `description`, `access_format`, `preservation_format`, `slug`) VALUES (NULL, 1, '2014-07-10 00:01:11', '697a4570-1f34-4c17-908e-6ea0b1132201', '4bf2b11e-deb9-4ff4-858e-b2528012146d', NULL, 'x-fmt/154', 'Autodesk Animator FLIC fli', 0, 0, 'autodesk-animator-flic-fli');
INSERT INTO `fpr_idrule` (`replaces_id`, `enabled`, `lastmodified`, `uuid`, `command_id`, `format_id`, `command_output`) VALUES (NULL, 1, '2014-07-10 00:01:11', '98a4d01f-34bd-4810-afd0-8c46a7b535c1', '41efbe1b-3fc7-4b24-9290-d0fb5d0ea9e9', '697a4570-1f34-4c17-908e-6ea0b1132201', '.fli');
INSERT INTO `fpr_format` (`uuid`, `description`, `group_id`, `slug`) VALUES ('1a6149f6-08a9-4410-a58b-21ce733c8f77', 'AutoCAD Film Roll', '00abbdd0-51b3-4162-b93a-45deb4ed8654', 'autocad-film-roll');
INSERT INTO `fpr_formatversion` (`replaces_id`, `enabled`, `lastmodified`, `uuid`, `format_id`, `version`, `pronom_id`, `description`, `access_format`, `preservation_format`, `slug`) VALUES (NULL, 1, '2014-07-10 00:01:11', 'd0431730-9b42-496d-9cc3-9058bc6bbad7', '1a6149f6-08a9-4410-a58b-21ce733c8f77', NULL, 'x-fmt/155', 'AutoCAD Film Roll', 0, 0, 'autocad-film-roll');
INSERT INTO `fpr_idrule` (`replaces_id`, `enabled`, `lastmodified`, `uuid`, `command_id`, `format_id`, `command_output`) VALUES (NULL, 1, '2014-07-10 00:01:11', 'ddf2aa8a-e761-4706-ab1d-05449125195a', '41efbe1b-3fc7-4b24-9290-d0fb5d0ea9e9', 'd0431730-9b42-496d-9cc3-9058bc6bbad7', '.flm');
INSERT INTO `fpr_format` (`uuid`, `description`, `group_id`, `slug`) VALUES ('a325e3ef-feb3-4a4a-894d-fdc7c5c92cc7', 'Ventura Publisher', '00abbdd0-51b3-4162-b93a-45deb4ed8654', 'ventura-publisher');
INSERT INTO `fpr_formatversion` (`replaces_id`, `enabled`, `lastmodified`, `uuid`, `format_id`, `version`, `pronom_id`, `description`, `access_format`, `preservation_format`, `slug`) VALUES (NULL, 1, '2014-07-10 00:01:11', 'c560be9d-ff10-428d-852d-e18debc0328f', 'a325e3ef-feb3-4a4a-894d-fdc7c5c92cc7', NULL, 'x-fmt/156', 'Ventura Publisher', 0, 0, 'ventura-publisher');
INSERT INTO `fpr_idrule` (`replaces_id`, `enabled`, `lastmodified`, `uuid`, `command_id`, `format_id`, `command_output`) VALUES (NULL, 1, '2014-07-10 00:01:11', '27a9b854-a2a8-4405-af64-6879c2f4bef6', '41efbe1b-3fc7-4b24-9290-d0fb5d0ea9e9', 'c560be9d-ff10-428d-852d-e18debc0328f', '.gen');
INSERT INTO `fpr_format` (`uuid`, `description`, `group_id`, `slug`) VALUES ('dca6d10e-c8f8-4597-928f-3629f0a801a5', 'Interchange File', '00abbdd0-51b3-4162-b93a-45deb4ed8654', 'interchange-file');
INSERT INTO `fpr_formatversion` (`replaces_id`, `enabled`, `lastmodified`, `uuid`, `format_id`, `version`, `pronom_id`, `description`, `access_format`, `preservation_format`, `slug`) VALUES (NULL, 1, '2014-07-10 00:01:11', 'aa640dae-95da-4acd-b19c-f2844329e703', 'dca6d10e-c8f8-4597-928f-3629f0a801a5', NULL, 'x-fmt/157', 'Interchange File', 0, 0, 'interchange-file');
INSERT INTO `fpr_idrule` (`replaces_id`, `enabled`, `lastmodified`, `uuid`, `command_id`, `format_id`, `command_output`) VALUES (NULL, 1, '2014-07-10 00:01:11', '943f4734-8622-4d25-97ae-c91b2b2b9420', '41efbe1b-3fc7-4b24-9290-d0fb5d0ea9e9', 'aa640dae-95da-4acd-b19c-f2844329e703', '.iff');
INSERT INTO `fpr_format` (`uuid`, `description`, `group_id`, `slug`) VALUES ('8d195839-f50f-4675-beeb-41c199ed842f', 'Initial Graphics Exchange Specification (IGES)', '00abbdd0-51b3-4162-b93a-45deb4ed8654', 'initial-graphics-exchange-specification-iges');
INSERT INTO `fpr_formatversion` (`replaces_id`, `enabled`, `lastmodified`, `uuid`, `format_id`, `version`, `pronom_id`, `description`, `access_format`, `preservation_format`, `slug`) VALUES (NULL, 1, '2014-07-10 00:01:11', '7bcbbb7b-7075-4760-8193-28dd39789dd4', '8d195839-f50f-4675-beeb-41c199ed842f', '5.x', 'x-fmt/158', 'Initial Graphics Exchange Specification', 0, 0, 'initial-graphics-exchange-specification');
INSERT INTO `fpr_idrule` (`replaces_id`, `enabled`, `lastmodified`, `uuid`, `command_id`, `format_id`, `command_output`) VALUES (NULL, 1, '2014-07-10 00:01:11', 'bb185ec7-f1bf-46b3-82e3-67073a4e6048', '41efbe1b-3fc7-4b24-9290-d0fb5d0ea9e9', '7bcbbb7b-7075-4760-8193-28dd39789dd4', '.iges');
INSERT INTO `fpr_format` (`uuid`, `description`, `group_id`, `slug`) VALUES ('bb7b0e25-6ec3-4a8d-abbd-cd6571a4cfa5', 'GEM Image', '00abbdd0-51b3-4162-b93a-45deb4ed8654', 'gem-image');
INSERT INTO `fpr_formatversion` (`replaces_id`, `enabled`, `lastmodified`, `uuid`, `format_id`, `version`, `pronom_id`, `description`, `access_format`, `preservation_format`, `slug`) VALUES (NULL, 1, '2014-07-10 00:01:11', 'fe5960b1-aa30-49fa-a3b8-4afda307ed9c', 'bb7b0e25-6ec3-4a8d-abbd-cd6571a4cfa5', NULL, 'x-fmt/159', 'GEM Paint Image', 0, 0, 'gem-paint-image');
INSERT INTO `fpr_idrule` (`replaces_id`, `enabled`, `lastmodified`, `uuid`, `command_id`, `format_id`, `command_output`) VALUES (NULL, 1, '2014-07-10 00:01:11', 'f4ea37ee-7b61-4400-9ced-a60fb50a111f', '41efbe1b-3fc7-4b24-9290-d0fb5d0ea9e9', 'fe5960b1-aa30-49fa-a3b8-4afda307ed9c', '.img');
INSERT INTO `fpr_format` (`uuid`, `description`, `group_id`, `slug`) VALUES ('ad15ca2b-8042-4a2c-9a70-440754229087', 'Java Servlet Page', '00abbdd0-51b3-4162-b93a-45deb4ed8654', 'java-servlet-page');
INSERT INTO `fpr_formatversion` (`replaces_id`, `enabled`, `lastmodified`, `uuid`, `format_id`, `version`, `pronom_id`, `description`, `access_format`, `preservation_format`, `slug`) VALUES (NULL, 1, '2014-07-10 00:01:11', 'cc744d98-672a-4562-9757-43162425560f', 'ad15ca2b-8042-4a2c-9a70-440754229087', NULL, 'x-fmt/160', 'Java Servlet Page', 0, 0, 'java-servlet-page');
INSERT INTO `fpr_idrule` (`replaces_id`, `enabled`, `lastmodified`, `uuid`, `command_id`, `format_id`, `command_output`) VALUES (NULL, 1, '2014-07-10 00:01:11', '6ee1b29c-8b30-4e4f-9aaf-f616e9653265', '41efbe1b-3fc7-4b24-9290-d0fb5d0ea9e9', 'cc744d98-672a-4562-9757-43162425560f', '.jsp');
INSERT INTO `fpr_format` (`uuid`, `description`, `group_id`, `slug`) VALUES ('53daaa52-f101-44c1-9c37-7215f9fa4434', 'MacPaint Image', '00abbdd0-51b3-4162-b93a-45deb4ed8654', 'macpaint-image');
INSERT INTO `fpr_formatversion` (`replaces_id`, `enabled`, `lastmodified`, `uuid`, `format_id`, `version`, `pronom_id`, `description`, `access_format`, `preservation_format`, `slug`) VALUES (NULL, 1, '2014-07-10 00:01:11', 'ec465c7a-6029-45b8-bd4b-eb2b47502383', '53daaa52-f101-44c1-9c37-7215f9fa4434', NULL, 'x-fmt/161', 'MacPaint Image', 0, 0, 'macpaint-image');
INSERT INTO `fpr_idrule` (`replaces_id`, `enabled`, `lastmodified`, `uuid`, `command_id`, `format_id`, `command_output`) VALUES (NULL, 1, '2014-07-10 00:01:11', 'cabe01f0-6774-414a-b8b7-4617045457df', '41efbe1b-3fc7-4b24-9290-d0fb5d0ea9e9', 'ec465c7a-6029-45b8-bd4b-eb2b47502383', '.mac');
INSERT INTO `fpr_format` (`uuid`, `description`, `group_id`, `slug`) VALUES ('7afdc434-0094-41ca-8225-919fcce399e8', 'Adobe FrameMaker Interchange Format', '00abbdd0-51b3-4162-b93a-45deb4ed8654', 'adobe-framemaker-interchange-format');
INSERT INTO `fpr_formatversion` (`replaces_id`, `enabled`, `lastmodified`, `uuid`, `format_id`, `version`, `pronom_id`, `description`, `access_format`, `preservation_format`, `slug`) VALUES (NULL, 1, '2014-07-10 00:01:11', '84df9061-5184-4dc2-b222-34d8b64d849a', '7afdc434-0094-41ca-8225-919fcce399e8', NULL, 'x-fmt/162', 'Framemaker Interchange Format Document', 0, 0, 'framemaker-interchange-format-document');
INSERT INTO `fpr_idrule` (`replaces_id`, `enabled`, `lastmodified`, `uuid`, `command_id`, `format_id`, `command_output`) VALUES (NULL, 1, '2014-07-10 00:01:11', '1b4d2a63-0753-425d-af31-243a1d7ace33', '41efbe1b-3fc7-4b24-9290-d0fb5d0ea9e9', '84df9061-5184-4dc2-b222-34d8b64d849a', '.mif');
INSERT INTO `fpr_format` (`uuid`, `description`, `group_id`, `slug`) VALUES ('116bdffe-113a-4fc3-bd56-4c5c39cf4855', 'NAP Metafile', '00abbdd0-51b3-4162-b93a-45deb4ed8654', 'nap-metafile');
INSERT INTO `fpr_formatversion` (`replaces_id`, `enabled`, `lastmodified`, `uuid`, `format_id`, `version`, `pronom_id`, `description`, `access_format`, `preservation_format`, `slug`) VALUES (NULL, 1, '2014-07-10 00:01:11', 'e489d7ae-94d7-4a66-93d0-a1027fe12645', '116bdffe-113a-4fc3-bd56-4c5c39cf4855', NULL, 'x-fmt/163', 'NAP Metafile', 0, 0, 'nap-metafile');
INSERT INTO `fpr_idrule` (`replaces_id`, `enabled`, `lastmodified`, `uuid`, `command_id`, `format_id`, `command_output`) VALUES (NULL, 1, '2014-07-10 00:01:11', '9cdfb553-549b-4ba9-b9b8-036e9ed510de', '41efbe1b-3fc7-4b24-9290-d0fb5d0ea9e9', 'e489d7ae-94d7-4a66-93d0-a1027fe12645', '.nap');
INSERT INTO `fpr_format` (`uuid`, `description`, `group_id`, `slug`) VALUES ('052566c1-39d0-474a-b0f1-f05b33961f2b', 'Portable Bitmap Image - ASCII', '00abbdd0-51b3-4162-b93a-45deb4ed8654', 'portable-bitmap-image-ascii');
INSERT INTO `fpr_formatversion` (`replaces_id`, `enabled`, `lastmodified`, `uuid`, `format_id`, `version`, `pronom_id`, `description`, `access_format`, `preservation_format`, `slug`) VALUES (NULL, 1, '2014-07-10 00:01:11', '09989a5a-5760-4b4c-a14d-0e4b46cb9661', '052566c1-39d0-474a-b0f1-f05b33961f2b', NULL, 'x-fmt/164', 'Portable Bitmap Image - ASCII', 0, 0, 'portable-bitmap-image-ascii');
INSERT INTO `fpr_idrule` (`replaces_id`, `enabled`, `lastmodified`, `uuid`, `command_id`, `format_id`, `command_output`) VALUES (NULL, 1, '2014-07-10 00:01:11', 'db3aac46-f26a-44e5-9e7b-05a8b4cedd00', '41efbe1b-3fc7-4b24-9290-d0fb5d0ea9e9', '09989a5a-5760-4b4c-a14d-0e4b46cb9661', '.pbm');
INSERT INTO `fpr_format` (`uuid`, `description`, `group_id`, `slug`) VALUES ('e907c305-f282-4722-bbb7-e9efb69bb2e2', 'Kodak PhotoCD Image', '00abbdd0-51b3-4162-b93a-45deb4ed8654', 'kodak-photocd-image');
INSERT INTO `fpr_formatversion` (`replaces_id`, `enabled`, `lastmodified`, `uuid`, `format_id`, `version`, `pronom_id`, `description`, `access_format`, `preservation_format`, `slug`) VALUES (NULL, 1, '2014-07-10 00:01:11', '4cbb85e8-d068-4612-a642-642ca60a6577', 'e907c305-f282-4722-bbb7-e9efb69bb2e2', '1.0', 'x-fmt/165', 'Kodak PhotoCD Image', 0, 0, 'kodak-photocd-image');
INSERT INTO `fpr_format` (`uuid`, `description`, `group_id`, `slug`) VALUES ('111048c8-df74-41f8-987a-07020b94cafa', 'PICS Animation', '00abbdd0-51b3-4162-b93a-45deb4ed8654', 'pics-animation');
INSERT INTO `fpr_formatversion` (`replaces_id`, `enabled`, `lastmodified`, `uuid`, `format_id`, `version`, `pronom_id`, `description`, `access_format`, `preservation_format`, `slug`) VALUES (NULL, 1, '2014-07-10 00:01:11', 'ff08ec9d-5c0b-490a-8bb2-b7a1cf7220d0', '111048c8-df74-41f8-987a-07020b94cafa', NULL, 'x-fmt/166', 'PICS Animation', 0, 0, 'pics-animation');
INSERT INTO `fpr_idrule` (`replaces_id`, `enabled`, `lastmodified`, `uuid`, `command_id`, `format_id`, `command_output`) VALUES (NULL, 1, '2014-07-10 00:01:11', 'fff18522-ba18-4280-9a8e-f0c094a9b860', '41efbe1b-3fc7-4b24-9290-d0fb5d0ea9e9', 'ff08ec9d-5c0b-490a-8bb2-b7a1cf7220d0', '.pcs');
INSERT INTO `fpr_format` (`uuid`, `description`, `group_id`, `slug`) VALUES ('a6c234d7-3869-440e-a2d1-c8e778ecb195', 'Adobe PhotoDeluxe', '00abbdd0-51b3-4162-b93a-45deb4ed8654', 'adobe-photodeluxe');
INSERT INTO `fpr_formatversion` (`replaces_id`, `enabled`, `lastmodified`, `uuid`, `format_id`, `version`, `pronom_id`, `description`, `access_format`, `preservation_format`, `slug`) VALUES (NULL, 1, '2014-07-10 00:01:11', 'fa4f9e81-caa4-4714-8aea-aea51fd8c58f', 'a6c234d7-3869-440e-a2d1-c8e778ecb195', NULL, 'x-fmt/167', 'Adobe PhotoDeluxe', 0, 0, 'adobe-photodeluxe');
INSERT INTO `fpr_idrule` (`replaces_id`, `enabled`, `lastmodified`, `uuid`, `command_id`, `format_id`, `command_output`) VALUES (NULL, 1, '2014-07-10 00:01:11', 'c65dff97-e453-4bae-9153-43dd408c4f02', '41efbe1b-3fc7-4b24-9290-d0fb5d0ea9e9', 'fa4f9e81-caa4-4714-8aea-aea51fd8c58f', '.pdd');
INSERT INTO `fpr_format` (`uuid`, `description`, `group_id`, `slug`) VALUES ('13020a85-99a7-4820-b4b2-9fecd2b09fbc', 'Broderbund Print Shop Deluxe', '00abbdd0-51b3-4162-b93a-45deb4ed8654', 'broderbund-print-shop-deluxe');
INSERT INTO `fpr_formatversion` (`replaces_id`, `enabled`, `lastmodified`, `uuid`, `format_id`, `version`, `pronom_id`, `description`, `access_format`, `preservation_format`, `slug`) VALUES (NULL, 1, '2014-07-10 00:01:11', '8fd78f90-0cd8-4f61-9050-4b3e7df62518', '13020a85-99a7-4820-b4b2-9fecd2b09fbc', NULL, 'x-fmt/168', 'Broderbund Print Shop Deluxe', 0, 0, 'broderbund-print-shop-deluxe');
INSERT INTO `fpr_idrule` (`replaces_id`, `enabled`, `lastmodified`, `uuid`, `command_id`, `format_id`, `command_output`) VALUES (NULL, 1, '2014-07-10 00:01:11', 'a1b6d5ee-9d96-453d-b76a-589ec0f60655', '41efbe1b-3fc7-4b24-9290-d0fb5d0ea9e9', '8fd78f90-0cd8-4f61-9050-4b3e7df62518', '.pdp');
INSERT INTO `fpr_format` (`uuid`, `description`, `group_id`, `slug`) VALUES ('65cae7e9-4aac-491c-87ec-9b5e3ccb758b', 'PHP Script Page', '00abbdd0-51b3-4162-b93a-45deb4ed8654', 'php-script-page');
INSERT INTO `fpr_formatversion` (`replaces_id`, `enabled`, `lastmodified`, `uuid`, `format_id`, `version`, `pronom_id`, `description`, `access_format`, `preservation_format`, `slug`) VALUES (NULL, 1, '2014-07-10 00:01:11', '4b3dc1ca-e9fc-4126-b434-357bae9fedfb', '65cae7e9-4aac-491c-87ec-9b5e3ccb758b', NULL, 'x-fmt/169', 'PHP Script Page', 0, 0, 'php-script-page');
INSERT INTO `fpr_idrule` (`replaces_id`, `enabled`, `lastmodified`, `uuid`, `command_id`, `format_id`, `command_output`) VALUES (NULL, 1, '2014-07-10 00:01:11', '35b4c0f2-8006-45bd-b769-fb8c8fe7b4c8', '41efbe1b-3fc7-4b24-9290-d0fb5d0ea9e9', '4b3dc1ca-e9fc-4126-b434-357bae9fedfb', '.php');
INSERT INTO `fpr_format` (`uuid`, `description`, `group_id`, `slug`) VALUES ('5f104636-facc-4516-a9cc-49ab87aa9ec0', 'PC Paint Bitmap', '00abbdd0-51b3-4162-b93a-45deb4ed8654', 'pc-paint-bitmap');
INSERT INTO `fpr_formatversion` (`replaces_id`, `enabled`, `lastmodified`, `uuid`, `format_id`, `version`, `pronom_id`, `description`, `access_format`, `preservation_format`, `slug`) VALUES (NULL, 1, '2014-07-10 00:01:11', 'fcc406c1-6547-4d07-ae05-b009bb79f432', '5f104636-facc-4516-a9cc-49ab87aa9ec0', NULL, 'x-fmt/170', 'PC Paint Bitmap (pic)', 0, 0, 'pc-paint-bitmap-pic');
INSERT INTO `fpr_format` (`uuid`, `description`, `group_id`, `slug`) VALUES ('25ffd989-4af5-46e3-aafc-f903d24dcea2', 'Inset Systems Bitmap', '00abbdd0-51b3-4162-b93a-45deb4ed8654', 'inset-systems-bitmap');
INSERT INTO `fpr_formatversion` (`replaces_id`, `enabled`, `lastmodified`, `uuid`, `format_id`, `version`, `pronom_id`, `description`, `access_format`, `preservation_format`, `slug`) VALUES (NULL, 1, '2014-07-10 00:01:11', '7a10b72e-1083-4cec-a955-cf32601e266d', '25ffd989-4af5-46e3-aafc-f903d24dcea2', NULL, 'x-fmt/171', 'Inset Systems Bitmap', 0, 0, 'inset-systems-bitmap');
INSERT INTO `fpr_idrule` (`replaces_id`, `enabled`, `lastmodified`, `uuid`, `command_id`, `format_id`, `command_output`) VALUES (NULL, 1, '2014-07-10 00:01:11', '49f209ec-bd34-41c2-ade3-7b12e54b29cb', '41efbe1b-3fc7-4b24-9290-d0fb5d0ea9e9', '7a10b72e-1083-4cec-a955-cf32601e266d', '.pix');
INSERT INTO `fpr_format` (`uuid`, `description`, `group_id`, `slug`) VALUES ('ed2a9f69-f9ab-419a-9248-a8353ac7124f', 'Microsoft FoxPro Library', '00abbdd0-51b3-4162-b93a-45deb4ed8654', 'microsoft-foxpro-library');
INSERT INTO `fpr_formatversion` (`replaces_id`, `enabled`, `lastmodified`, `uuid`, `format_id`, `version`, `pronom_id`, `description`, `access_format`, `preservation_format`, `slug`) VALUES (NULL, 1, '2014-07-10 00:01:11', '0c2334d4-1246-4ed8-8ec9-2af074040764', 'ed2a9f69-f9ab-419a-9248-a8353ac7124f', NULL, 'x-fmt/172', 'Microsoft FoxPro Library', 0, 0, 'microsoft-foxpro-library');
INSERT INTO `fpr_idrule` (`replaces_id`, `enabled`, `lastmodified`, `uuid`, `command_id`, `format_id`, `command_output`) VALUES (NULL, 1, '2014-07-10 00:01:11', 'bd1901f3-aadf-462a-9b30-33c11e0972df', '41efbe1b-3fc7-4b24-9290-d0fb5d0ea9e9', '0c2334d4-1246-4ed8-8ec9-2af074040764', '.plb');
INSERT INTO `fpr_format` (`uuid`, `description`, `group_id`, `slug`) VALUES ('b9248641-cdd4-42df-9a25-7842e1c73406', 'PageMaker Document', '00abbdd0-51b3-4162-b93a-45deb4ed8654', 'pagemaker-document');
INSERT INTO `fpr_formatversion` (`replaces_id`, `enabled`, `lastmodified`, `uuid`, `format_id`, `version`, `pronom_id`, `description`, `access_format`, `preservation_format`, `slug`) VALUES (NULL, 1, '2014-07-10 00:01:11', 'a6da3b5c-56ef-4d0b-a1b1-d7e98db38272', 'b9248641-cdd4-42df-9a25-7842e1c73406', '5.0', 'x-fmt/173', 'PageMaker Document', 0, 0, 'pagemaker-document');
INSERT INTO `fpr_idrule` (`replaces_id`, `enabled`, `lastmodified`, `uuid`, `command_id`, `format_id`, `command_output`) VALUES (NULL, 1, '2014-07-10 00:01:11', '6292150b-5c18-4abc-a421-3b8dcaedd016', '41efbe1b-3fc7-4b24-9290-d0fb5d0ea9e9', 'a6da3b5c-56ef-4d0b-a1b1-d7e98db38272', '.pm5');
INSERT INTO `fpr_formatversion` (`replaces_id`, `enabled`, `lastmodified`, `uuid`, `format_id`, `version`, `pronom_id`, `description`, `access_format`, `preservation_format`, `slug`) VALUES (NULL, 1, '2014-07-10 00:01:11', 'fe69e5bb-a72b-41a6-b830-c76587d72625', 'b9248641-cdd4-42df-9a25-7842e1c73406', '6.0', 'x-fmt/174', 'PageMaker Document', 0, 0, 'pagemaker-document-2');
INSERT INTO `fpr_idrule` (`replaces_id`, `enabled`, `lastmodified`, `uuid`, `command_id`, `format_id`, `command_output`) VALUES (NULL, 1, '2014-07-10 00:01:11', 'cc9b5a1b-bb1a-415f-b2a2-308f3a866dd9', '41efbe1b-3fc7-4b24-9290-d0fb5d0ea9e9', 'fe69e5bb-a72b-41a6-b830-c76587d72625', '.pm6');
INSERT INTO `fpr_format` (`uuid`, `description`, `group_id`, `slug`) VALUES ('0566d1a6-1b6d-4721-bd03-3758a5a1b442', 'MacPaint Graphics', '00abbdd0-51b3-4162-b93a-45deb4ed8654', 'macpaint-graphics');
INSERT INTO `fpr_formatversion` (`replaces_id`, `enabled`, `lastmodified`, `uuid`, `format_id`, `version`, `pronom_id`, `description`, `access_format`, `preservation_format`, `slug`) VALUES (NULL, 1, '2014-07-10 00:01:11', 'b1041d2c-7ee6-4be9-b150-4b95b70fe66d', '0566d1a6-1b6d-4721-bd03-3758a5a1b442', NULL, 'x-fmt/175', 'MacPaint Graphics', 0, 0, 'macpaint-graphics');
INSERT INTO `fpr_idrule` (`replaces_id`, `enabled`, `lastmodified`, `uuid`, `command_id`, `format_id`, `command_output`) VALUES (NULL, 1, '2014-07-10 00:01:11', 'd1e6f92b-e61f-430d-82bc-0e88ef353e0b', '41efbe1b-3fc7-4b24-9290-d0fb5d0ea9e9', 'b1041d2c-7ee6-4be9-b150-4b95b70fe66d', '.pnt');
INSERT INTO `fpr_formatversion` (`replaces_id`, `enabled`, `lastmodified`, `uuid`, `format_id`, `version`, `pronom_id`, `description`, `access_format`, `preservation_format`, `slug`) VALUES (NULL, 1, '2014-07-10 00:01:11', '1dd6e082-877e-4209-a9ed-fb8758d355f3', '04ec52d4-6b88-43e0-8a95-b2c30f51dd49', '4', 'x-fmt/176', 'Picture Publisher Bitmap', 0, 0, 'picture-publisher-bitmap-2');
INSERT INTO `fpr_idrule` (`replaces_id`, `enabled`, `lastmodified`, `uuid`, `command_id`, `format_id`, `command_output`) VALUES (NULL, 1, '2014-07-10 00:01:11', '9750c622-cc72-4215-928d-6e128d42b56e', '41efbe1b-3fc7-4b24-9290-d0fb5d0ea9e9', '1dd6e082-877e-4209-a9ed-fb8758d355f3', '.pp4');
INSERT INTO `fpr_format` (`uuid`, `description`, `group_id`, `slug`) VALUES ('c4dbf566-ca31-4e3b-8767-0e0bb9fe7ca0', 'Microsoft PowerPoint Graphics File', '00abbdd0-51b3-4162-b93a-45deb4ed8654', 'microsoft-powerpoint-graphics-file');
INSERT INTO `fpr_formatversion` (`replaces_id`, `enabled`, `lastmodified`, `uuid`, `format_id`, `version`, `pronom_id`, `description`, `access_format`, `preservation_format`, `slug`) VALUES (NULL, 1, '2014-07-10 00:01:11', 'a284a88b-3faa-46dc-92a8-028aa1fefe50', 'c4dbf566-ca31-4e3b-8767-0e0bb9fe7ca0', NULL, 'x-fmt/177', 'Microsoft PowerPoint Graphics File', 0, 0, 'microsoft-powerpoint-graphics-file');
INSERT INTO `fpr_idrule` (`replaces_id`, `enabled`, `lastmodified`, `uuid`, `command_id`, `format_id`, `command_output`) VALUES (NULL, 1, '2014-07-10 00:01:11', '87e471ba-6181-44f2-92b4-67e3a995ee67', '41efbe1b-3fc7-4b24-9290-d0fb5d0ea9e9', 'a284a88b-3faa-46dc-92a8-028aa1fefe50', '.ppi');
INSERT INTO `fpr_format` (`uuid`, `description`, `group_id`, `slug`) VALUES ('fd89f819-14ae-41e6-82e7-9e42a2923fee', 'Portable Pixel Map - ASCII', '00abbdd0-51b3-4162-b93a-45deb4ed8654', 'portable-pixel-map-ascii');
INSERT INTO `fpr_formatversion` (`replaces_id`, `enabled`, `lastmodified`, `uuid`, `format_id`, `version`, `pronom_id`, `description`, `access_format`, `preservation_format`, `slug`) VALUES (NULL, 1, '2014-07-10 00:01:11', '7749752e-4a9a-4313-8a27-85e7dc1e70f2', 'fd89f819-14ae-41e6-82e7-9e42a2923fee', NULL, 'x-fmt/178', 'Portable Pixel Map - ASCII', 0, 0, 'portable-pixel-map-ascii');
INSERT INTO `fpr_idrule` (`replaces_id`, `enabled`, `lastmodified`, `uuid`, `command_id`, `format_id`, `command_output`) VALUES (NULL, 1, '2014-07-10 00:01:11', '97ab8992-4967-4610-bb85-85844ecbad5d', '41efbe1b-3fc7-4b24-9290-d0fb5d0ea9e9', '7749752e-4a9a-4313-8a27-85e7dc1e70f2', '.ppm');
INSERT INTO `fpr_format` (`uuid`, `description`, `group_id`, `slug`) VALUES ('adf319a3-edf7-4355-abca-2b8cedb20a11', 'Microsoft Visual Modeller Petal file (ASCII)', '00abbdd0-51b3-4162-b93a-45deb4ed8654', 'microsoft-visual-modeller-petal-file-ascii');
INSERT INTO `fpr_formatversion` (`replaces_id`, `enabled`, `lastmodified`, `uuid`, `format_id`, `version`, `pronom_id`, `description`, `access_format`, `preservation_format`, `slug`) VALUES (NULL, 1, '2014-07-10 00:01:11', '5e5afc52-4475-41c1-957e-ff6a7d9f8e55', 'adf319a3-edf7-4355-abca-2b8cedb20a11', NULL, 'x-fmt/179', 'Microsoft Visual Modeller Petal file (ASCII)', 0, 0, 'microsoft-visual-modeller-petal-file-ascii');
INSERT INTO `fpr_idrule` (`replaces_id`, `enabled`, `lastmodified`, `uuid`, `command_id`, `format_id`, `command_output`) VALUES (NULL, 1, '2014-07-10 00:01:11', '21a81190-6b01-4f4c-aaa7-cb8a6eee641a', '41efbe1b-3fc7-4b24-9290-d0fb5d0ea9e9', '5e5afc52-4475-41c1-957e-ff6a7d9f8e55', '.ptl');
INSERT INTO `fpr_format` (`uuid`, `description`, `group_id`, `slug`) VALUES ('4af37e1b-042c-4f4c-8c49-057c432c6a10', 'Instalit Script', '00abbdd0-51b3-4162-b93a-45deb4ed8654', 'instalit-script');
INSERT INTO `fpr_formatversion` (`replaces_id`, `enabled`, `lastmodified`, `uuid`, `format_id`, `version`, `pronom_id`, `description`, `access_format`, `preservation_format`, `slug`) VALUES (NULL, 1, '2014-07-10 00:01:11', 'fa34fed8-5ecc-4181-9c85-273a22e6f1b7', '4af37e1b-042c-4f4c-8c49-057c432c6a10', NULL, 'x-fmt/180', 'Instalit Script', 0, 0, 'instalit-script');
INSERT INTO `fpr_idrule` (`replaces_id`, `enabled`, `lastmodified`, `uuid`, `command_id`, `format_id`, `command_output`) VALUES (NULL, 1, '2014-07-10 00:01:11', '5d3ecf96-a48a-484e-8eed-e1609545181e', '41efbe1b-3fc7-4b24-9290-d0fb5d0ea9e9', 'fa34fed8-5ecc-4181-9c85-273a22e6f1b7', '.pvd');
INSERT INTO `fpr_formatversion` (`replaces_id`, `enabled`, `lastmodified`, `uuid`, `format_id`, `version`, `pronom_id`, `description`, `access_format`, `preservation_format`, `slug`) VALUES (NULL, 1, '2014-07-10 00:01:11', 'a726682c-e5d6-461c-89e8-c48bfb2efa16', 'b9248641-cdd4-42df-9a25-7842e1c73406', '6.5', 'x-fmt/181', 'PageMaker Document', 0, 0, 'pagemaker-document-3');
INSERT INTO `fpr_idrule` (`replaces_id`, `enabled`, `lastmodified`, `uuid`, `command_id`, `format_id`, `command_output`) VALUES (NULL, 1, '2014-07-10 00:01:11', '9a990094-328b-42a1-a8a6-1c7a728807f5', '41efbe1b-3fc7-4b24-9290-d0fb5d0ea9e9', 'a726682c-e5d6-461c-89e8-c48bfb2efa16', '.p65');
INSERT INTO `fpr_format` (`uuid`, `description`, `group_id`, `slug`) VALUES ('a9df9cf9-413f-4a5c-b1ff-56473296c1ed', 'Quark Xpress Data File', '00abbdd0-51b3-4162-b93a-45deb4ed8654', 'quark-xpress-data-file');
INSERT INTO `fpr_formatversion` (`replaces_id`, `enabled`, `lastmodified`, `uuid`, `format_id`, `version`, `pronom_id`, `description`, `access_format`, `preservation_format`, `slug`) VALUES (NULL, 1, '2014-07-10 00:01:11', 'a9590fd3-0f02-4cd4-9998-69f256847260', 'a9df9cf9-413f-4a5c-b1ff-56473296c1ed', NULL, 'x-fmt/182', 'QuarkXpress (Motorola)', 0, 0, 'quarkxpress-motorola');
INSERT INTO `fpr_idrule` (`replaces_id`, `enabled`, `lastmodified`, `uuid`, `command_id`, `format_id`, `command_output`) VALUES (NULL, 1, '2014-07-10 00:01:11', 'fc6e2a9d-bc10-4c46-af1e-da1affe02211', '41efbe1b-3fc7-4b24-9290-d0fb5d0ea9e9', 'a9590fd3-0f02-4cd4-9998-69f256847260', '.qxd');
INSERT INTO `fpr_format` (`uuid`, `description`, `group_id`, `slug`) VALUES ('4a396e62-703a-4fbf-96dc-7f34c6dee4f0', 'RealAudio Metafile', '00abbdd0-51b3-4162-b93a-45deb4ed8654', 'realaudio-metafile');
INSERT INTO `fpr_formatversion` (`replaces_id`, `enabled`, `lastmodified`, `uuid`, `format_id`, `version`, `pronom_id`, `description`, `access_format`, `preservation_format`, `slug`) VALUES (NULL, 1, '2014-07-10 00:01:11', '266a4699-bc82-4ea6-a30d-2818428d7406', '4a396e62-703a-4fbf-96dc-7f34c6dee4f0', NULL, 'x-fmt/183', 'RealAudio Metafile', 0, 0, 'realaudio-metafile');
INSERT INTO `fpr_idrule` (`replaces_id`, `enabled`, `lastmodified`, `uuid`, `command_id`, `format_id`, `command_output`) VALUES (NULL, 1, '2014-07-10 00:01:11', 'f10be9ac-abe3-4298-92a1-cafa0ca52a56', '41efbe1b-3fc7-4b24-9290-d0fb5d0ea9e9', '266a4699-bc82-4ea6-a30d-2818428d7406', '.ram');
INSERT INTO `fpr_format` (`uuid`, `description`, `group_id`, `slug`) VALUES ('7ca22925-38cc-4971-ba7d-f2c9887de814', 'Sun Raster Image', '00abbdd0-51b3-4162-b93a-45deb4ed8654', 'sun-raster-image');
INSERT INTO `fpr_formatversion` (`replaces_id`, `enabled`, `lastmodified`, `uuid`, `format_id`, `version`, `pronom_id`, `description`, `access_format`, `preservation_format`, `slug`) VALUES (NULL, 1, '2014-07-10 00:01:11', 'f10efa01-8b5f-41cc-bacd-c8a22a979198', '7ca22925-38cc-4971-ba7d-f2c9887de814', NULL, 'x-fmt/184', 'Sun Raster Image', 0, 0, 'sun-raster-image');
INSERT INTO `fpr_idrule` (`replaces_id`, `enabled`, `lastmodified`, `uuid`, `command_id`, `format_id`, `command_output`) VALUES (NULL, 1, '2014-07-10 00:01:11', '239a8c99-c272-4fae-a311-f84c02ae29f2', '41efbe1b-3fc7-4b24-9290-d0fb5d0ea9e9', 'f10efa01-8b5f-41cc-bacd-c8a22a979198', '.ras');
INSERT INTO `fpr_format` (`uuid`, `description`, `group_id`, `slug`) VALUES ('e030cdec-6f53-42b3-a7c6-3f04319a59bc', 'Silicon Graphics RGB File', '00abbdd0-51b3-4162-b93a-45deb4ed8654', 'silicon-graphics-rgb-file');
INSERT INTO `fpr_formatversion` (`replaces_id`, `enabled`, `lastmodified`, `uuid`, `format_id`, `version`, `pronom_id`, `description`, `access_format`, `preservation_format`, `slug`) VALUES (NULL, 1, '2014-07-10 00:01:11', '236d4a34-c7c6-41c8-aeca-86c28aa048f2', 'e030cdec-6f53-42b3-a7c6-3f04319a59bc', NULL, 'x-fmt/186', 'Silicon Graphics RGB File', 0, 0, 'silicon-graphics-rgb-file');
INSERT INTO `fpr_format` (`uuid`, `description`, `group_id`, `slug`) VALUES ('6c2bbe25-ed50-45ae-89cb-a9e3f5558b1f', 'Fractal Design Painter RIFF Bitmap Graphics', '00abbdd0-51b3-4162-b93a-45deb4ed8654', 'fractal-design-painter-riff-bitmap-graphics');
INSERT INTO `fpr_formatversion` (`replaces_id`, `enabled`, `lastmodified`, `uuid`, `format_id`, `version`, `pronom_id`, `description`, `access_format`, `preservation_format`, `slug`) VALUES (NULL, 1, '2014-07-10 00:01:11', '8d3e5ba8-b184-4b44-9c1a-1611daeb571c', '6c2bbe25-ed50-45ae-89cb-a9e3f5558b1f', NULL, 'x-fmt/187', 'Fractal Design Painter RIFF Bitmap Graphics', 0, 0, 'fractal-design-painter-riff-bitmap-graphics');
INSERT INTO `fpr_idrule` (`replaces_id`, `enabled`, `lastmodified`, `uuid`, `command_id`, `format_id`, `command_output`) VALUES (NULL, 1, '2014-07-10 00:01:11', '367e3959-f3fe-4696-a0c2-f1b7b1a6ef42', '41efbe1b-3fc7-4b24-9290-d0fb5d0ea9e9', '8d3e5ba8-b184-4b44-9c1a-1611daeb571c', '.rif');
INSERT INTO `fpr_format` (`uuid`, `description`, `group_id`, `slug`) VALUES ('b0b16bcd-ebdb-497c-8658-fbab9fde5e0e', 'SDSC Image Tool Wavefront Raster Image', '00abbdd0-51b3-4162-b93a-45deb4ed8654', 'sdsc-image-tool-wavefront-raster-image');
INSERT INTO `fpr_formatversion` (`replaces_id`, `enabled`, `lastmodified`, `uuid`, `format_id`, `version`, `pronom_id`, `description`, `access_format`, `preservation_format`, `slug`) VALUES (NULL, 1, '2014-07-10 00:01:11', '9f8f0007-728d-48fc-9079-6fc764a359b5', 'b0b16bcd-ebdb-497c-8658-fbab9fde5e0e', NULL, 'x-fmt/188', 'SDSC Image Tool Wavefront Raster Image', 0, 0, 'sdsc-image-tool-wavefront-raster-image');
INSERT INTO `fpr_idrule` (`replaces_id`, `enabled`, `lastmodified`, `uuid`, `command_id`, `format_id`, `command_output`) VALUES (NULL, 1, '2014-07-10 00:01:11', 'cbd157a9-fb66-40eb-bc71-308642d9fac7', '41efbe1b-3fc7-4b24-9290-d0fb5d0ea9e9', '9f8f0007-728d-48fc-9079-6fc764a359b5', '.rla');
INSERT INTO `fpr_format` (`uuid`, `description`, `group_id`, `slug`) VALUES ('901cf22a-79f3-4f11-b1e7-7eaf9bd80e9d', 'SDSC Image Tool Run-Length Encoded Bitmap', '00abbdd0-51b3-4162-b93a-45deb4ed8654', 'sdsc-image-tool-run-length-encoded-bitmap');
INSERT INTO `fpr_formatversion` (`replaces_id`, `enabled`, `lastmodified`, `uuid`, `format_id`, `version`, `pronom_id`, `description`, `access_format`, `preservation_format`, `slug`) VALUES (NULL, 1, '2014-07-10 00:01:11', '82ef7a6d-7510-4891-b4a8-e2a5947f6031', '901cf22a-79f3-4f11-b1e7-7eaf9bd80e9d', NULL, 'x-fmt/189', 'SDSC Image Tool Run-Length Encoded Bitmap', 0, 0, 'sdsc-image-tool-run-length-encoded-bitmap');
INSERT INTO `fpr_idrule` (`replaces_id`, `enabled`, `lastmodified`, `uuid`, `command_id`, `format_id`, `command_output`) VALUES (NULL, 1, '2014-07-10 00:01:11', '0a3a4454-a253-49cf-9d29-0bac4bdcc008', '41efbe1b-3fc7-4b24-9290-d0fb5d0ea9e9', '82ef7a6d-7510-4891-b4a8-e2a5947f6031', '.rle');
INSERT INTO `fpr_format` (`uuid`, `description`, `group_id`, `slug`) VALUES ('e1fadd44-1816-4b5b-b815-38eb529cd12e', 'RealMedia', '00abbdd0-51b3-4162-b93a-45deb4ed8654', 'realmedia');
INSERT INTO `fpr_formatversion` (`replaces_id`, `enabled`, `lastmodified`, `uuid`, `format_id`, `version`, `pronom_id`, `description`, `access_format`, `preservation_format`, `slug`) VALUES (NULL, 1, '2014-07-10 00:01:11', '72f8ebb9-e273-446c-bdda-816244efafa4', 'e1fadd44-1816-4b5b-b815-38eb529cd12e', NULL, 'x-fmt/190', 'RealMedia', 0, 0, 'realmedia');
INSERT INTO `fpr_idrule` (`replaces_id`, `enabled`, `lastmodified`, `uuid`, `command_id`, `format_id`, `command_output`) VALUES (NULL, 1, '2014-07-10 00:01:11', 'f011f816-8f05-41df-a55b-ff26e61d7e5b', '41efbe1b-3fc7-4b24-9290-d0fb5d0ea9e9', '72f8ebb9-e273-446c-bdda-816244efafa4', '.rm');
INSERT INTO `fpr_format` (`uuid`, `description`, `group_id`, `slug`) VALUES ('75e4cfa1-5171-44b0-bad0-599834857868', 'AMI Professional Document', '00abbdd0-51b3-4162-b93a-45deb4ed8654', 'ami-professional-document');
INSERT INTO `fpr_formatversion` (`replaces_id`, `enabled`, `lastmodified`, `uuid`, `format_id`, `version`, `pronom_id`, `description`, `access_format`, `preservation_format`, `slug`) VALUES (NULL, 1, '2014-07-10 00:01:11', 'b6bc0466-7826-4be3-8059-fa243968e8df', '75e4cfa1-5171-44b0-bad0-599834857868', NULL, 'x-fmt/191', 'Ami Professional Document', 0, 0, 'ami-professional-document');
INSERT INTO `fpr_idrule` (`replaces_id`, `enabled`, `lastmodified`, `uuid`, `command_id`, `format_id`, `command_output`) VALUES (NULL, 1, '2014-07-10 00:01:11', '494ca275-b780-4e11-8dcc-098b37d427d7', '41efbe1b-3fc7-4b24-9290-d0fb5d0ea9e9', 'b6bc0466-7826-4be3-8059-fa243968e8df', '.sam');
INSERT INTO `fpr_format` (`uuid`, `description`, `group_id`, `slug`) VALUES ('1bea9d5b-49e0-4a94-a4c7-e3f96e0f53e8', 'SAS for MS-DOS Catalog', '00abbdd0-51b3-4162-b93a-45deb4ed8654', 'sas-for-ms-dos-catalog');
INSERT INTO `fpr_formatversion` (`replaces_id`, `enabled`, `lastmodified`, `uuid`, `format_id`, `version`, `pronom_id`, `description`, `access_format`, `preservation_format`, `slug`) VALUES (NULL, 1, '2014-07-10 00:01:11', 'b1c25cf6-bd25-4054-b150-04044ba6372d', '1bea9d5b-49e0-4a94-a4c7-e3f96e0f53e8', NULL, 'x-fmt/192', 'SAS for MS-DOS Catalog', 0, 0, 'sas-for-ms-dos-catalog');
INSERT INTO `fpr_idrule` (`replaces_id`, `enabled`, `lastmodified`, `uuid`, `command_id`, `format_id`, `command_output`) VALUES (NULL, 1, '2014-07-10 00:01:11', '4ddf4cf9-74d7-4e98-8c51-aeda3fe64299', '41efbe1b-3fc7-4b24-9290-d0fb5d0ea9e9', 'b1c25cf6-bd25-4054-b150-04044ba6372d', '.sct');
INSERT INTO `fpr_format` (`uuid`, `description`, `group_id`, `slug`) VALUES ('0d0a91d4-8021-4d9d-92e4-dad49d54eedd', 'Unisys (Sperry) System Data File', '00abbdd0-51b3-4162-b93a-45deb4ed8654', 'unisys-sperry-system-data-file');
INSERT INTO `fpr_formatversion` (`replaces_id`, `enabled`, `lastmodified`, `uuid`, `format_id`, `version`, `pronom_id`, `description`, `access_format`, `preservation_format`, `slug`) VALUES (NULL, 1, '2014-07-10 00:01:11', '7b548675-cc23-4297-a994-10ed98db42da', '0d0a91d4-8021-4d9d-92e4-dad49d54eedd', NULL, 'x-fmt/193', 'Unisys (Sperry) System Data File', 0, 0, 'unisys-sperry-system-data-file');
INSERT INTO `fpr_idrule` (`replaces_id`, `enabled`, `lastmodified`, `uuid`, `command_id`, `format_id`, `command_output`) VALUES (NULL, 1, '2014-07-10 00:01:11', '04438584-933f-4027-88b1-8088d4784c7d', '41efbe1b-3fc7-4b24-9290-d0fb5d0ea9e9', '7b548675-cc23-4297-a994-10ed98db42da', '.sdf');
INSERT INTO `fpr_format` (`uuid`, `description`, `group_id`, `slug`) VALUES ('a62004c0-f1f4-4d9e-8bf9-11539695263f', 'IRIS Graphics', '00abbdd0-51b3-4162-b93a-45deb4ed8654', 'iris-graphics');
INSERT INTO `fpr_formatversion` (`replaces_id`, `enabled`, `lastmodified`, `uuid`, `format_id`, `version`, `pronom_id`, `description`, `access_format`, `preservation_format`, `slug`) VALUES (NULL, 1, '2014-07-10 00:01:11', '706d775d-4c2f-45b1-bcdd-d35f1c988f45', 'a62004c0-f1f4-4d9e-8bf9-11539695263f', NULL, 'x-fmt/194', 'IRIS Graphics', 0, 0, 'iris-graphics');
INSERT INTO `fpr_format` (`uuid`, `description`, `group_id`, `slug`) VALUES ('dc335b75-ee49-4ba0-a6d9-ee8328b8f970', 'Standard Generalized Markup Language', '00abbdd0-51b3-4162-b93a-45deb4ed8654', 'standard-generalized-markup-language');
INSERT INTO `fpr_formatversion` (`replaces_id`, `enabled`, `lastmodified`, `uuid`, `format_id`, `version`, `pronom_id`, `description`, `access_format`, `preservation_format`, `slug`) VALUES (NULL, 1, '2014-07-10 00:01:11', 'c37023cb-e615-4435-9e6f-c4cf054cdfa9', 'dc335b75-ee49-4ba0-a6d9-ee8328b8f970', NULL, 'x-fmt/195', 'Standard Generalized Markup Language', 0, 0, 'standard-generalized-markup-language');
INSERT INTO `fpr_idrule` (`replaces_id`, `enabled`, `lastmodified`, `uuid`, `command_id`, `format_id`, `command_output`) VALUES (NULL, 1, '2014-07-10 00:01:11', '588b3c86-0bd2-42ba-b9d1-f3beb4b356d3', '41efbe1b-3fc7-4b24-9290-d0fb5d0ea9e9', 'c37023cb-e615-4435-9e6f-c4cf054cdfa9', '.sgml');
INSERT INTO `fpr_format` (`uuid`, `description`, `group_id`, `slug`) VALUES ('975e9bf9-f4a4-4153-bae7-ab167d4149de', 'NeXt Sound', '00abbdd0-51b3-4162-b93a-45deb4ed8654', 'next-sound');
INSERT INTO `fpr_formatversion` (`replaces_id`, `enabled`, `lastmodified`, `uuid`, `format_id`, `version`, `pronom_id`, `description`, `access_format`, `preservation_format`, `slug`) VALUES (NULL, 1, '2014-07-10 00:01:11', '90469aa2-e0b1-4d54-a4cd-de031f65d4ef', '975e9bf9-f4a4-4153-bae7-ab167d4149de', NULL, 'x-fmt/196', 'NeXt Sound', 0, 0, 'next-sound');
INSERT INTO `fpr_format` (`uuid`, `description`, `group_id`, `slug`) VALUES ('2ecd6b4f-f828-4973-b89a-d0f6e38181b0', 'DataFlex Query Tag Name', '00abbdd0-51b3-4162-b93a-45deb4ed8654', 'dataflex-query-tag-name');
INSERT INTO `fpr_formatversion` (`replaces_id`, `enabled`, `lastmodified`, `uuid`, `format_id`, `version`, `pronom_id`, `description`, `access_format`, `preservation_format`, `slug`) VALUES (NULL, 1, '2014-07-10 00:01:11', '895afe77-6b7b-4715-b1b8-51b3004e4a8e', '2ecd6b4f-f828-4973-b89a-d0f6e38181b0', NULL, 'x-fmt/197', 'DataFlex Query Tag Name', 0, 0, 'dataflex-query-tag-name');
INSERT INTO `fpr_idrule` (`replaces_id`, `enabled`, `lastmodified`, `uuid`, `command_id`, `format_id`, `command_output`) VALUES (NULL, 1, '2014-07-10 00:01:11', '316efab9-2a98-46cb-8612-43cae5c3b756', '41efbe1b-3fc7-4b24-9290-d0fb5d0ea9e9', '895afe77-6b7b-4715-b1b8-51b3004e4a8e', '.tag');
INSERT INTO `fpr_format` (`uuid`, `description`, `group_id`, `slug`) VALUES ('dcbef462-c0d0-463d-b41c-6a4d7620f64c', 'Pagemaker TableEditor Graphics', '00abbdd0-51b3-4162-b93a-45deb4ed8654', 'pagemaker-tableeditor-graphics');
INSERT INTO `fpr_formatversion` (`replaces_id`, `enabled`, `lastmodified`, `uuid`, `format_id`, `version`, `pronom_id`, `description`, `access_format`, `preservation_format`, `slug`) VALUES (NULL, 1, '2014-07-10 00:01:11', '49452007-8770-4e13-a802-e40832e8edef', 'dcbef462-c0d0-463d-b41c-6a4d7620f64c', NULL, 'x-fmt/198', 'Pagemaker TableEditor Graphics', 0, 0, 'pagemaker-tableeditor-graphics');
INSERT INTO `fpr_idrule` (`replaces_id`, `enabled`, `lastmodified`, `uuid`, `command_id`, `format_id`, `command_output`) VALUES (NULL, 1, '2014-07-10 00:01:11', 'd08924a5-3a09-4a4b-8788-466d8f6bf187', '41efbe1b-3fc7-4b24-9290-d0fb5d0ea9e9', '49452007-8770-4e13-a802-e40832e8edef', '.tbl');
INSERT INTO `fpr_format` (`uuid`, `description`, `group_id`, `slug`) VALUES ('e95336fa-2ea8-4d69-9d6d-9a0ab6fd7acb', 'Turbo Debugger Keystroke Recording File', '00abbdd0-51b3-4162-b93a-45deb4ed8654', 'turbo-debugger-keystroke-recording-file');
INSERT INTO `fpr_formatversion` (`replaces_id`, `enabled`, `lastmodified`, `uuid`, `format_id`, `version`, `pronom_id`, `description`, `access_format`, `preservation_format`, `slug`) VALUES (NULL, 1, '2014-07-10 00:01:11', 'b42b1c11-bc79-48a5-8728-195846ea0159', 'e95336fa-2ea8-4d69-9d6d-9a0ab6fd7acb', NULL, 'x-fmt/199', 'Turbo Debugger Keystroke Recording File', 0, 0, 'turbo-debugger-keystroke-recording-file');
INSERT INTO `fpr_idrule` (`replaces_id`, `enabled`, `lastmodified`, `uuid`, `command_id`, `format_id`, `command_output`) VALUES (NULL, 1, '2014-07-10 00:01:11', 'acda970f-e4fc-4202-b3e7-0cea640655a4', '41efbe1b-3fc7-4b24-9290-d0fb5d0ea9e9', 'b42b1c11-bc79-48a5-8728-195846ea0159', '.tdk');
INSERT INTO `fpr_format` (`uuid`, `description`, `group_id`, `slug`) VALUES ('141a5c56-266c-4bc2-bc14-fc6e36792db1', 'PageMaker Time Stamp File', '00abbdd0-51b3-4162-b93a-45deb4ed8654', 'pagemaker-time-stamp-file');
INSERT INTO `fpr_formatversion` (`replaces_id`, `enabled`, `lastmodified`, `uuid`, `format_id`, `version`, `pronom_id`, `description`, `access_format`, `preservation_format`, `slug`) VALUES (NULL, 1, '2014-07-10 00:01:11', '3c4db8c8-21e9-4c71-9d94-d8ecdecccb16', '141a5c56-266c-4bc2-bc14-fc6e36792db1', '4.0', 'x-fmt/200', 'PageMaker Time Stamp File', 0, 0, 'pagemaker-time-stamp-file');
INSERT INTO `fpr_idrule` (`replaces_id`, `enabled`, `lastmodified`, `uuid`, `command_id`, `format_id`, `command_output`) VALUES (NULL, 1, '2014-07-10 00:01:11', '63962962-ee0c-425c-b3ce-4f4f4df55f81', '41efbe1b-3fc7-4b24-9290-d0fb5d0ea9e9', '3c4db8c8-21e9-4c71-9d94-d8ecdecccb16', '.tym');
INSERT INTO `fpr_format` (`uuid`, `description`, `group_id`, `slug`) VALUES ('a35bb38f-3a56-433b-aad6-81bb8d97b4f9', 'CCITT G.711 Audio', '00abbdd0-51b3-4162-b93a-45deb4ed8654', 'ccitt-g711-audio');
INSERT INTO `fpr_formatversion` (`replaces_id`, `enabled`, `lastmodified`, `uuid`, `format_id`, `version`, `pronom_id`, `description`, `access_format`, `preservation_format`, `slug`) VALUES (NULL, 1, '2014-07-10 00:01:11', 'f9df19af-8fef-472b-a44e-fdb377449e45', 'a35bb38f-3a56-433b-aad6-81bb8d97b4f9', NULL, 'x-fmt/201', 'CCITT G.711 Audio', 0, 0, 'ccitt-g711-audio');
INSERT INTO `fpr_idrule` (`replaces_id`, `enabled`, `lastmodified`, `uuid`, `command_id`, `format_id`, `command_output`) VALUES (NULL, 1, '2014-07-10 00:01:11', '56ec4295-b554-465f-91e7-8fa66756c635', '41efbe1b-3fc7-4b24-9290-d0fb5d0ea9e9', 'f9df19af-8fef-472b-a44e-fdb377449e45', '.ulaw');
INSERT INTO `fpr_format` (`uuid`, `description`, `group_id`, `slug`) VALUES ('a1180ab9-0672-4416-a4e3-03b0bec17948', 'Corel Wavelet Compressed Bitmap', '00abbdd0-51b3-4162-b93a-45deb4ed8654', 'corel-wavelet-compressed-bitmap');
INSERT INTO `fpr_formatversion` (`replaces_id`, `enabled`, `lastmodified`, `uuid`, `format_id`, `version`, `pronom_id`, `description`, `access_format`, `preservation_format`, `slug`) VALUES (NULL, 1, '2014-07-10 00:01:11', '030d1b4b-a794-4d2d-9f64-b53e33ccd5aa', 'a1180ab9-0672-4416-a4e3-03b0bec17948', NULL, 'x-fmt/202', 'Corel Wavelet Compressed Bitmap', 0, 0, 'corel-wavelet-compressed-bitmap');
INSERT INTO `fpr_idrule` (`replaces_id`, `enabled`, `lastmodified`, `uuid`, `command_id`, `format_id`, `command_output`) VALUES (NULL, 1, '2014-07-10 00:01:11', '8a89d18e-b3b2-49f3-8362-2717e9fca4e3', '41efbe1b-3fc7-4b24-9290-d0fb5d0ea9e9', '030d1b4b-a794-4d2d-9f64-b53e33ccd5aa', '.wi');
INSERT INTO `fpr_format` (`uuid`, `description`, `group_id`, `slug`) VALUES ('d22a3788-09df-4c0f-9a58-11e3832e80cc', 'Microsoft Word for Windows Macro', '00abbdd0-51b3-4162-b93a-45deb4ed8654', 'microsoft-word-for-windows-macro');
INSERT INTO `fpr_formatversion` (`replaces_id`, `enabled`, `lastmodified`, `uuid`, `format_id`, `version`, `pronom_id`, `description`, `access_format`, `preservation_format`, `slug`) VALUES (NULL, 1, '2014-07-10 00:01:11', '1cb19375-bdb0-4a8a-9585-ae1c884bd0b2', 'd22a3788-09df-4c0f-9a58-11e3832e80cc', NULL, 'x-fmt/204', 'Microsoft Word for Windows Macro', 0, 0, 'microsoft-word-for-windows-macro');
INSERT INTO `fpr_idrule` (`replaces_id`, `enabled`, `lastmodified`, `uuid`, `command_id`, `format_id`, `command_output`) VALUES (NULL, 1, '2014-07-10 00:01:11', 'bff1c6fc-f7b1-4b6a-9d39-ddfe9424b8c7', '41efbe1b-3fc7-4b24-9290-d0fb5d0ea9e9', '1cb19375-bdb0-4a8a-9585-ae1c884bd0b2', '.wpm');
INSERT INTO `fpr_format` (`uuid`, `description`, `group_id`, `slug`) VALUES ('843dc4e1-71ce-410d-a8d4-73b59b2532e4', 'WordStar for MS-DOS Document', '00abbdd0-51b3-4162-b93a-45deb4ed8654', 'wordstar-for-ms-dos-document');
INSERT INTO `fpr_formatversion` (`replaces_id`, `enabled`, `lastmodified`, `uuid`, `format_id`, `version`, `pronom_id`, `description`, `access_format`, `preservation_format`, `slug`) VALUES (NULL, 1, '2014-07-10 00:01:11', 'f7275c9e-f3cb-4ad3-bf8a-9c4e9c89bbea', '843dc4e1-71ce-410d-a8d4-73b59b2532e4', '5.0', 'x-fmt/205', 'WordStar for DOS Document 5.0', 0, 0, 'wordstar-for-dos-document-50');
INSERT INTO `fpr_idrule` (`replaces_id`, `enabled`, `lastmodified`, `uuid`, `command_id`, `format_id`, `command_output`) VALUES (NULL, 1, '2014-07-10 00:01:11', '1042516e-d818-4f5e-b875-c5c8c848d139', '41efbe1b-3fc7-4b24-9290-d0fb5d0ea9e9', 'f7275c9e-f3cb-4ad3-bf8a-9c4e9c89bbea', '.ws');
INSERT INTO `fpr_format` (`uuid`, `description`, `group_id`, `slug`) VALUES ('9ff5127b-c2ef-4e9d-9630-533be439ad38', 'WordStar for Windows Document', '00abbdd0-51b3-4162-b93a-45deb4ed8654', 'wordstar-for-windows-document');
INSERT INTO `fpr_formatversion` (`replaces_id`, `enabled`, `lastmodified`, `uuid`, `format_id`, `version`, `pronom_id`, `description`, `access_format`, `preservation_format`, `slug`) VALUES (NULL, 1, '2014-07-10 00:01:11', '0f182afc-6f98-45d6-bc8a-2387b7ee172c', '9ff5127b-c2ef-4e9d-9630-533be439ad38', '1.0', 'x-fmt/206', 'WordStar for Windows Document', 0, 0, 'wordstar-for-windows-document');
INSERT INTO `fpr_idrule` (`replaces_id`, `enabled`, `lastmodified`, `uuid`, `command_id`, `format_id`, `command_output`) VALUES (NULL, 1, '2014-07-10 00:01:11', '6bed5b5b-4298-40ab-bd2b-f9aa302e29e4', '41efbe1b-3fc7-4b24-9290-d0fb5d0ea9e9', '0f182afc-6f98-45d6-bc8a-2387b7ee172c', '.wsd');
INSERT INTO `fpr_format` (`uuid`, `description`, `group_id`, `slug`) VALUES ('90750e52-2ac5-4d57-b899-a8556a08c7a7', 'X-Windows Bitmap Image', '00abbdd0-51b3-4162-b93a-45deb4ed8654', 'x-windows-bitmap-image');
INSERT INTO `fpr_formatversion` (`replaces_id`, `enabled`, `lastmodified`, `uuid`, `format_id`, `version`, `pronom_id`, `description`, `access_format`, `preservation_format`, `slug`) VALUES (NULL, 1, '2014-07-10 00:01:11', '2f67a98b-224f-495e-a5e8-6e87588df052', '90750e52-2ac5-4d57-b899-a8556a08c7a7', 'X11', 'x-fmt/207', 'X-Windows Bitmap Image X11', 0, 0, 'x-windows-bitmap-image-x11');
INSERT INTO `fpr_idrule` (`replaces_id`, `enabled`, `lastmodified`, `uuid`, `command_id`, `format_id`, `command_output`) VALUES (NULL, 1, '2014-07-10 00:01:11', '9b7264d9-396f-4a60-9239-54b4ed586422', '41efbe1b-3fc7-4b24-9290-d0fb5d0ea9e9', '2f67a98b-224f-495e-a5e8-6e87588df052', '.xbm');
INSERT INTO `fpr_format` (`uuid`, `description`, `group_id`, `slug`) VALUES ('5fc01e36-bce6-4d98-bdf1-9ab8d3ad2c7c', 'X-Windows Pixmap Image', '00abbdd0-51b3-4162-b93a-45deb4ed8654', 'x-windows-pixmap-image');
INSERT INTO `fpr_formatversion` (`replaces_id`, `enabled`, `lastmodified`, `uuid`, `format_id`, `version`, `pronom_id`, `description`, `access_format`, `preservation_format`, `slug`) VALUES (NULL, 1, '2014-07-10 00:01:11', 'dca41f2e-5f30-4a90-9254-d58fdc9b8182', '5fc01e36-bce6-4d98-bdf1-9ab8d3ad2c7c', 'X10', 'x-fmt/208', 'X-Windows Pixmap Image X10', 0, 0, 'x-windows-pixmap-image-x10');
INSERT INTO `fpr_idrule` (`replaces_id`, `enabled`, `lastmodified`, `uuid`, `command_id`, `format_id`, `command_output`) VALUES (NULL, 1, '2014-07-10 00:01:11', 'ac513042-b0ce-4a6d-9023-fc04cd76d4cc', '41efbe1b-3fc7-4b24-9290-d0fb5d0ea9e9', 'dca41f2e-5f30-4a90-9254-d58fdc9b8182', '.xpm');
INSERT INTO `fpr_format` (`uuid`, `description`, `group_id`, `slug`) VALUES ('752feb73-2701-49aa-ab3f-1226d7ca942f', 'SDSC Image Tool X Window Dump Format', '00abbdd0-51b3-4162-b93a-45deb4ed8654', 'sdsc-image-tool-x-window-dump-format');
INSERT INTO `fpr_formatversion` (`replaces_id`, `enabled`, `lastmodified`, `uuid`, `format_id`, `version`, `pronom_id`, `description`, `access_format`, `preservation_format`, `slug`) VALUES (NULL, 1, '2014-07-10 00:01:11', '663db4e8-9ef7-401d-b2ce-f3f5ee5c1b3b', '752feb73-2701-49aa-ab3f-1226d7ca942f', NULL, 'x-fmt/209', 'SDSC Image Tool X Window Dump Format', 0, 0, 'sdsc-image-tool-x-window-dump-format');
INSERT INTO `fpr_idrule` (`replaces_id`, `enabled`, `lastmodified`, `uuid`, `command_id`, `format_id`, `command_output`) VALUES (NULL, 1, '2014-07-10 00:01:11', '897486a1-9c6c-4c5d-8ea4-c3312c79f49a', '41efbe1b-3fc7-4b24-9290-d0fb5d0ea9e9', '663db4e8-9ef7-401d-b2ce-f3f5ee5c1b3b', '.xwd');
INSERT INTO `fpr_format` (`uuid`, `description`, `group_id`, `slug`) VALUES ('bc0b7a73-e984-474f-956f-30d21b8c43a8', 'XYWrite Document', '00abbdd0-51b3-4162-b93a-45deb4ed8654', 'xywrite-document');
INSERT INTO `fpr_formatversion` (`replaces_id`, `enabled`, `lastmodified`, `uuid`, `format_id`, `version`, `pronom_id`, `description`, `access_format`, `preservation_format`, `slug`) VALUES (NULL, 1, '2014-07-10 00:01:11', '372d2fef-fc4a-482f-a632-c05468a4175c', 'bc0b7a73-e984-474f-956f-30d21b8c43a8', NULL, 'x-fmt/210', 'XYWrite Document', 0, 0, 'xywrite-document');
INSERT INTO `fpr_idrule` (`replaces_id`, `enabled`, `lastmodified`, `uuid`, `command_id`, `format_id`, `command_output`) VALUES (NULL, 1, '2014-07-10 00:01:11', 'd63fbda2-e84b-4af3-aabd-bfbb69ac7040', '41efbe1b-3fc7-4b24-9290-d0fb5d0ea9e9', '372d2fef-fc4a-482f-a632-c05468a4175c', '.xy');
INSERT INTO `fpr_formatversion` (`replaces_id`, `enabled`, `lastmodified`, `uuid`, `format_id`, `version`, `pronom_id`, `description`, `access_format`, `preservation_format`, `slug`) VALUES (NULL, 1, '2014-07-10 00:01:11', '8a3ad7b1-e1c5-4353-b3fc-cb945276cfa9', 'bc0b7a73-e984-474f-956f-30d21b8c43a8', 'III', 'x-fmt/211', 'XYWrite Document', 0, 0, 'xywrite-document-2');
INSERT INTO `fpr_idrule` (`replaces_id`, `enabled`, `lastmodified`, `uuid`, `command_id`, `format_id`, `command_output`) VALUES (NULL, 1, '2014-07-10 00:01:11', '96e919b4-65b5-436b-8bbf-b5a1c59effb9', '41efbe1b-3fc7-4b24-9290-d0fb5d0ea9e9', '8a3ad7b1-e1c5-4353-b3fc-cb945276cfa9', '.xy3');
INSERT INTO `fpr_formatversion` (`replaces_id`, `enabled`, `lastmodified`, `uuid`, `format_id`, `version`, `pronom_id`, `description`, `access_format`, `preservation_format`, `slug`) VALUES (NULL, 1, '2014-07-10 00:01:11', '7991b2c4-57a1-4c57-acd7-5fef80da435d', 'b21a7995-6fc7-4088-ab24-821fda526f2b', '5.0', 'x-fmt/212', 'Lotus 1-2-3 Worksheet', 0, 0, 'lotus-1-2-3-worksheet');
INSERT INTO `fpr_format` (`uuid`, `description`, `group_id`, `slug`) VALUES ('7ff89361-a1f4-49af-b4d4-04fd72b38ac7', 'Quicken Data File', '00abbdd0-51b3-4162-b93a-45deb4ed8654', 'quicken-data-file');
INSERT INTO `fpr_formatversion` (`replaces_id`, `enabled`, `lastmodified`, `uuid`, `format_id`, `version`, `pronom_id`, `description`, `access_format`, `preservation_format`, `slug`) VALUES (NULL, 1, '2014-07-10 00:01:11', 'f2241aeb-aaa5-4b7e-aeaf-0902389b48b0', '7ff89361-a1f4-49af-b4d4-04fd72b38ac7', NULL, 'x-fmt/213', 'Quicken Data File', 0, 0, 'quicken-data-file');
INSERT INTO `fpr_idrule` (`replaces_id`, `enabled`, `lastmodified`, `uuid`, `command_id`, `format_id`, `command_output`) VALUES (NULL, 1, '2014-07-10 00:01:11', '76efb173-35bf-44ba-9177-1aa377dc1f52', '41efbe1b-3fc7-4b24-9290-d0fb5d0ea9e9', 'f2241aeb-aaa5-4b7e-aeaf-0902389b48b0', '.abd');
INSERT INTO `fpr_format` (`uuid`, `description`, `group_id`, `slug`) VALUES ('615db4df-0823-46e4-8214-f043c0e4cdbd', 'Windows Paint', '00abbdd0-51b3-4162-b93a-45deb4ed8654', 'windows-paint');
INSERT INTO `fpr_formatversion` (`replaces_id`, `enabled`, `lastmodified`, `uuid`, `format_id`, `version`, `pronom_id`, `description`, `access_format`, `preservation_format`, `slug`) VALUES (NULL, 1, '2014-07-10 00:01:11', '04e2b26c-1494-4533-9b15-12b745785e2d', '615db4df-0823-46e4-8214-f043c0e4cdbd', '3.x', 'x-fmt/214', 'Windows Paint', 0, 0, 'windows-paint');
INSERT INTO `fpr_idrule` (`replaces_id`, `enabled`, `lastmodified`, `uuid`, `command_id`, `format_id`, `command_output`) VALUES (NULL, 1, '2014-07-10 00:01:11', 'e067dd22-5901-46cf-b3bd-0c1233eebc0d', '41efbe1b-3fc7-4b24-9290-d0fb5d0ea9e9', '04e2b26c-1494-4533-9b15-12b745785e2d', '.msp');
INSERT INTO `fpr_format` (`uuid`, `description`, `group_id`, `slug`) VALUES ('a92324c1-3a36-4e37-b416-2af0b2083da3', 'GEM Metafile Format', '00abbdd0-51b3-4162-b93a-45deb4ed8654', 'gem-metafile-format');
INSERT INTO `fpr_formatversion` (`replaces_id`, `enabled`, `lastmodified`, `uuid`, `format_id`, `version`, `pronom_id`, `description`, `access_format`, `preservation_format`, `slug`) VALUES (NULL, 1, '2014-07-10 00:01:11', '581ede95-43aa-486a-a396-647201d0857e', 'a92324c1-3a36-4e37-b416-2af0b2083da3', '1.00', 'x-fmt/215', 'GEM metafile 1.00 big endian', 0, 0, 'gem-metafile-100-big-endian');
INSERT INTO `fpr_format` (`uuid`, `description`, `group_id`, `slug`) VALUES ('33b29859-4d04-4d11-b997-70e6c1be964f', 'Microsoft Powerpoint Packaged Presentation', '00abbdd0-51b3-4162-b93a-45deb4ed8654', 'microsoft-powerpoint-packaged-presentation');
INSERT INTO `fpr_formatversion` (`replaces_id`, `enabled`, `lastmodified`, `uuid`, `format_id`, `version`, `pronom_id`, `description`, `access_format`, `preservation_format`, `slug`) VALUES (NULL, 1, '2014-07-10 00:01:11', '5da3c726-d128-4bde-a318-e9632699d199', '33b29859-4d04-4d11-b997-70e6c1be964f', NULL, 'x-fmt/216', 'Microsoft Powerpoint Packaged Presentation', 0, 0, 'microsoft-powerpoint-packaged-presentation');
INSERT INTO `fpr_idrule` (`replaces_id`, `enabled`, `lastmodified`, `uuid`, `command_id`, `format_id`, `command_output`) VALUES (NULL, 1, '2014-07-10 00:01:11', '2efc7649-42d7-4e5d-84da-3fdd652b4daa', '41efbe1b-3fc7-4b24-9290-d0fb5d0ea9e9', '5da3c726-d128-4bde-a318-e9632699d199', '.ppz');
INSERT INTO `fpr_format` (`uuid`, `description`, `group_id`, `slug`) VALUES ('fe49b403-cd01-45d2-b51c-55e9008b7823', 'Adobe ACD', '00abbdd0-51b3-4162-b93a-45deb4ed8654', 'adobe-acd');
INSERT INTO `fpr_formatversion` (`replaces_id`, `enabled`, `lastmodified`, `uuid`, `format_id`, `version`, `pronom_id`, `description`, `access_format`, `preservation_format`, `slug`) VALUES (NULL, 1, '2014-07-10 00:01:11', '0c4ef564-6d45-4d4a-8dcf-53e928c25a41', 'fe49b403-cd01-45d2-b51c-55e9008b7823', NULL, 'x-fmt/217', 'Adobe ACD', 0, 0, 'adobe-acd');
INSERT INTO `fpr_idrule` (`replaces_id`, `enabled`, `lastmodified`, `uuid`, `command_id`, `format_id`, `command_output`) VALUES (NULL, 1, '2014-07-10 00:01:11', '32a863a0-1a39-4a73-94bb-8f4eb20b87cc', '41efbe1b-3fc7-4b24-9290-d0fb5d0ea9e9', '0c4ef564-6d45-4d4a-8dcf-53e928c25a41', '.acd');
INSERT INTO `fpr_format` (`uuid`, `description`, `group_id`, `slug`) VALUES ('96ab94e3-ca52-46c4-adde-9f35fd107a41', 'ESRI Arc/Info Binary Grid', '00abbdd0-51b3-4162-b93a-45deb4ed8654', 'esri-arcinfo-binary-grid');
INSERT INTO `fpr_formatversion` (`replaces_id`, `enabled`, `lastmodified`, `uuid`, `format_id`, `version`, `pronom_id`, `description`, `access_format`, `preservation_format`, `slug`) VALUES (NULL, 1, '2014-07-10 00:01:11', 'b2c2c87c-79ff-41c1-bef8-1f801900195b', '96ab94e3-ca52-46c4-adde-9f35fd107a41', NULL, 'x-fmt/218', 'ESRI Arc/Info Binary Grid Raster File', 0, 0, 'esri-arcinfo-binary-grid-raster-file');
INSERT INTO `fpr_idrule` (`replaces_id`, `enabled`, `lastmodified`, `uuid`, `command_id`, `format_id`, `command_output`) VALUES (NULL, 1, '2014-07-10 00:01:11', 'ffc746c8-095e-4b37-be2e-4b426f801408', '41efbe1b-3fc7-4b24-9290-d0fb5d0ea9e9', 'b2c2c87c-79ff-41c1-bef8-1f801900195b', '.adf');
INSERT INTO `fpr_format` (`uuid`, `description`, `group_id`, `slug`) VALUES ('eb1943ec-bdf1-4583-b23d-d106d2a5a217', 'Applixware Spreadsheet', '00abbdd0-51b3-4162-b93a-45deb4ed8654', 'applixware-spreadsheet');
INSERT INTO `fpr_formatversion` (`replaces_id`, `enabled`, `lastmodified`, `uuid`, `format_id`, `version`, `pronom_id`, `description`, `access_format`, `preservation_format`, `slug`) VALUES (NULL, 1, '2014-07-10 00:01:11', '822823a0-ef4b-4419-937c-df0ea31d24ec', 'eb1943ec-bdf1-4583-b23d-d106d2a5a217', NULL, 'x-fmt/220', 'Applix Spreadsheet', 0, 0, 'applix-spreadsheet');
INSERT INTO `fpr_idrule` (`replaces_id`, `enabled`, `lastmodified`, `uuid`, `command_id`, `format_id`, `command_output`) VALUES (NULL, 1, '2014-07-10 00:01:11', 'fa5febb0-a010-40c5-a067-a0aa79f1a80f', '41efbe1b-3fc7-4b24-9290-d0fb5d0ea9e9', '822823a0-ef4b-4419-937c-df0ea31d24ec', '.as');
INSERT INTO `fpr_format` (`uuid`, `description`, `group_id`, `slug`) VALUES ('1007225f-3860-43a3-8703-cb65649423ba', 'MapBrowser/MapWriter Vector Map Data', '00abbdd0-51b3-4162-b93a-45deb4ed8654', 'mapbrowsermapwriter-vector-map-data');
INSERT INTO `fpr_formatversion` (`replaces_id`, `enabled`, `lastmodified`, `uuid`, `format_id`, `version`, `pronom_id`, `description`, `access_format`, `preservation_format`, `slug`) VALUES (NULL, 1, '2014-07-10 00:01:11', 'f0cba5f3-66e9-4090-b968-ca9239fc2f56', '1007225f-3860-43a3-8703-cb65649423ba', NULL, 'x-fmt/221', 'MapBrowser/MapWriter Vector Map Data', 0, 0, 'mapbrowsermapwriter-vector-map-data');
INSERT INTO `fpr_idrule` (`replaces_id`, `enabled`, `lastmodified`, `uuid`, `command_id`, `format_id`, `command_output`) VALUES (NULL, 1, '2014-07-10 00:01:11', 'fd78226d-8fa4-42dd-828a-dae071f0aee8', '41efbe1b-3fc7-4b24-9290-d0fb5d0ea9e9', 'f0cba5f3-66e9-4090-b968-ca9239fc2f56', '.cbd');
INSERT INTO `fpr_format` (`uuid`, `description`, `group_id`, `slug`) VALUES ('17e7e475-6621-4b0b-a913-7f4ae9fe9131', 'CD Audio', '00abbdd0-51b3-4162-b93a-45deb4ed8654', 'cd-audio');
INSERT INTO `fpr_formatversion` (`replaces_id`, `enabled`, `lastmodified`, `uuid`, `format_id`, `version`, `pronom_id`, `description`, `access_format`, `preservation_format`, `slug`) VALUES (NULL, 1, '2014-07-10 00:01:11', '744670b8-573f-4756-a39a-afe9176966b7', '17e7e475-6621-4b0b-a913-7f4ae9fe9131', NULL, 'x-fmt/222', 'CD Audio', 0, 0, 'cd-audio');
INSERT INTO `fpr_idrule` (`replaces_id`, `enabled`, `lastmodified`, `uuid`, `command_id`, `format_id`, `command_output`) VALUES (NULL, 1, '2014-07-10 00:01:11', 'fadb30df-044b-41b7-9d69-cd3c43266717', '41efbe1b-3fc7-4b24-9290-d0fb5d0ea9e9', '744670b8-573f-4756-a39a-afe9176966b7', '.cda');
INSERT INTO `fpr_format` (`uuid`, `description`, `group_id`, `slug`) VALUES ('e1ea8233-1c98-47ef-ad84-6d74be78197f', 'Autodesk Animator CEL File Format', '00abbdd0-51b3-4162-b93a-45deb4ed8654', 'autodesk-animator-cel-file-format');
INSERT INTO `fpr_formatversion` (`replaces_id`, `enabled`, `lastmodified`, `uuid`, `format_id`, `version`, `pronom_id`, `description`, `access_format`, `preservation_format`, `slug`) VALUES (NULL, 1, '2014-07-10 00:01:11', 'b62bd28c-2312-4aef-813f-72163979a4d9', 'e1ea8233-1c98-47ef-ad84-6d74be78197f', NULL, 'x-fmt/223', 'Autodesk Animator CEL Image', 0, 0, 'autodesk-animator-cel-image');
INSERT INTO `fpr_idrule` (`replaces_id`, `enabled`, `lastmodified`, `uuid`, `command_id`, `format_id`, `command_output`) VALUES (NULL, 1, '2014-07-10 00:01:11', '44909f00-5388-45d3-9b33-a79b7846f1d1', '41efbe1b-3fc7-4b24-9290-d0fb5d0ea9e9', 'b62bd28c-2312-4aef-813f-72163979a4d9', '.cel');
INSERT INTO `fpr_format` (`uuid`, `description`, `group_id`, `slug`) VALUES ('e9a1432e-3e91-4173-bca4-f43500e2b876', 'ESRI MapInfo Data File', '00abbdd0-51b3-4162-b93a-45deb4ed8654', 'esri-mapinfo-data-file');
INSERT INTO `fpr_formatversion` (`replaces_id`, `enabled`, `lastmodified`, `uuid`, `format_id`, `version`, `pronom_id`, `description`, `access_format`, `preservation_format`, `slug`) VALUES (NULL, 1, '2014-07-10 00:01:11', 'e64b1690-1fc5-4db5-8198-d21bfe4f1d1b', 'e9a1432e-3e91-4173-bca4-f43500e2b876', NULL, 'x-fmt/225', 'ESRI MapInfo Data File', 0, 0, 'esri-mapinfo-data-file');
INSERT INTO `fpr_format` (`uuid`, `description`, `group_id`, `slug`) VALUES ('8c5ec59d-b3cd-4bd3-9d18-8047589078b1', 'ESRI Arc/Info Export File', '00abbdd0-51b3-4162-b93a-45deb4ed8654', 'esri-arcinfo-export-file');
INSERT INTO `fpr_formatversion` (`replaces_id`, `enabled`, `lastmodified`, `uuid`, `format_id`, `version`, `pronom_id`, `description`, `access_format`, `preservation_format`, `slug`) VALUES (NULL, 1, '2014-07-10 00:01:11', 'c9c50e1d-a5bf-48f2-90b4-490584396358', '8c5ec59d-b3cd-4bd3-9d18-8047589078b1', NULL, 'x-fmt/226', 'ESRI Arc/Info Export File', 0, 0, 'esri-arcinfo-export-file');
INSERT INTO `fpr_idrule` (`replaces_id`, `enabled`, `lastmodified`, `uuid`, `command_id`, `format_id`, `command_output`) VALUES (NULL, 1, '2014-07-10 00:01:11', '08a02f6e-5b9b-4571-8dd2-101498a5d46d', '41efbe1b-3fc7-4b24-9290-d0fb5d0ea9e9', 'c9c50e1d-a5bf-48f2-90b4-490584396358', '.e00');
INSERT INTO `fpr_format` (`uuid`, `description`, `group_id`, `slug`) VALUES ('4022207c-7ce2-4ab3-866a-65ca2f68dbf5', 'Geography Markup Language', '00abbdd0-51b3-4162-b93a-45deb4ed8654', 'geography-markup-language');
INSERT INTO `fpr_formatversion` (`replaces_id`, `enabled`, `lastmodified`, `uuid`, `format_id`, `version`, `pronom_id`, `description`, `access_format`, `preservation_format`, `slug`) VALUES (NULL, 1, '2014-07-10 00:01:11', '8aebd85b-eb75-4539-81f3-b33c5dc9568a', '4022207c-7ce2-4ab3-866a-65ca2f68dbf5', NULL, 'x-fmt/227', 'Geography Markup Language', 0, 0, 'geography-markup-language');
INSERT INTO `fpr_idrule` (`replaces_id`, `enabled`, `lastmodified`, `uuid`, `command_id`, `format_id`, `command_output`) VALUES (NULL, 1, '2014-07-10 00:01:11', '294eb1ae-86f9-453a-96a0-3cc09a2883f4', '41efbe1b-3fc7-4b24-9290-d0fb5d0ea9e9', '8aebd85b-eb75-4539-81f3-b33c5dc9568a', '.gml');
INSERT INTO `fpr_format` (`uuid`, `description`, `group_id`, `slug`) VALUES ('302c2f97-6eb0-4963-8418-a8db53cdcf31', 'Applixware Bitmap', '00abbdd0-51b3-4162-b93a-45deb4ed8654', 'applixware-bitmap');
INSERT INTO `fpr_formatversion` (`replaces_id`, `enabled`, `lastmodified`, `uuid`, `format_id`, `version`, `pronom_id`, `description`, `access_format`, `preservation_format`, `slug`) VALUES (NULL, 1, '2014-07-10 00:01:11', '5c7dd904-39d0-4c80-8408-e0d88aedaa80', '302c2f97-6eb0-4963-8418-a8db53cdcf31', NULL, 'x-fmt/228', 'Applix Bitmap', 0, 0, 'applix-bitmap');
INSERT INTO `fpr_idrule` (`replaces_id`, `enabled`, `lastmodified`, `uuid`, `command_id`, `format_id`, `command_output`) VALUES (NULL, 1, '2014-07-10 00:01:11', '5b1f5f85-84d3-4984-8f13-9087e96b4d9d', '41efbe1b-3fc7-4b24-9290-d0fb5d0ea9e9', '5c7dd904-39d0-4c80-8408-e0d88aedaa80', '.im');
INSERT INTO `fpr_format` (`uuid`, `description`, `group_id`, `slug`) VALUES ('08faa558-3021-4576-b8ef-7051572c271f', 'Intergraph Raster Image', '00abbdd0-51b3-4162-b93a-45deb4ed8654', 'intergraph-raster-image');
INSERT INTO `fpr_formatversion` (`replaces_id`, `enabled`, `lastmodified`, `uuid`, `format_id`, `version`, `pronom_id`, `description`, `access_format`, `preservation_format`, `slug`) VALUES (NULL, 1, '2014-07-10 00:01:11', 'ea2befa5-ec61-4616-9565-b9fdb7d08311', '08faa558-3021-4576-b8ef-7051572c271f', NULL, 'x-fmt/229', 'Intergraph Raster Image', 0, 0, 'intergraph-raster-image');
INSERT INTO `fpr_idrule` (`replaces_id`, `enabled`, `lastmodified`, `uuid`, `command_id`, `format_id`, `command_output`) VALUES (NULL, 1, '2014-07-10 00:01:11', 'cdb8a5f1-9e09-4a61-a85f-fb932a7decf5', '41efbe1b-3fc7-4b24-9290-d0fb5d0ea9e9', 'ea2befa5-ec61-4616-9565-b9fdb7d08311', '.ing');
INSERT INTO `fpr_format` (`uuid`, `description`, `group_id`, `slug`) VALUES ('244e63f9-1cd3-43ee-b2f3-6381264237a8', 'MIDI Audio', '00abbdd0-51b3-4162-b93a-45deb4ed8654', 'midi-audio');
INSERT INTO `fpr_formatversion` (`replaces_id`, `enabled`, `lastmodified`, `uuid`, `format_id`, `version`, `pronom_id`, `description`, `access_format`, `preservation_format`, `slug`) VALUES (NULL, 1, '2014-07-10 00:01:11', 'dd5e98bb-535a-4f57-ae60-0d5e28c9940b', '244e63f9-1cd3-43ee-b2f3-6381264237a8', NULL, 'x-fmt/230', 'MIDI Audio', 0, 0, 'midi-audio');
INSERT INTO `fpr_idrule` (`replaces_id`, `enabled`, `lastmodified`, `uuid`, `command_id`, `format_id`, `command_output`) VALUES (NULL, 1, '2014-07-10 00:01:11', 'c706e905-f7ca-4972-8da6-e53e807d3807', '41efbe1b-3fc7-4b24-9290-d0fb5d0ea9e9', 'dd5e98bb-535a-4f57-ae60-0d5e28c9940b', '.mid');
INSERT INTO `fpr_format` (`uuid`, `description`, `group_id`, `slug`) VALUES ('a8a2bf38-66a8-4849-b30d-698de3117610', 'ESRI MapInfo Export File', '00abbdd0-51b3-4162-b93a-45deb4ed8654', 'esri-mapinfo-export-file');
INSERT INTO `fpr_formatversion` (`replaces_id`, `enabled`, `lastmodified`, `uuid`, `format_id`, `version`, `pronom_id`, `description`, `access_format`, `preservation_format`, `slug`) VALUES (NULL, 1, '2014-07-10 00:01:11', '70d6ea6e-f4c2-4be6-aa55-1487cab8a5f9', 'a8a2bf38-66a8-4849-b30d-698de3117610', NULL, 'x-fmt/231', 'ESRI MapInfo Export File No.1', 0, 0, 'esri-mapinfo-export-file-no1');
INSERT INTO `fpr_format` (`uuid`, `description`, `group_id`, `slug`) VALUES ('7ace35d0-f681-4c8f-9347-38b1368d5614', 'Microsoft Project Export File', '00abbdd0-51b3-4162-b93a-45deb4ed8654', 'microsoft-project-export-file');
INSERT INTO `fpr_formatversion` (`replaces_id`, `enabled`, `lastmodified`, `uuid`, `format_id`, `version`, `pronom_id`, `description`, `access_format`, `preservation_format`, `slug`) VALUES (NULL, 1, '2014-07-10 00:01:11', 'f9040447-d030-435d-9082-24d8de3c2c03', '7ace35d0-f681-4c8f-9347-38b1368d5614', '1.0', 'x-fmt/232', 'Microsoft Project Export File 1.0', 0, 0, 'microsoft-project-export-file-10');
INSERT INTO `fpr_idrule` (`replaces_id`, `enabled`, `lastmodified`, `uuid`, `command_id`, `format_id`, `command_output`) VALUES (NULL, 1, '2014-07-10 00:01:11', 'f073c4ea-1342-48f5-8075-1047eeb02988', '41efbe1b-3fc7-4b24-9290-d0fb5d0ea9e9', 'f9040447-d030-435d-9082-24d8de3c2c03', '.mpx');
INSERT INTO `fpr_formatversion` (`replaces_id`, `enabled`, `lastmodified`, `uuid`, `format_id`, `version`, `pronom_id`, `description`, `access_format`, `preservation_format`, `slug`) VALUES (NULL, 1, '2014-07-10 00:01:11', '40d1d0a9-26c4-451d-969a-569aabdc1b6a', '366bc17b-59cd-4826-907d-a0a45d84d73b', '3.0', 'x-fmt/233', 'Paint Shop Pro Image 3', 0, 0, 'paint-shop-pro-image-3');
INSERT INTO `fpr_idrule` (`replaces_id`, `enabled`, `lastmodified`, `uuid`, `command_id`, `format_id`, `command_output`) VALUES (NULL, 1, '2014-07-10 00:01:11', 'dedb2b21-1816-4f36-a361-d597bfd90490', '41efbe1b-3fc7-4b24-9290-d0fb5d0ea9e9', '40d1d0a9-26c4-451d-969a-569aabdc1b6a', '.psp');
INSERT INTO `fpr_formatversion` (`replaces_id`, `enabled`, `lastmodified`, `uuid`, `format_id`, `version`, `pronom_id`, `description`, `access_format`, `preservation_format`, `slug`) VALUES (NULL, 1, '2014-07-10 00:01:11', 'e7ae7c81-ec75-4480-af3b-ee6ffde44a55', '366bc17b-59cd-4826-907d-a0a45d84d73b', '5.0', 'x-fmt/234', 'Paint Shop Pro Image 5', 0, 0, 'paint-shop-pro-image-5');
INSERT INTO `fpr_format` (`uuid`, `description`, `group_id`, `slug`) VALUES ('ec3ff63d-2a79-4f0a-b7b5-99952f10c7ad', 'ESRI Arc/View ShapeFile', '00abbdd0-51b3-4162-b93a-45deb4ed8654', 'esri-arcview-shapefile');
INSERT INTO `fpr_formatversion` (`replaces_id`, `enabled`, `lastmodified`, `uuid`, `format_id`, `version`, `pronom_id`, `description`, `access_format`, `preservation_format`, `slug`) VALUES (NULL, 1, '2014-07-10 00:01:11', '80e8f1e7-c299-4189-834b-c86410dfc3c9', 'ec3ff63d-2a79-4f0a-b7b5-99952f10c7ad', NULL, 'x-fmt/235', 'ESRI Arc/View ShapeFile', 0, 0, 'esri-arcview-shapefile');
INSERT INTO `fpr_formatversion` (`replaces_id`, `enabled`, `lastmodified`, `uuid`, `format_id`, `version`, `pronom_id`, `description`, `access_format`, `preservation_format`, `slug`) VALUES (NULL, 1, '2014-07-10 00:01:11', 'be7794ed-8c21-4cb4-9440-ef384aa1d2a3', '843dc4e1-71ce-410d-a8d4-73b59b2532e4', '5.5', 'x-fmt/236', 'WordStar for DOS Document 5.5', 0, 0, 'wordstar-for-dos-document-55');
INSERT INTO `fpr_formatversion` (`replaces_id`, `enabled`, `lastmodified`, `uuid`, `format_id`, `version`, `pronom_id`, `description`, `access_format`, `preservation_format`, `slug`) VALUES (NULL, 1, '2014-07-10 00:01:11', '377b79ef-5ffb-450a-b37a-28f4872ca3ec', '843dc4e1-71ce-410d-a8d4-73b59b2532e4', '6.0', 'x-fmt/237', 'WordStar for DOS Document 6.0', 0, 0, 'wordstar-for-dos-document-60');
INSERT INTO `fpr_formatversion` (`replaces_id`, `enabled`, `lastmodified`, `uuid`, `format_id`, `version`, `pronom_id`, `description`, `access_format`, `preservation_format`, `slug`) VALUES (NULL, 1, '2014-07-10 00:01:11', '2a8ad12e-d82b-4897-b024-3ef490b43349', 'db2287bd-4ca0-4e91-9a2e-17ab4dfd1c9b', '95', 'x-fmt/238', 'MS Access 95', 0, 0, 'ms-access-95');
INSERT INTO `fpr_formatversion` (`replaces_id`, `enabled`, `lastmodified`, `uuid`, `format_id`, `version`, `pronom_id`, `description`, `access_format`, `preservation_format`, `slug`) VALUES (NULL, 1, '2014-07-10 00:01:11', '7e0a8c5d-5df7-45aa-a065-973221c6a4c0', 'db2287bd-4ca0-4e91-9a2e-17ab4dfd1c9b', '97', 'x-fmt/239', 'MS Access 97', 0, 0, 'ms-access-97');
INSERT INTO `fpr_formatversion` (`replaces_id`, `enabled`, `lastmodified`, `uuid`, `format_id`, `version`, `pronom_id`, `description`, `access_format`, `preservation_format`, `slug`) VALUES (NULL, 1, '2014-07-10 00:01:11', '7b7c0b39-b5f0-4d37-a1c4-da85bb34de0c', 'db2287bd-4ca0-4e91-9a2e-17ab4dfd1c9b', '2000', 'x-fmt/240', 'MS Access 2000', 0, 0, 'ms-access-2000');
INSERT INTO `fpr_formatversion` (`replaces_id`, `enabled`, `lastmodified`, `uuid`, `format_id`, `version`, `pronom_id`, `description`, `access_format`, `preservation_format`, `slug`) VALUES (NULL, 1, '2014-07-10 00:01:11', '7885951d-5a2b-4b8d-bb26-5a97edae7e5e', 'db2287bd-4ca0-4e91-9a2e-17ab4dfd1c9b', '2002', 'x-fmt/241', 'MS Access 2002/3', 0, 0, 'ms-access-20023');
INSERT INTO `fpr_format` (`uuid`, `description`, `group_id`, `slug`) VALUES ('c0cdc985-b4b1-48bc-8923-b7f63583b1e5', 'Microsoft FoxPro Database', '00abbdd0-51b3-4162-b93a-45deb4ed8654', 'microsoft-foxpro-database');
INSERT INTO `fpr_formatversion` (`replaces_id`, `enabled`, `lastmodified`, `uuid`, `format_id`, `version`, `pronom_id`, `description`, `access_format`, `preservation_format`, `slug`) VALUES (NULL, 1, '2014-07-10 00:01:11', '1abcde93-dddb-42b7-96bd-5617fc56c69e', 'c0cdc985-b4b1-48bc-8923-b7f63583b1e5', '2.6', 'x-fmt/242', 'Microsoft FoxPro Database', 0, 0, 'microsoft-foxpro-database');
INSERT INTO `fpr_format` (`uuid`, `description`, `group_id`, `slug`) VALUES ('efe751be-6225-469f-96d8-4abb25ba0302', 'Microsoft Project', '00abbdd0-51b3-4162-b93a-45deb4ed8654', 'microsoft-project');
INSERT INTO `fpr_formatversion` (`replaces_id`, `enabled`, `lastmodified`, `uuid`, `format_id`, `version`, `pronom_id`, `description`, `access_format`, `preservation_format`, `slug`) VALUES (NULL, 1, '2014-07-10 00:01:11', '795489e4-ae86-41ad-9fa2-7e63c89c2fd7', 'efe751be-6225-469f-96d8-4abb25ba0302', '4.0', 'x-fmt/243', 'Microsoft Project', 0, 0, 'microsoft-project');
INSERT INTO `fpr_idrule` (`replaces_id`, `enabled`, `lastmodified`, `uuid`, `command_id`, `format_id`, `command_output`) VALUES (NULL, 1, '2014-07-10 00:01:11', '0fa352d1-e6b8-4fdd-a79a-36b019165b2f', '41efbe1b-3fc7-4b24-9290-d0fb5d0ea9e9', '795489e4-ae86-41ad-9fa2-7e63c89c2fd7', '.mpp');
INSERT INTO `fpr_formatversion` (`replaces_id`, `enabled`, `lastmodified`, `uuid`, `format_id`, `version`, `pronom_id`, `description`, `access_format`, `preservation_format`, `slug`) VALUES (NULL, 1, '2014-07-10 00:01:11', 'aa2daded-9b41-49bd-91fa-11a7a28d8db8', 'efe751be-6225-469f-96d8-4abb25ba0302', '95', 'x-fmt/244', 'Microsoft Project', 0, 0, 'microsoft-project-2');
INSERT INTO `fpr_formatversion` (`replaces_id`, `enabled`, `lastmodified`, `uuid`, `format_id`, `version`, `pronom_id`, `description`, `access_format`, `preservation_format`, `slug`) VALUES (NULL, 1, '2014-07-10 00:01:11', 'b02f4178-1e37-47e5-9585-22ffa553a952', 'efe751be-6225-469f-96d8-4abb25ba0302', '98', 'x-fmt/245', 'Microsoft Project', 0, 0, 'microsoft-project-3');
INSERT INTO `fpr_formatversion` (`replaces_id`, `enabled`, `lastmodified`, `uuid`, `format_id`, `version`, `pronom_id`, `description`, `access_format`, `preservation_format`, `slug`) VALUES (NULL, 1, '2014-07-10 00:01:12', '6fdc3efe-36a5-4b2c-bd1e-72fe81603cba', 'efe751be-6225-469f-96d8-4abb25ba0302', '2000', 'x-fmt/246', 'Microsoft Project', 0, 0, 'microsoft-project-4');
INSERT INTO `fpr_formatversion` (`replaces_id`, `enabled`, `lastmodified`, `uuid`, `format_id`, `version`, `pronom_id`, `description`, `access_format`, `preservation_format`, `slug`) VALUES (NULL, 1, '2014-07-10 00:01:12', '97e98beb-f9f5-4142-bbc4-4780139f154e', 'efe751be-6225-469f-96d8-4abb25ba0302', '2000-2003', 'x-fmt/247', 'Microsoft Project', 0, 0, 'microsoft-project-5');
INSERT INTO `fpr_formatversion` (`replaces_id`, `enabled`, `lastmodified`, `uuid`, `format_id`, `version`, `pronom_id`, `description`, `access_format`, `preservation_format`, `slug`) VALUES (NULL, 1, '2014-07-10 00:01:12', 'bb2d0e48-e115-45b4-84c7-ec7644aef354', '89b0bca9-7d42-43aa-974b-d3d92832afee', NULL, 'x-fmt/250', 'Microsoft Outlook Personal Folders', 0, 0, 'microsoft-outlook-personal-folders');
INSERT INTO `fpr_formatversion` (`replaces_id`, `enabled`, `lastmodified`, `uuid`, `format_id`, `version`, `pronom_id`, `description`, `access_format`, `preservation_format`, `slug`) VALUES (NULL, 1, '2014-07-10 00:01:12', '657c1142-a39c-4cc1-b781-10625de1f55f', '89b0bca9-7d42-43aa-974b-d3d92832afee', NULL, 'x-fmt/251', 'Microsoft Outlook Personal Folders', 0, 0, 'microsoft-outlook-personal-folders-2');
INSERT INTO `fpr_format` (`uuid`, `description`, `group_id`, `slug`) VALUES ('541d8745-406b-429c-9530-9005ed56c910', 'Microsoft Publisher', '00abbdd0-51b3-4162-b93a-45deb4ed8654', 'microsoft-publisher');
INSERT INTO `fpr_formatversion` (`replaces_id`, `enabled`, `lastmodified`, `uuid`, `format_id`, `version`, `pronom_id`, `description`, `access_format`, `preservation_format`, `slug`) VALUES (NULL, 1, '2014-07-10 00:01:12', '0d579a25-20b8-4c76-909a-e45fa58c5a36', '541d8745-406b-429c-9530-9005ed56c910', '2.0', 'x-fmt/252', 'Microsoft Publisher', 0, 0, 'microsoft-publisher');
INSERT INTO `fpr_idrule` (`replaces_id`, `enabled`, `lastmodified`, `uuid`, `command_id`, `format_id`, `command_output`) VALUES (NULL, 1, '2014-07-10 00:01:12', 'acf1d27b-26c4-4f14-9dd6-9b1bc2109866', '41efbe1b-3fc7-4b24-9290-d0fb5d0ea9e9', '0d579a25-20b8-4c76-909a-e45fa58c5a36', '.pub');
INSERT INTO `fpr_formatversion` (`replaces_id`, `enabled`, `lastmodified`, `uuid`, `format_id`, `version`, `pronom_id`, `description`, `access_format`, `preservation_format`, `slug`) VALUES (NULL, 1, '2014-07-10 00:01:12', 'fbe2ea2f-f648-46b6-b9ba-e38b255b9040', '541d8745-406b-429c-9530-9005ed56c910', '95', 'x-fmt/253', 'Microsoft Publisher', 0, 0, 'microsoft-publisher-2');
INSERT INTO `fpr_formatversion` (`replaces_id`, `enabled`, `lastmodified`, `uuid`, `format_id`, `version`, `pronom_id`, `description`, `access_format`, `preservation_format`, `slug`) VALUES (NULL, 1, '2014-07-10 00:01:12', 'e23351a8-d8d7-419e-b79d-d152ad43a34e', '541d8745-406b-429c-9530-9005ed56c910', '97', 'x-fmt/254', 'Microsoft Publisher', 0, 0, 'microsoft-publisher-3');
INSERT INTO `fpr_formatversion` (`replaces_id`, `enabled`, `lastmodified`, `uuid`, `format_id`, `version`, `pronom_id`, `description`, `access_format`, `preservation_format`, `slug`) VALUES (NULL, 1, '2014-07-10 00:01:12', 'b5f1c0ca-fb75-410c-b78e-0e5dc4f8962e', '541d8745-406b-429c-9530-9005ed56c910', '98', 'x-fmt/255', 'Microsoft Publisher', 0, 0, 'microsoft-publisher-4');
INSERT INTO `fpr_formatversion` (`replaces_id`, `enabled`, `lastmodified`, `uuid`, `format_id`, `version`, `pronom_id`, `description`, `access_format`, `preservation_format`, `slug`) VALUES (NULL, 1, '2014-07-10 00:01:12', '69a0c966-75f9-4149-945c-643435ecdd2b', '541d8745-406b-429c-9530-9005ed56c910', '2000', 'x-fmt/256', 'Microsoft Publisher', 0, 0, 'microsoft-publisher-5');
INSERT INTO `fpr_formatversion` (`replaces_id`, `enabled`, `lastmodified`, `uuid`, `format_id`, `version`, `pronom_id`, `description`, `access_format`, `preservation_format`, `slug`) VALUES (NULL, 1, '2014-07-10 00:01:12', '6bc79917-0e12-4dbc-a663-20285b2855ac', '541d8745-406b-429c-9530-9005ed56c910', '2002', 'x-fmt/257', 'Microsoft Publisher', 0, 0, 'microsoft-publisher-6');
INSERT INTO `fpr_formatversion` (`replaces_id`, `enabled`, `lastmodified`, `uuid`, `format_id`, `version`, `pronom_id`, `description`, `access_format`, `preservation_format`, `slug`) VALUES (NULL, 1, '2014-07-10 00:01:12', '718a9e5c-4916-4e7f-845b-9b8c0d33b644', 'd1554240-5e6a-45f4-bc28-917c07dfb83b', '2000', 'x-fmt/258', 'Microsoft Visio Drawing', 0, 0, 'microsoft-visio-drawing-2');
INSERT INTO `fpr_formatversion` (`replaces_id`, `enabled`, `lastmodified`, `uuid`, `format_id`, `version`, `pronom_id`, `description`, `access_format`, `preservation_format`, `slug`) VALUES (NULL, 1, '2014-07-10 00:01:12', 'b17bd4d9-586b-40af-b4fd-2f3d200b23b4', 'd1554240-5e6a-45f4-bc28-917c07dfb83b', '2002', 'x-fmt/259', 'Microsoft Visio Drawing', 0, 0, 'microsoft-visio-drawing-3');
INSERT INTO `fpr_formatversion` (`replaces_id`, `enabled`, `lastmodified`, `uuid`, `format_id`, `version`, `pronom_id`, `description`, `access_format`, `preservation_format`, `slug`) VALUES (NULL, 1, '2014-07-10 00:01:12', 'dfc109bc-2b3d-4984-bbc2-a128025afa71', '843dc4e1-71ce-410d-a8d4-73b59b2532e4', '4.0', 'x-fmt/260', 'WordStar for MS-DOS Document', 0, 0, 'wordstar-for-ms-dos-document');
INSERT INTO `fpr_formatversion` (`replaces_id`, `enabled`, `lastmodified`, `uuid`, `format_id`, `version`, `pronom_id`, `description`, `access_format`, `preservation_format`, `slug`) VALUES (NULL, 1, '2014-07-10 00:01:12', '9e3788c3-3c5e-4e7b-af94-a0ddf1c8c00e', '843dc4e1-71ce-410d-a8d4-73b59b2532e4', '7.0', 'x-fmt/261', 'WordStar for DOS Document 7.0', 0, 0, 'wordstar-for-dos-document-70');
INSERT INTO `fpr_formatversion` (`replaces_id`, `enabled`, `lastmodified`, `uuid`, `format_id`, `version`, `pronom_id`, `description`, `access_format`, `preservation_format`, `slug`) VALUES (NULL, 1, '2014-07-10 00:01:12', 'f84cec62-b8e4-42d1-a212-1a78325e8ffe', '9ff5127b-c2ef-4e9d-9630-533be439ad38', '2.0', 'x-fmt/262', 'WordStar for Windows Document', 0, 0, 'wordstar-for-windows-document-2');
INSERT INTO `fpr_format` (`uuid`, `description`, `group_id`, `slug`) VALUES ('89dbe4e2-8f34-4f4e-9301-f46da7202257', 'ZOO Compressed Archive', '00abbdd0-51b3-4162-b93a-45deb4ed8654', 'zoo-compressed-archive');
INSERT INTO `fpr_formatversion` (`replaces_id`, `enabled`, `lastmodified`, `uuid`, `format_id`, `version`, `pronom_id`, `description`, `access_format`, `preservation_format`, `slug`) VALUES (NULL, 1, '2014-07-10 00:01:12', 'bd2a0f84-69c2-4ac7-8be0-ddace9c9199d', '89dbe4e2-8f34-4f4e-9301-f46da7202257', NULL, 'x-fmt/269', 'ZOO Compressed Archive', 0, 0, 'zoo-compressed-archive');
INSERT INTO `fpr_idrule` (`replaces_id`, `enabled`, `lastmodified`, `uuid`, `command_id`, `format_id`, `command_output`) VALUES (NULL, 1, '2014-07-10 00:01:12', '00681d71-5eff-46ff-b488-036ef3547dc9', '41efbe1b-3fc7-4b24-9290-d0fb5d0ea9e9', 'bd2a0f84-69c2-4ac7-8be0-ddace9c9199d', '.zoo');
INSERT INTO `fpr_formatversion` (`replaces_id`, `enabled`, `lastmodified`, `uuid`, `format_id`, `version`, `pronom_id`, `description`, `access_format`, `preservation_format`, `slug`) VALUES (NULL, 1, '2014-07-10 00:01:12', '27cb4815-80fd-44c4-ba3c-ef9603662deb', '3d5f23d8-9c09-42d1-b508-b66c178692c8', 'III+', 'x-fmt/271', 'dBase Table with dbt Version III+', 0, 0, 'dbase-table-with-dbt-version-iii');
INSERT INTO `fpr_formatversion` (`replaces_id`, `enabled`, `lastmodified`, `uuid`, `format_id`, `version`, `pronom_id`, `description`, `access_format`, `preservation_format`, `slug`) VALUES (NULL, 1, '2014-07-10 00:01:12', '24a6857c-9364-4a87-a769-e6fc0dda950b', '3d5f23d8-9c09-42d1-b508-b66c178692c8', 'V', 'x-fmt/272', 'dBASE Database', 0, 0, 'dbase-database');
INSERT INTO `fpr_format` (`uuid`, `description`, `group_id`, `slug`) VALUES ('365da57f-a3e6-45c5-81b6-9b5247db3f95', 'Real Video', '00abbdd0-51b3-4162-b93a-45deb4ed8654', 'real-video');
INSERT INTO `fpr_formatversion` (`replaces_id`, `enabled`, `lastmodified`, `uuid`, `format_id`, `version`, `pronom_id`, `description`, `access_format`, `preservation_format`, `slug`) VALUES (NULL, 1, '2014-07-10 00:01:12', '0b45dee0-801e-4360-836c-9ac895893d66', '365da57f-a3e6-45c5-81b6-9b5247db3f95', NULL, 'x-fmt/277', 'Real Video', 0, 0, 'real-video');
INSERT INTO `fpr_idrule` (`replaces_id`, `enabled`, `lastmodified`, `uuid`, `command_id`, `format_id`, `command_output`) VALUES (NULL, 1, '2014-07-10 00:01:12', '70714e76-7380-4ea6-82ab-d02703387d2b', '41efbe1b-3fc7-4b24-9290-d0fb5d0ea9e9', '0b45dee0-801e-4360-836c-9ac895893d66', '.rv');
INSERT INTO `fpr_format` (`uuid`, `description`, `group_id`, `slug`) VALUES ('ae0b1059-a495-4ce7-b91a-66063b031003', 'RealAudio', '00abbdd0-51b3-4162-b93a-45deb4ed8654', 'realaudio');
INSERT INTO `fpr_formatversion` (`replaces_id`, `enabled`, `lastmodified`, `uuid`, `format_id`, `version`, `pronom_id`, `description`, `access_format`, `preservation_format`, `slug`) VALUES (NULL, 1, '2014-07-10 00:01:12', '85ad4c21-4f91-477d-a08d-9f30b79793bb', 'ae0b1059-a495-4ce7-b91a-66063b031003', '3', 'x-fmt/278', 'RealAudio 3', 0, 0, 'realaudio-3');
INSERT INTO `fpr_idrule` (`replaces_id`, `enabled`, `lastmodified`, `uuid`, `command_id`, `format_id`, `command_output`) VALUES (NULL, 1, '2014-07-10 00:01:12', '00a3044a-a632-4969-8816-993f8d8db98c', '41efbe1b-3fc7-4b24-9290-d0fb5d0ea9e9', '85ad4c21-4f91-477d-a08d-9f30b79793bb', '.ra');
INSERT INTO `fpr_format` (`uuid`, `description`, `group_id`, `slug`) VALUES ('e69db18a-97e8-4c47-8b23-b4b70d1fa70b', 'MPEG 1/2 Audio Layer 3 Streaming', '00abbdd0-51b3-4162-b93a-45deb4ed8654', 'mpeg-12-audio-layer-3-streaming');
INSERT INTO `fpr_formatversion` (`replaces_id`, `enabled`, `lastmodified`, `uuid`, `format_id`, `version`, `pronom_id`, `description`, `access_format`, `preservation_format`, `slug`) VALUES (NULL, 1, '2014-07-10 00:01:12', 'dc877136-d53d-4c6e-b44d-a35bebb20806', 'e69db18a-97e8-4c47-8b23-b4b70d1fa70b', NULL, 'x-fmt/279', 'MPEG 1/2 Audio Layer 3 Streaming', 0, 0, 'mpeg-12-audio-layer-3-streaming');
INSERT INTO `fpr_idrule` (`replaces_id`, `enabled`, `lastmodified`, `uuid`, `command_id`, `format_id`, `command_output`) VALUES (NULL, 1, '2014-07-10 00:01:12', '3720edd9-b6b1-4e7b-8d1d-9f4981d2f928', '41efbe1b-3fc7-4b24-9290-d0fb5d0ea9e9', 'dc877136-d53d-4c6e-b44d-a35bebb20806', '.m3u');
INSERT INTO `fpr_format` (`uuid`, `description`, `group_id`, `slug`) VALUES ('e8dd8cc8-9f22-461e-9b92-e634c30aea92', 'XML Schema Definition', '00abbdd0-51b3-4162-b93a-45deb4ed8654', 'xml-schema-definition');
INSERT INTO `fpr_formatversion` (`replaces_id`, `enabled`, `lastmodified`, `uuid`, `format_id`, `version`, `pronom_id`, `description`, `access_format`, `preservation_format`, `slug`) VALUES (NULL, 1, '2014-07-10 00:01:12', 'fcbc1c1d-cb7d-4b8d-bee7-de1ab742b4f5', 'e8dd8cc8-9f22-461e-9b92-e634c30aea92', NULL, 'x-fmt/280', 'XML Schema Definition', 0, 0, 'xml-schema-definition');
INSERT INTO `fpr_idrule` (`replaces_id`, `enabled`, `lastmodified`, `uuid`, `command_id`, `format_id`, `command_output`) VALUES (NULL, 1, '2014-07-10 00:01:12', 'e258497c-07a1-4803-b742-bd94e9ed9bf0', '41efbe1b-3fc7-4b24-9290-d0fb5d0ea9e9', 'fcbc1c1d-cb7d-4b8d-bee7-de1ab742b4f5', '.xsd');
INSERT INTO `fpr_format` (`uuid`, `description`, `group_id`, `slug`) VALUES ('02f6b265-76b6-430d-84a0-c91d25ee6737', 'Extensible Stylesheet Language', '00abbdd0-51b3-4162-b93a-45deb4ed8654', 'extensible-stylesheet-language');
INSERT INTO `fpr_formatversion` (`replaces_id`, `enabled`, `lastmodified`, `uuid`, `format_id`, `version`, `pronom_id`, `description`, `access_format`, `preservation_format`, `slug`) VALUES (NULL, 1, '2014-07-10 00:01:12', '126d36c5-1471-4c5a-8c56-70c71a05b8af', '02f6b265-76b6-430d-84a0-c91d25ee6737', NULL, 'x-fmt/281', 'Extensible Stylesheet Language', 0, 0, 'extensible-stylesheet-language');
INSERT INTO `fpr_idrule` (`replaces_id`, `enabled`, `lastmodified`, `uuid`, `command_id`, `format_id`, `command_output`) VALUES (NULL, 1, '2014-07-10 00:01:12', '6d5ef591-baca-44d4-8a21-c86b573a2b56', '41efbe1b-3fc7-4b24-9290-d0fb5d0ea9e9', '126d36c5-1471-4c5a-8c56-70c71a05b8af', '.xsl');
INSERT INTO `fpr_format` (`uuid`, `description`, `group_id`, `slug`) VALUES ('97866125-ddd1-4811-8e9d-ebae48fd11d0', '8-bit ANSI Text', '00abbdd0-51b3-4162-b93a-45deb4ed8654', '8-bit-ansi-text');
INSERT INTO `fpr_formatversion` (`replaces_id`, `enabled`, `lastmodified`, `uuid`, `format_id`, `version`, `pronom_id`, `description`, `access_format`, `preservation_format`, `slug`) VALUES (NULL, 1, '2014-07-10 00:01:12', '5f73a6ea-f899-449b-a138-50bf339e823a', '97866125-ddd1-4811-8e9d-ebae48fd11d0', NULL, 'x-fmt/282', '8-bit ANSI Text', 0, 0, '8-bit-ansi-text');
INSERT INTO `fpr_format` (`uuid`, `description`, `group_id`, `slug`) VALUES ('0094c9bc-501c-4de4-ab2f-30f2162e61ba', '8-bit ASCII Text', '00abbdd0-51b3-4162-b93a-45deb4ed8654', '8-bit-ascii-text');
INSERT INTO `fpr_formatversion` (`replaces_id`, `enabled`, `lastmodified`, `uuid`, `format_id`, `version`, `pronom_id`, `description`, `access_format`, `preservation_format`, `slug`) VALUES (NULL, 1, '2014-07-10 00:01:12', 'ec741db6-27cb-426d-afaa-dd8308611417', '0094c9bc-501c-4de4-ab2f-30f2162e61ba', NULL, 'x-fmt/283', '8-bit ASCII Text', 0, 0, '8-bit-ascii-text');
INSERT INTO `fpr_format` (`uuid`, `description`, `group_id`, `slug`) VALUES ('0416f31f-367e-4a80-9933-c22c24fe9645', 'IBM DisplayWrite Final Form Text File', '00abbdd0-51b3-4162-b93a-45deb4ed8654', 'ibm-displaywrite-final-form-text-file');
INSERT INTO `fpr_formatversion` (`replaces_id`, `enabled`, `lastmodified`, `uuid`, `format_id`, `version`, `pronom_id`, `description`, `access_format`, `preservation_format`, `slug`) VALUES (NULL, 1, '2014-07-10 00:01:12', '0dc45c44-71ca-4f20-86e9-8d103db63f53', '0416f31f-367e-4a80-9933-c22c24fe9645', NULL, 'x-fmt/284', 'IBM DisplayWrite Final Form Text File', 0, 0, 'ibm-displaywrite-final-form-text-file');
INSERT INTO `fpr_idrule` (`replaces_id`, `enabled`, `lastmodified`, `uuid`, `command_id`, `format_id`, `command_output`) VALUES (NULL, 1, '2014-07-10 00:01:12', '8dae3b72-4e2f-4ede-bc18-550a92afe820', '41efbe1b-3fc7-4b24-9290-d0fb5d0ea9e9', '0dc45c44-71ca-4f20-86e9-8d103db63f53', '.fft');
INSERT INTO `fpr_format` (`uuid`, `description`, `group_id`, `slug`) VALUES ('a62b3bd5-8c29-490a-8590-ff8ced89b14d', 'IBM DisplayWrite Revisable Form Text File', '00abbdd0-51b3-4162-b93a-45deb4ed8654', 'ibm-displaywrite-revisable-form-text-file');
INSERT INTO `fpr_formatversion` (`replaces_id`, `enabled`, `lastmodified`, `uuid`, `format_id`, `version`, `pronom_id`, `description`, `access_format`, `preservation_format`, `slug`) VALUES (NULL, 1, '2014-07-10 00:01:12', '5292861c-4f16-4684-b812-5ce07b6a515f', 'a62b3bd5-8c29-490a-8590-ff8ced89b14d', NULL, 'x-fmt/285', 'IBM DisplayWrite Revisable Form Text File', 0, 0, 'ibm-displaywrite-revisable-form-text-file');
INSERT INTO `fpr_idrule` (`replaces_id`, `enabled`, `lastmodified`, `uuid`, `command_id`, `format_id`, `command_output`) VALUES (NULL, 1, '2014-07-10 00:01:12', 'c913d5e5-c3ef-4bfc-b510-00f61f9d3ebb', '41efbe1b-3fc7-4b24-9290-d0fb5d0ea9e9', '5292861c-4f16-4684-b812-5ce07b6a515f', '.rft');
INSERT INTO `fpr_format` (`uuid`, `description`, `group_id`, `slug`) VALUES ('b54154d5-0966-4c02-a724-c21ae4f34f2f', 'DEC Data Exchange File', '00abbdd0-51b3-4162-b93a-45deb4ed8654', 'dec-data-exchange-file');
INSERT INTO `fpr_formatversion` (`replaces_id`, `enabled`, `lastmodified`, `uuid`, `format_id`, `version`, `pronom_id`, `description`, `access_format`, `preservation_format`, `slug`) VALUES (NULL, 1, '2014-07-10 00:01:12', '7d66bb4c-3ae3-4ea8-a7b6-4b1ac27a310d', 'b54154d5-0966-4c02-a724-c21ae4f34f2f', NULL, 'x-fmt/286', 'DEC Data Exchange File', 0, 0, 'dec-data-exchange-file');
INSERT INTO `fpr_idrule` (`replaces_id`, `enabled`, `lastmodified`, `uuid`, `command_id`, `format_id`, `command_output`) VALUES (NULL, 1, '2014-07-10 00:01:12', 'cab73bcb-661d-422a-bafc-a3fe237591d0', '41efbe1b-3fc7-4b24-9290-d0fb5d0ea9e9', '7d66bb4c-3ae3-4ea8-a7b6-4b1ac27a310d', '.dx');
INSERT INTO `fpr_format` (`uuid`, `description`, `group_id`, `slug`) VALUES ('982183c7-f79f-42aa-ae18-ecb03773a964', 'DEC WPS Plus Document', '00abbdd0-51b3-4162-b93a-45deb4ed8654', 'dec-wps-plus-document');
INSERT INTO `fpr_formatversion` (`replaces_id`, `enabled`, `lastmodified`, `uuid`, `format_id`, `version`, `pronom_id`, `description`, `access_format`, `preservation_format`, `slug`) VALUES (NULL, 1, '2014-07-10 00:01:12', '5ce779a7-b00c-46d0-af79-a4edd35b72ca', '982183c7-f79f-42aa-ae18-ecb03773a964', NULL, 'x-fmt/287', 'DEC WPS Plus Document', 0, 0, 'dec-wps-plus-document');
INSERT INTO `fpr_idrule` (`replaces_id`, `enabled`, `lastmodified`, `uuid`, `command_id`, `format_id`, `command_output`) VALUES (NULL, 1, '2014-07-10 00:01:12', 'c903bc55-3b83-4dc4-8a78-bc480ca214f3', '41efbe1b-3fc7-4b24-9290-d0fb5d0ea9e9', '5ce779a7-b00c-46d0-af79-a4edd35b72ca', '.wpl');
INSERT INTO `fpr_format` (`uuid`, `description`, `group_id`, `slug`) VALUES ('277fce45-36d5-4dcb-85ab-96137a0694ad', 'IBM DisplayWrite Document', '00abbdd0-51b3-4162-b93a-45deb4ed8654', 'ibm-displaywrite-document');
INSERT INTO `fpr_formatversion` (`replaces_id`, `enabled`, `lastmodified`, `uuid`, `format_id`, `version`, `pronom_id`, `description`, `access_format`, `preservation_format`, `slug`) VALUES (NULL, 1, '2014-07-10 00:01:12', '782a0249-59cd-4130-a809-d845c3de8f53', '277fce45-36d5-4dcb-85ab-96137a0694ad', '2', 'x-fmt/288', 'IBM DisplayWrite Document', 0, 0, 'ibm-displaywrite-document');
INSERT INTO `fpr_formatversion` (`replaces_id`, `enabled`, `lastmodified`, `uuid`, `format_id`, `version`, `pronom_id`, `description`, `access_format`, `preservation_format`, `slug`) VALUES (NULL, 1, '2014-07-10 00:01:12', 'ae06e56a-a32f-4adb-ac1b-694339919bbb', '277fce45-36d5-4dcb-85ab-96137a0694ad', '3', 'x-fmt/289', 'IBM DisplayWrite Document', 0, 0, 'ibm-displaywrite-document-2');
INSERT INTO `fpr_format` (`uuid`, `description`, `group_id`, `slug`) VALUES ('c5fa9ee4-1771-4412-8112-8e15bab9d744', 'AMI Draw Vector Image', '00abbdd0-51b3-4162-b93a-45deb4ed8654', 'ami-draw-vector-image');
INSERT INTO `fpr_formatversion` (`replaces_id`, `enabled`, `lastmodified`, `uuid`, `format_id`, `version`, `pronom_id`, `description`, `access_format`, `preservation_format`, `slug`) VALUES (NULL, 1, '2014-07-10 00:01:12', '70311def-b774-4585-b522-0a30d3e07bc5', 'c5fa9ee4-1771-4412-8112-8e15bab9d744', NULL, 'x-fmt/290', 'AmiDraw Vector Image', 0, 0, 'amidraw-vector-image');
INSERT INTO `fpr_idrule` (`replaces_id`, `enabled`, `lastmodified`, `uuid`, `command_id`, `format_id`, `command_output`) VALUES (NULL, 1, '2014-07-10 00:01:12', 'fe9a029e-7a90-4136-9a57-ea8661e60fdb', '41efbe1b-3fc7-4b24-9290-d0fb5d0ea9e9', '70311def-b774-4585-b522-0a30d3e07bc5', '.sdw');
INSERT INTO `fpr_formatversion` (`replaces_id`, `enabled`, `lastmodified`, `uuid`, `format_id`, `version`, `pronom_id`, `description`, `access_format`, `preservation_format`, `slug`) VALUES (NULL, 1, '2014-07-10 00:01:12', '263fd912-d2c9-41c4-abd0-6b57253aba51', 'ae029f61-d3f1-4252-8a13-2739a863d0e9', '7.0', 'x-fmt/291', 'Corel Drawing Version 7.0', 0, 0, 'corel-drawing-version-70');
INSERT INTO `fpr_formatversion` (`replaces_id`, `enabled`, `lastmodified`, `uuid`, `format_id`, `version`, `pronom_id`, `description`, `access_format`, `preservation_format`, `slug`) VALUES (NULL, 1, '2014-07-10 00:01:12', 'c9a32a3a-0729-4840-9f0e-9aa0bc2789ed', 'ae029f61-d3f1-4252-8a13-2739a863d0e9', '8.0', 'x-fmt/292', 'Corel Drawing Version 8.0', 0, 0, 'corel-drawing-version-80');
INSERT INTO `fpr_format` (`uuid`, `description`, `group_id`, `slug`) VALUES ('65efca5a-4482-47a2-8cc5-e0e98d932709', 'Hewlett Packard Graphics Language', '00abbdd0-51b3-4162-b93a-45deb4ed8654', 'hewlett-packard-graphics-language');
INSERT INTO `fpr_formatversion` (`replaces_id`, `enabled`, `lastmodified`, `uuid`, `format_id`, `version`, `pronom_id`, `description`, `access_format`, `preservation_format`, `slug`) VALUES (NULL, 1, '2014-07-10 00:01:12', '3ae6292c-835f-4ce5-8b53-2dc3dc959095', '65efca5a-4482-47a2-8cc5-e0e98d932709', NULL, 'x-fmt/293', 'Hewlett Packard Graphics Language', 0, 0, 'hewlett-packard-graphics-language');
INSERT INTO `fpr_idrule` (`replaces_id`, `enabled`, `lastmodified`, `uuid`, `command_id`, `format_id`, `command_output`) VALUES (NULL, 1, '2014-07-10 00:01:12', '38f8ffbf-510a-4c1b-b048-e416b28c5f9d', '41efbe1b-3fc7-4b24-9290-d0fb5d0ea9e9', '3ae6292c-835f-4ce5-8b53-2dc3dc959095', '.hpgl');
INSERT INTO `fpr_formatversion` (`replaces_id`, `enabled`, `lastmodified`, `uuid`, `format_id`, `version`, `pronom_id`, `description`, `access_format`, `preservation_format`, `slug`) VALUES (NULL, 1, '2014-07-10 00:01:12', '74a37636-f348-473e-bf0c-2e8f23087a89', '6bba8a12-5101-433c-990d-6497d292b1b8', '3.0', 'x-fmt/294', 'Micrografx Draw', 0, 0, 'micrografx-draw-2');
INSERT INTO `fpr_formatversion` (`replaces_id`, `enabled`, `lastmodified`, `uuid`, `format_id`, `version`, `pronom_id`, `description`, `access_format`, `preservation_format`, `slug`) VALUES (NULL, 1, '2014-07-10 00:01:12', '0154ba92-8c06-4834-a21a-62569947fb59', '6bba8a12-5101-433c-990d-6497d292b1b8', '4.0', 'x-fmt/295', 'Micrografx Draw', 0, 0, 'micrografx-draw-3');
INSERT INTO `fpr_formatversion` (`replaces_id`, `enabled`, `lastmodified`, `uuid`, `format_id`, `version`, `pronom_id`, `description`, `access_format`, `preservation_format`, `slug`) VALUES (NULL, 1, '2014-07-10 00:01:12', 'e70eda34-508f-4430-bddd-a9bc15c6b38a', '6992e2ff-6fb7-4294-a7fa-5b45baa87834', '3.1', 'x-fmt/296', 'Micrografx Designer', 0, 0, 'micrografx-designer-2');
INSERT INTO `fpr_formatversion` (`replaces_id`, `enabled`, `lastmodified`, `uuid`, `format_id`, `version`, `pronom_id`, `description`, `access_format`, `preservation_format`, `slug`) VALUES (NULL, 1, '2014-07-10 00:01:12', '9b0dccd4-16a3-4728-9f86-c1318b9f18ff', '366bc17b-59cd-4826-907d-a0a45d84d73b', '6.0', 'x-fmt/297', 'Paint Shop Pro Image 6', 0, 0, 'paint-shop-pro-image-6');
INSERT INTO `fpr_formatversion` (`replaces_id`, `enabled`, `lastmodified`, `uuid`, `format_id`, `version`, `pronom_id`, `description`, `access_format`, `preservation_format`, `slug`) VALUES (NULL, 1, '2014-07-10 00:01:12', '2d48d1b0-e403-4ae0-b2a8-f5b72b327811', '366bc17b-59cd-4826-907d-a0a45d84d73b', '7', 'x-fmt/298', 'Paint Shop Pro Image 7', 0, 0, 'paint-shop-pro-image-7');
INSERT INTO `fpr_formatversion` (`replaces_id`, `enabled`, `lastmodified`, `uuid`, `format_id`, `version`, `pronom_id`, `description`, `access_format`, `preservation_format`, `slug`) VALUES (NULL, 1, '2014-07-10 00:01:12', '859cba22-ea19-44f8-b1cf-0ca36127f380', '90750e52-2ac5-4d57-b899-a8556a08c7a7', 'X10', 'x-fmt/299', 'X-Windows Bitmap Image X10', 0, 0, 'x-windows-bitmap-image-x10');
INSERT INTO `fpr_format` (`uuid`, `description`, `group_id`, `slug`) VALUES ('073566ed-d7fc-4409-8546-a44c492ea016', 'X-Windows Screen Dump File', '00abbdd0-51b3-4162-b93a-45deb4ed8654', 'x-windows-screen-dump-file');
INSERT INTO `fpr_formatversion` (`replaces_id`, `enabled`, `lastmodified`, `uuid`, `format_id`, `version`, `pronom_id`, `description`, `access_format`, `preservation_format`, `slug`) VALUES (NULL, 1, '2014-07-10 00:01:12', '9f348e7a-9879-49ef-b751-567da637999c', '073566ed-d7fc-4409-8546-a44c492ea016', 'X10', 'x-fmt/300', 'X-Windows Screen Dump X10', 0, 0, 'x-windows-screen-dump-x10');
INSERT INTO `fpr_idrule` (`replaces_id`, `enabled`, `lastmodified`, `uuid`, `command_id`, `format_id`, `command_output`) VALUES (NULL, 1, '2014-07-10 00:01:12', 'dc6dd312-7f02-48d9-bb98-49ef9c4419cf', '41efbe1b-3fc7-4b24-9290-d0fb5d0ea9e9', '9f348e7a-9879-49ef-b751-567da637999c', '.xdm');
INSERT INTO `fpr_format` (`uuid`, `description`, `group_id`, `slug`) VALUES ('237c74b4-ed3d-473a-8e17-6dd26df24e11', 'ACBM Graphics', '00abbdd0-51b3-4162-b93a-45deb4ed8654', 'acbm-graphics');
INSERT INTO `fpr_formatversion` (`replaces_id`, `enabled`, `lastmodified`, `uuid`, `format_id`, `version`, `pronom_id`, `description`, `access_format`, `preservation_format`, `slug`) VALUES (NULL, 1, '2014-07-10 00:01:12', '4268a023-74b8-4ebd-980a-3f7a7352a797', '237c74b4-ed3d-473a-8e17-6dd26df24e11', NULL, 'x-fmt/301', 'ACBM Graphics', 0, 0, 'acbm-graphics');
INSERT INTO `fpr_idrule` (`replaces_id`, `enabled`, `lastmodified`, `uuid`, `command_id`, `format_id`, `command_output`) VALUES (NULL, 1, '2014-07-10 00:01:12', '3937e2c8-38f9-4bbb-9c1b-2b197ff7f552', '41efbe1b-3fc7-4b24-9290-d0fb5d0ea9e9', '4268a023-74b8-4ebd-980a-3f7a7352a797', '.acb');
INSERT INTO `fpr_format` (`uuid`, `description`, `group_id`, `slug`) VALUES ('5f23d32b-ca6b-498c-8add-84bc56adaef1', 'Adobe FrameMaker Document', '00abbdd0-51b3-4162-b93a-45deb4ed8654', 'adobe-framemaker-document');
INSERT INTO `fpr_formatversion` (`replaces_id`, `enabled`, `lastmodified`, `uuid`, `format_id`, `version`, `pronom_id`, `description`, `access_format`, `preservation_format`, `slug`) VALUES (NULL, 1, '2014-07-10 00:01:12', 'f666fa31-642d-4770-be7f-7a83b9305584', '5f23d32b-ca6b-498c-8add-84bc56adaef1', '8.0', 'x-fmt/302', 'Framemaker Document Version 8.0', 0, 0, 'framemaker-document-version-80');
INSERT INTO `fpr_idrule` (`replaces_id`, `enabled`, `lastmodified`, `uuid`, `command_id`, `format_id`, `command_output`) VALUES (NULL, 1, '2014-07-10 00:01:12', '94815216-9661-4d58-a81e-69a7d9cf9d77', '41efbe1b-3fc7-4b24-9290-d0fb5d0ea9e9', 'f666fa31-642d-4770-be7f-7a83b9305584', '.fm');
INSERT INTO `fpr_format` (`uuid`, `description`, `group_id`, `slug`) VALUES ('bdf1719f-eefb-4a62-937c-f0fe69bec4a6', 'Aldus Freehand Drawing', '00abbdd0-51b3-4162-b93a-45deb4ed8654', 'aldus-freehand-drawing');
INSERT INTO `fpr_formatversion` (`replaces_id`, `enabled`, `lastmodified`, `uuid`, `format_id`, `version`, `pronom_id`, `description`, `access_format`, `preservation_format`, `slug`) VALUES (NULL, 1, '2014-07-10 00:01:12', '7045ba78-44a7-4254-bb1e-ac58a445eb70', 'bdf1719f-eefb-4a62-937c-f0fe69bec4a6', '3', 'x-fmt/303', 'Aldus Freehand Drawing Version 3', 0, 0, 'aldus-freehand-drawing-version-3');
INSERT INTO `fpr_idrule` (`replaces_id`, `enabled`, `lastmodified`, `uuid`, `command_id`, `format_id`, `command_output`) VALUES (NULL, 1, '2014-07-10 00:01:12', 'a2a7f04f-ef2a-4173-ad66-42a33cbe2a58', '41efbe1b-3fc7-4b24-9290-d0fb5d0ea9e9', '7045ba78-44a7-4254-bb1e-ac58a445eb70', '.fh3');
INSERT INTO `fpr_formatversion` (`replaces_id`, `enabled`, `lastmodified`, `uuid`, `format_id`, `version`, `pronom_id`, `description`, `access_format`, `preservation_format`, `slug`) VALUES (NULL, 1, '2014-07-10 00:01:12', '8a2dd954-f0ef-4031-b43a-87a32005dd31', 'bdf1719f-eefb-4a62-937c-f0fe69bec4a6', '4', 'x-fmt/304', 'Aldus Freehand Drawing', 0, 0, 'aldus-freehand-drawing');
INSERT INTO `fpr_idrule` (`replaces_id`, `enabled`, `lastmodified`, `uuid`, `command_id`, `format_id`, `command_output`) VALUES (NULL, 1, '2014-07-10 00:01:12', '33bfa813-6307-4e53-afbd-5d43aac399e4', '41efbe1b-3fc7-4b24-9290-d0fb5d0ea9e9', '8a2dd954-f0ef-4031-b43a-87a32005dd31', '.fh4');
INSERT INTO `fpr_format` (`uuid`, `description`, `group_id`, `slug`) VALUES ('44f7a5e7-43e9-4f4f-aa97-12176e2b41bf', 'Apple Sound', '00abbdd0-51b3-4162-b93a-45deb4ed8654', 'apple-sound');
INSERT INTO `fpr_formatversion` (`replaces_id`, `enabled`, `lastmodified`, `uuid`, `format_id`, `version`, `pronom_id`, `description`, `access_format`, `preservation_format`, `slug`) VALUES (NULL, 1, '2014-07-10 00:01:12', 'f1c79471-a2fb-4512-8030-f01c03a9c2e6', '44f7a5e7-43e9-4f4f-aa97-12176e2b41bf', NULL, 'x-fmt/305', 'Apple Sound', 0, 0, 'apple-sound');
INSERT INTO `fpr_idrule` (`replaces_id`, `enabled`, `lastmodified`, `uuid`, `command_id`, `format_id`, `command_output`) VALUES (NULL, 1, '2014-07-10 00:01:12', '3193b7d9-6340-4ca2-9938-bcf3eb302cd7', '41efbe1b-3fc7-4b24-9290-d0fb5d0ea9e9', 'f1c79471-a2fb-4512-8030-f01c03a9c2e6', '.afc');
INSERT INTO `fpr_format` (`uuid`, `description`, `group_id`, `slug`) VALUES ('97b4eb17-b951-4397-bce6-382d3153b724', 'AutoSketch Drawing', '00abbdd0-51b3-4162-b93a-45deb4ed8654', 'autosketch-drawing');
INSERT INTO `fpr_formatversion` (`replaces_id`, `enabled`, `lastmodified`, `uuid`, `format_id`, `version`, `pronom_id`, `description`, `access_format`, `preservation_format`, `slug`) VALUES (NULL, 1, '2014-07-10 00:01:12', 'a7113d3f-fc86-4328-8f19-bc4cab175beb', '97b4eb17-b951-4397-bce6-382d3153b724', NULL, 'x-fmt/306', 'AutoSketch Drawing', 0, 0, 'autosketch-drawing');
INSERT INTO `fpr_idrule` (`replaces_id`, `enabled`, `lastmodified`, `uuid`, `command_id`, `format_id`, `command_output`) VALUES (NULL, 1, '2014-07-10 00:01:12', '21ce1e6a-a9a1-4ad2-8d8f-155d1f9dd302', '41efbe1b-3fc7-4b24-9290-d0fb5d0ea9e9', 'a7113d3f-fc86-4328-8f19-bc4cab175beb', '.skf');
INSERT INTO `fpr_format` (`uuid`, `description`, `group_id`, `slug`) VALUES ('21e4e263-e68e-4314-9b8e-aead9ce3ff50', 'Paradox Database Memo Field (Binary Large Object)', '00abbdd0-51b3-4162-b93a-45deb4ed8654', 'paradox-database-memo-field-binary-large-object');
INSERT INTO `fpr_formatversion` (`replaces_id`, `enabled`, `lastmodified`, `uuid`, `format_id`, `version`, `pronom_id`, `description`, `access_format`, `preservation_format`, `slug`) VALUES (NULL, 1, '2014-07-10 00:01:12', '8557147b-2fc5-47d3-9594-059325dff461', '21e4e263-e68e-4314-9b8e-aead9ce3ff50', NULL, 'x-fmt/307', 'Paradox Binary Large Object', 0, 0, 'paradox-binary-large-object');
INSERT INTO `fpr_format` (`uuid`, `description`, `group_id`, `slug`) VALUES ('7c1ac1ff-69db-49a8-b8e9-32b168214307', 'Btrieve Database', '00abbdd0-51b3-4162-b93a-45deb4ed8654', 'btrieve-database');
INSERT INTO `fpr_formatversion` (`replaces_id`, `enabled`, `lastmodified`, `uuid`, `format_id`, `version`, `pronom_id`, `description`, `access_format`, `preservation_format`, `slug`) VALUES (NULL, 1, '2014-07-10 00:01:12', 'bed849b3-0c39-4ae1-a06d-13623a34b2ef', '7c1ac1ff-69db-49a8-b8e9-32b168214307', '5.1', 'x-fmt/308', 'Btrieve Database', 0, 0, 'btrieve-database');
INSERT INTO `fpr_idrule` (`replaces_id`, `enabled`, `lastmodified`, `uuid`, `command_id`, `format_id`, `command_output`) VALUES (NULL, 1, '2014-07-10 00:01:12', '71f24d56-190b-40d3-b51f-7b9222a1eebc', '41efbe1b-3fc7-4b24-9290-d0fb5d0ea9e9', 'bed849b3-0c39-4ae1-a06d-13623a34b2ef', '.btr');
INSERT INTO `fpr_format` (`uuid`, `description`, `group_id`, `slug`) VALUES ('cf7a297a-b518-4f65-adea-670dc33c73f9', 'ChiWriter Document', '00abbdd0-51b3-4162-b93a-45deb4ed8654', 'chiwriter-document');
INSERT INTO `fpr_formatversion` (`replaces_id`, `enabled`, `lastmodified`, `uuid`, `format_id`, `version`, `pronom_id`, `description`, `access_format`, `preservation_format`, `slug`) VALUES (NULL, 1, '2014-07-10 00:01:12', '956911c7-a7ad-455e-8a0f-bffa4bc3b0c8', 'cf7a297a-b518-4f65-adea-670dc33c73f9', '3', 'x-fmt/309', 'ChiWriter Document V3', 0, 0, 'chiwriter-document-v3');
INSERT INTO `fpr_idrule` (`replaces_id`, `enabled`, `lastmodified`, `uuid`, `command_id`, `format_id`, `command_output`) VALUES (NULL, 1, '2014-07-10 00:01:12', 'bbcb946a-2ec9-4017-9795-7c582b8155b5', '41efbe1b-3fc7-4b24-9290-d0fb5d0ea9e9', '956911c7-a7ad-455e-8a0f-bffa4bc3b0c8', '.chi');
INSERT INTO `fpr_format` (`uuid`, `description`, `group_id`, `slug`) VALUES ('38cc50b5-4a83-441d-9429-b29bd3b66cd1', 'Corel Chart', '00abbdd0-51b3-4162-b93a-45deb4ed8654', 'corel-chart');
INSERT INTO `fpr_formatversion` (`replaces_id`, `enabled`, `lastmodified`, `uuid`, `format_id`, `version`, `pronom_id`, `description`, `access_format`, `preservation_format`, `slug`) VALUES (NULL, 1, '2014-07-10 00:01:12', 'd8796180-2181-46f6-8c99-c680bacf89ff', '38cc50b5-4a83-441d-9429-b29bd3b66cd1', NULL, 'x-fmt/310', 'Corel Chart', 0, 0, 'corel-chart');
INSERT INTO `fpr_idrule` (`replaces_id`, `enabled`, `lastmodified`, `uuid`, `command_id`, `format_id`, `command_output`) VALUES (NULL, 1, '2014-07-10 00:01:12', 'd97fe1d1-eac2-49ac-86bb-7b5d81ed6751', '41efbe1b-3fc7-4b24-9290-d0fb5d0ea9e9', 'd8796180-2181-46f6-8c99-c680bacf89ff', '.cch');
INSERT INTO `fpr_format` (`uuid`, `description`, `group_id`, `slug`) VALUES ('0701ead0-ad42-46ea-809d-31e3ca9ee24b', 'dBASE Text Memo', '00abbdd0-51b3-4162-b93a-45deb4ed8654', 'dbase-text-memo');
INSERT INTO `fpr_formatversion` (`replaces_id`, `enabled`, `lastmodified`, `uuid`, `format_id`, `version`, `pronom_id`, `description`, `access_format`, `preservation_format`, `slug`) VALUES (NULL, 1, '2014-07-10 00:01:12', '79417f95-2b95-453b-b7da-4ec5bdb00711', '0701ead0-ad42-46ea-809d-31e3ca9ee24b', NULL, 'x-fmt/311', 'dBASE Text Memo', 0, 0, 'dbase-text-memo');
INSERT INTO `fpr_format` (`uuid`, `description`, `group_id`, `slug`) VALUES ('5500cbbc-90ae-453f-afcb-262a63f2bac2', 'DesignCAD Drawing', '00abbdd0-51b3-4162-b93a-45deb4ed8654', 'designcad-drawing');
INSERT INTO `fpr_formatversion` (`replaces_id`, `enabled`, `lastmodified`, `uuid`, `format_id`, `version`, `pronom_id`, `description`, `access_format`, `preservation_format`, `slug`) VALUES (NULL, 1, '2014-07-10 00:01:12', 'a6120252-d210-4750-b3f1-9f757f000001', '5500cbbc-90ae-453f-afcb-262a63f2bac2', NULL, 'x-fmt/312', 'DesignCAD Drawing', 0, 0, 'designcad-drawing');
INSERT INTO `fpr_idrule` (`replaces_id`, `enabled`, `lastmodified`, `uuid`, `command_id`, `format_id`, `command_output`) VALUES (NULL, 1, '2014-07-10 00:01:12', '0651464e-1e5a-4056-a241-0ac3e5daac10', '41efbe1b-3fc7-4b24-9290-d0fb5d0ea9e9', 'a6120252-d210-4750-b3f1-9f757f000001', '.dc2');
INSERT INTO `fpr_format` (`uuid`, `description`, `group_id`, `slug`) VALUES ('6de81501-3501-4fe8-a37f-6bb5c37b7e0a', 'DesignCAD for Windows Drawing', '00abbdd0-51b3-4162-b93a-45deb4ed8654', 'designcad-for-windows-drawing');
INSERT INTO `fpr_formatversion` (`replaces_id`, `enabled`, `lastmodified`, `uuid`, `format_id`, `version`, `pronom_id`, `description`, `access_format`, `preservation_format`, `slug`) VALUES (NULL, 1, '2014-07-10 00:01:12', '86beb4b2-73a3-4712-bf9d-21c06529470a', '6de81501-3501-4fe8-a37f-6bb5c37b7e0a', NULL, 'x-fmt/313', 'DesignCAD for Windows Drawing', 0, 0, 'designcad-for-windows-drawing');
INSERT INTO `fpr_idrule` (`replaces_id`, `enabled`, `lastmodified`, `uuid`, `command_id`, `format_id`, `command_output`) VALUES (NULL, 1, '2014-07-10 00:01:12', 'b8636ac3-6606-40f5-b6bc-c7b9b6aebfc6', '41efbe1b-3fc7-4b24-9290-d0fb5d0ea9e9', '86beb4b2-73a3-4712-bf9d-21c06529470a', '.dw2');
INSERT INTO `fpr_format` (`uuid`, `description`, `group_id`, `slug`) VALUES ('8f831021-5f1b-4ab8-9b67-0f312f80458e', 'Digital Terrain Elevation Data', '00abbdd0-51b3-4162-b93a-45deb4ed8654', 'digital-terrain-elevation-data');
INSERT INTO `fpr_formatversion` (`replaces_id`, `enabled`, `lastmodified`, `uuid`, `format_id`, `version`, `pronom_id`, `description`, `access_format`, `preservation_format`, `slug`) VALUES (NULL, 1, '2014-07-10 00:01:12', '880fbf91-4bbc-40b5-93bc-2dfbf6f503e2', '8f831021-5f1b-4ab8-9b67-0f312f80458e', NULL, 'x-fmt/314', 'Digital Terrain Elevation Data', 0, 0, 'digital-terrain-elevation-data');
INSERT INTO `fpr_idrule` (`replaces_id`, `enabled`, `lastmodified`, `uuid`, `command_id`, `format_id`, `command_output`) VALUES (NULL, 1, '2014-07-10 00:01:12', 'a6a60ea3-7803-4c99-a0d0-efc612c8d126', '41efbe1b-3fc7-4b24-9290-d0fb5d0ea9e9', '880fbf91-4bbc-40b5-93bc-2dfbf6f503e2', '.dted');
INSERT INTO `fpr_format` (`uuid`, `description`, `group_id`, `slug`) VALUES ('e0092326-28c1-4d67-926f-3ea2b34aebf9', 'Document Type Definition', '00abbdd0-51b3-4162-b93a-45deb4ed8654', 'document-type-definition');
INSERT INTO `fpr_formatversion` (`replaces_id`, `enabled`, `lastmodified`, `uuid`, `format_id`, `version`, `pronom_id`, `description`, `access_format`, `preservation_format`, `slug`) VALUES (NULL, 1, '2014-07-10 00:01:12', '54c36d38-3ede-4516-81dd-0cb3e8b5c923', 'e0092326-28c1-4d67-926f-3ea2b34aebf9', NULL, 'x-fmt/315', 'Document Type Definition', 0, 0, 'document-type-definition');
INSERT INTO `fpr_idrule` (`replaces_id`, `enabled`, `lastmodified`, `uuid`, `command_id`, `format_id`, `command_output`) VALUES (NULL, 1, '2014-07-10 00:01:12', 'ce6d53fe-13df-4cae-a6ad-8d527d91ed1e', '41efbe1b-3fc7-4b24-9290-d0fb5d0ea9e9', '54c36d38-3ede-4516-81dd-0cb3e8b5c923', '.dtd');
INSERT INTO `fpr_format` (`uuid`, `description`, `group_id`, `slug`) VALUES ('55e6cfa9-e33a-4c6f-a914-986ecde57a0f', 'Dr Halo Bitmap', '00abbdd0-51b3-4162-b93a-45deb4ed8654', 'dr-halo-bitmap');
INSERT INTO `fpr_formatversion` (`replaces_id`, `enabled`, `lastmodified`, `uuid`, `format_id`, `version`, `pronom_id`, `description`, `access_format`, `preservation_format`, `slug`) VALUES (NULL, 1, '2014-07-10 00:01:12', 'b7aa58ca-678c-4b9b-b923-3040c28691e1', '55e6cfa9-e33a-4c6f-a914-986ecde57a0f', NULL, 'x-fmt/316', 'Dr Halo Bitmap', 0, 0, 'dr-halo-bitmap');
INSERT INTO `fpr_idrule` (`replaces_id`, `enabled`, `lastmodified`, `uuid`, `command_id`, `format_id`, `command_output`) VALUES (NULL, 1, '2014-07-10 00:01:12', '6eb1c645-570e-4262-a027-b15864ae5c93', '41efbe1b-3fc7-4b24-9290-d0fb5d0ea9e9', 'b7aa58ca-678c-4b9b-b923-3040c28691e1', '.cut');
INSERT INTO `fpr_format` (`uuid`, `description`, `group_id`, `slug`) VALUES ('d27a4450-f9c4-4460-9c5a-2d8796634eb9', 'ESRI Arc/View Project', '00abbdd0-51b3-4162-b93a-45deb4ed8654', 'esri-arcview-project');
INSERT INTO `fpr_formatversion` (`replaces_id`, `enabled`, `lastmodified`, `uuid`, `format_id`, `version`, `pronom_id`, `description`, `access_format`, `preservation_format`, `slug`) VALUES (NULL, 1, '2014-07-10 00:01:12', '6b81d128-4b15-4581-93ba-aeb8f123e650', 'd27a4450-f9c4-4460-9c5a-2d8796634eb9', '2.x', 'x-fmt/317', 'ESRI Arc/View Project Version 2.x', 0, 0, 'esri-arcview-project-version-2x');
INSERT INTO `fpr_idrule` (`replaces_id`, `enabled`, `lastmodified`, `uuid`, `command_id`, `format_id`, `command_output`) VALUES (NULL, 1, '2014-07-10 00:01:12', 'a32f0fb8-0f83-46c4-9822-3e21f0c3890c', '41efbe1b-3fc7-4b24-9290-d0fb5d0ea9e9', '6b81d128-4b15-4581-93ba-aeb8f123e650', '.apr');
INSERT INTO `fpr_format` (`uuid`, `description`, `group_id`, `slug`) VALUES ('37904504-22a0-40b2-9505-21f89382d484', 'FileMaker Pro Database', '00abbdd0-51b3-4162-b93a-45deb4ed8654', 'filemaker-pro-database');
INSERT INTO `fpr_formatversion` (`replaces_id`, `enabled`, `lastmodified`, `uuid`, `format_id`, `version`, `pronom_id`, `description`, `access_format`, `preservation_format`, `slug`) VALUES (NULL, 1, '2014-07-10 00:01:12', '234a0cdd-031a-48d3-8b17-b918f8a1f062', '37904504-22a0-40b2-9505-21f89382d484', '3', 'x-fmt/318', 'FP3', 0, 0, 'fp3');
INSERT INTO `fpr_idrule` (`replaces_id`, `enabled`, `lastmodified`, `uuid`, `command_id`, `format_id`, `command_output`) VALUES (NULL, 1, '2014-07-10 00:01:12', '85262ad8-7958-4971-801c-2d7baea7e095', '41efbe1b-3fc7-4b24-9290-d0fb5d0ea9e9', '234a0cdd-031a-48d3-8b17-b918f8a1f062', '.fp3');
INSERT INTO `fpr_formatversion` (`replaces_id`, `enabled`, `lastmodified`, `uuid`, `format_id`, `version`, `pronom_id`, `description`, `access_format`, `preservation_format`, `slug`) VALUES (NULL, 1, '2014-07-10 00:01:12', 'ffe51d1d-eb34-493b-81b0-3ef2f257cea2', '37904504-22a0-40b2-9505-21f89382d484', '5', 'x-fmt/319', 'FP5', 0, 0, 'fp5');
INSERT INTO `fpr_idrule` (`replaces_id`, `enabled`, `lastmodified`, `uuid`, `command_id`, `format_id`, `command_output`) VALUES (NULL, 1, '2014-07-10 00:01:12', '574488e3-6c79-4f77-be61-8c71b818e212', '41efbe1b-3fc7-4b24-9290-d0fb5d0ea9e9', 'ffe51d1d-eb34-493b-81b0-3ef2f257cea2', '.fp5');
INSERT INTO `fpr_format` (`uuid`, `description`, `group_id`, `slug`) VALUES ('ee4804a7-89ac-4241-ab16-cf8c33c5b606', 'Fractal Image', '00abbdd0-51b3-4162-b93a-45deb4ed8654', 'fractal-image');
INSERT INTO `fpr_formatversion` (`replaces_id`, `enabled`, `lastmodified`, `uuid`, `format_id`, `version`, `pronom_id`, `description`, `access_format`, `preservation_format`, `slug`) VALUES (NULL, 1, '2014-07-10 00:01:12', 'da014ffc-85cb-4f4e-aebf-8f90b44105ad', 'ee4804a7-89ac-4241-ab16-cf8c33c5b606', NULL, 'x-fmt/320', 'Fractal Image', 0, 0, 'fractal-image');
INSERT INTO `fpr_idrule` (`replaces_id`, `enabled`, `lastmodified`, `uuid`, `command_id`, `format_id`, `command_output`) VALUES (NULL, 1, '2014-07-10 00:01:12', 'f1f7c23f-2c14-4c02-964e-faf7b4790f60', '41efbe1b-3fc7-4b24-9290-d0fb5d0ea9e9', 'da014ffc-85cb-4f4e-aebf-8f90b44105ad', '.fif');
INSERT INTO `fpr_format` (`uuid`, `description`, `group_id`, `slug`) VALUES ('d26e6660-8b55-4447-86bb-2698d8d256c4', 'Framework Database', '00abbdd0-51b3-4162-b93a-45deb4ed8654', 'framework-database');
INSERT INTO `fpr_formatversion` (`replaces_id`, `enabled`, `lastmodified`, `uuid`, `format_id`, `version`, `pronom_id`, `description`, `access_format`, `preservation_format`, `slug`) VALUES (NULL, 1, '2014-07-10 00:01:12', '8628970b-3b83-4f57-a064-d2fcdc657f5a', 'd26e6660-8b55-4447-86bb-2698d8d256c4', 'II', 'x-fmt/321', 'Framework Database', 0, 0, 'framework-database');
INSERT INTO `fpr_idrule` (`replaces_id`, `enabled`, `lastmodified`, `uuid`, `command_id`, `format_id`, `command_output`) VALUES (NULL, 1, '2014-07-10 00:01:12', 'c372a549-5dc1-4beb-9095-489d19a67c61', '41efbe1b-3fc7-4b24-9290-d0fb5d0ea9e9', '8628970b-3b83-4f57-a064-d2fcdc657f5a', '.fw');
INSERT INTO `fpr_formatversion` (`replaces_id`, `enabled`, `lastmodified`, `uuid`, `format_id`, `version`, `pronom_id`, `description`, `access_format`, `preservation_format`, `slug`) VALUES (NULL, 1, '2014-07-10 00:01:12', '0f223bdf-cd42-46de-8c3d-a41b31492f78', 'd26e6660-8b55-4447-86bb-2698d8d256c4', 'III', 'x-fmt/322', 'Framework Database', 0, 0, 'framework-database-2');
INSERT INTO `fpr_idrule` (`replaces_id`, `enabled`, `lastmodified`, `uuid`, `command_id`, `format_id`, `command_output`) VALUES (NULL, 1, '2014-07-10 00:01:12', '57716de5-7af0-4629-a604-173dddb6926b', '41efbe1b-3fc7-4b24-9290-d0fb5d0ea9e9', '0f223bdf-cd42-46de-8c3d-a41b31492f78', '.fw3');
INSERT INTO `fpr_formatversion` (`replaces_id`, `enabled`, `lastmodified`, `uuid`, `format_id`, `version`, `pronom_id`, `description`, `access_format`, `preservation_format`, `slug`) VALUES (NULL, 1, '2014-07-10 00:01:12', '006c4cdb-c9fc-4cf3-bba5-39412ce338a1', 'd26e6660-8b55-4447-86bb-2698d8d256c4', 'IV', 'x-fmt/323', 'Framework Database', 0, 0, 'framework-database-3');
INSERT INTO `fpr_idrule` (`replaces_id`, `enabled`, `lastmodified`, `uuid`, `command_id`, `format_id`, `command_output`) VALUES (NULL, 1, '2014-07-10 00:01:12', '87c2b63f-824d-4b72-8cb4-72772190da50', '41efbe1b-3fc7-4b24-9290-d0fb5d0ea9e9', '006c4cdb-c9fc-4cf3-bba5-39412ce338a1', '.fw4');
INSERT INTO `fpr_format` (`uuid`, `description`, `group_id`, `slug`) VALUES ('faad4597-1e68-4945-a439-33f65216b9b2', 'Harvard Graphics Presentation', '00abbdd0-51b3-4162-b93a-45deb4ed8654', 'harvard-graphics-presentation');
INSERT INTO `fpr_formatversion` (`replaces_id`, `enabled`, `lastmodified`, `uuid`, `format_id`, `version`, `pronom_id`, `description`, `access_format`, `preservation_format`, `slug`) VALUES (NULL, 1, '2014-07-10 00:01:12', 'cb20f807-ce55-4274-880d-a77dbfb4a84a', 'faad4597-1e68-4945-a439-33f65216b9b2', '2.0', 'x-fmt/324', 'Harvard Graphics Show 2.0', 0, 0, 'harvard-graphics-show-20');
INSERT INTO `fpr_idrule` (`replaces_id`, `enabled`, `lastmodified`, `uuid`, `command_id`, `format_id`, `command_output`) VALUES (NULL, 1, '2014-07-10 00:01:12', '201da91e-9165-4c7e-8775-dcaa96a2ad6d', '41efbe1b-3fc7-4b24-9290-d0fb5d0ea9e9', 'cb20f807-ce55-4274-880d-a77dbfb4a84a', '.shw');
INSERT INTO `fpr_format` (`uuid`, `description`, `group_id`, `slug`) VALUES ('6fab3f8d-ce50-493f-956f-1e15f31bd825', 'Harvard Graphics Vector Graphics', '00abbdd0-51b3-4162-b93a-45deb4ed8654', 'harvard-graphics-vector-graphics');
INSERT INTO `fpr_formatversion` (`replaces_id`, `enabled`, `lastmodified`, `uuid`, `format_id`, `version`, `pronom_id`, `description`, `access_format`, `preservation_format`, `slug`) VALUES (NULL, 1, '2014-07-10 00:01:12', '771f71d4-8838-46a1-af30-a04b374befce', '6fab3f8d-ce50-493f-956f-1e15f31bd825', '2.0', 'x-fmt/325', 'Harvard Graphics Vector Graphics 2.0', 0, 0, 'harvard-graphics-vector-graphics-20');
INSERT INTO `fpr_idrule` (`replaces_id`, `enabled`, `lastmodified`, `uuid`, `command_id`, `format_id`, `command_output`) VALUES (NULL, 1, '2014-07-10 00:01:12', 'd7381a8a-5802-4e14-84ca-d5e6c039ea1d', '41efbe1b-3fc7-4b24-9290-d0fb5d0ea9e9', '771f71d4-8838-46a1-af30-a04b374befce', '.cht');
INSERT INTO `fpr_format` (`uuid`, `description`, `group_id`, `slug`) VALUES ('8ab21a53-5197-412d-b1a9-0baceb56bda7', 'Hewlett Packard AdvanceWrite Text File', '00abbdd0-51b3-4162-b93a-45deb4ed8654', 'hewlett-packard-advancewrite-text-file');
INSERT INTO `fpr_formatversion` (`replaces_id`, `enabled`, `lastmodified`, `uuid`, `format_id`, `version`, `pronom_id`, `description`, `access_format`, `preservation_format`, `slug`) VALUES (NULL, 1, '2014-07-10 00:01:12', 'caa62068-11ec-4983-b707-30c4168edaee', '8ab21a53-5197-412d-b1a9-0baceb56bda7', NULL, 'x-fmt/326', 'Hewlett Packard AdvanceWrite Text File', 0, 0, 'hewlett-packard-advancewrite-text-file');
INSERT INTO `fpr_idrule` (`replaces_id`, `enabled`, `lastmodified`, `uuid`, `command_id`, `format_id`, `command_output`) VALUES (NULL, 1, '2014-07-10 00:01:12', 'dfeb0536-7ebb-4f12-899e-01797bca45a7', '41efbe1b-3fc7-4b24-9290-d0fb5d0ea9e9', 'caa62068-11ec-4983-b707-30c4168edaee', '.aw');
INSERT INTO `fpr_format` (`uuid`, `description`, `group_id`, `slug`) VALUES ('b79acc8b-2197-463d-b7f6-1a0a356c4c8a', 'IntelliDraw Vector Graphics', '00abbdd0-51b3-4162-b93a-45deb4ed8654', 'intellidraw-vector-graphics');
INSERT INTO `fpr_formatversion` (`replaces_id`, `enabled`, `lastmodified`, `uuid`, `format_id`, `version`, `pronom_id`, `description`, `access_format`, `preservation_format`, `slug`) VALUES (NULL, 1, '2014-07-10 00:01:12', '501fe69a-e7a0-45c5-a605-a954e1c6bb69', 'b79acc8b-2197-463d-b7f6-1a0a356c4c8a', NULL, 'x-fmt/327', 'IntelliDraw Vector Graphics', 0, 0, 'intellidraw-vector-graphics');
INSERT INTO `fpr_idrule` (`replaces_id`, `enabled`, `lastmodified`, `uuid`, `command_id`, `format_id`, `command_output`) VALUES (NULL, 1, '2014-07-10 00:01:12', '26f8a662-07d3-4e22-86c5-b511cf33e2f1', '41efbe1b-3fc7-4b24-9290-d0fb5d0ea9e9', '501fe69a-e7a0-45c5-a605-a954e1c6bb69', '.idw');
INSERT INTO `fpr_format` (`uuid`, `description`, `group_id`, `slug`) VALUES ('e94db8bb-371e-48db-bed0-04fd1fb7e3b9', 'InterBase Database', '00abbdd0-51b3-4162-b93a-45deb4ed8654', 'interbase-database');
INSERT INTO `fpr_formatversion` (`replaces_id`, `enabled`, `lastmodified`, `uuid`, `format_id`, `version`, `pronom_id`, `description`, `access_format`, `preservation_format`, `slug`) VALUES (NULL, 1, '2014-07-10 00:01:12', '0ac606e4-e235-4bf5-9797-0dddf7ad4e1b', 'e94db8bb-371e-48db-bed0-04fd1fb7e3b9', NULL, 'x-fmt/328', 'InterBase Database', 0, 0, 'interbase-database');
INSERT INTO `fpr_idrule` (`replaces_id`, `enabled`, `lastmodified`, `uuid`, `command_id`, `format_id`, `command_output`) VALUES (NULL, 1, '2014-07-10 00:01:12', '71c6fa1a-5f74-4db1-b375-d2083bbfdade', '41efbe1b-3fc7-4b24-9290-d0fb5d0ea9e9', '0ac606e4-e235-4bf5-9797-0dddf7ad4e1b', '.gdb');
INSERT INTO `fpr_format` (`uuid`, `description`, `group_id`, `slug`) VALUES ('c8a49740-8cd5-494d-a5aa-62f726df18dc', 'Interleaf Document', '00abbdd0-51b3-4162-b93a-45deb4ed8654', 'interleaf-document');
INSERT INTO `fpr_formatversion` (`replaces_id`, `enabled`, `lastmodified`, `uuid`, `format_id`, `version`, `pronom_id`, `description`, `access_format`, `preservation_format`, `slug`) VALUES (NULL, 1, '2014-07-10 00:01:12', 'c0b929a2-49f4-4152-97b0-8e734d9a4b13', 'c8a49740-8cd5-494d-a5aa-62f726df18dc', NULL, 'x-fmt/329', 'Interleaf Document', 0, 0, 'interleaf-document');
INSERT INTO `fpr_format` (`uuid`, `description`, `group_id`, `slug`) VALUES ('16da508e-9ac2-40cb-8d3a-c998f9194a79', 'JustWrite Text Document', '00abbdd0-51b3-4162-b93a-45deb4ed8654', 'justwrite-text-document');
INSERT INTO `fpr_formatversion` (`replaces_id`, `enabled`, `lastmodified`, `uuid`, `format_id`, `version`, `pronom_id`, `description`, `access_format`, `preservation_format`, `slug`) VALUES (NULL, 1, '2014-07-10 00:01:12', '9bce002b-5531-4ba8-b0db-141f4e61f3ba', '16da508e-9ac2-40cb-8d3a-c998f9194a79', NULL, 'x-fmt/330', 'JustWrite Text Document', 0, 0, 'justwrite-text-document');
INSERT INTO `fpr_idrule` (`replaces_id`, `enabled`, `lastmodified`, `uuid`, `command_id`, `format_id`, `command_output`) VALUES (NULL, 1, '2014-07-10 00:01:12', '6de2e4b1-8b37-40ab-9cc3-915b0d936e7e', '41efbe1b-3fc7-4b24-9290-d0fb5d0ea9e9', '9bce002b-5531-4ba8-b0db-141f4e61f3ba', '.jw');
INSERT INTO `fpr_format` (`uuid`, `description`, `group_id`, `slug`) VALUES ('6a09d782-9ae3-4945-b15d-32f4bf99aa66', 'Lotus 1-2-3 Spreadsheet Formatting File', '00abbdd0-51b3-4162-b93a-45deb4ed8654', 'lotus-1-2-3-spreadsheet-formatting-file');
INSERT INTO `fpr_formatversion` (`replaces_id`, `enabled`, `lastmodified`, `uuid`, `format_id`, `version`, `pronom_id`, `description`, `access_format`, `preservation_format`, `slug`) VALUES (NULL, 1, '2014-07-10 00:01:12', 'e102d56d-ce13-4303-8749-05f088e7dd95', '6a09d782-9ae3-4945-b15d-32f4bf99aa66', '2.3-2.4', 'x-fmt/331', 'Lotus 1-2-3 Spreadsheet Formatting File 2.3-2.4', 0, 0, 'lotus-1-2-3-spreadsheet-formatting-file-23-24');
INSERT INTO `fpr_idrule` (`replaces_id`, `enabled`, `lastmodified`, `uuid`, `command_id`, `format_id`, `command_output`) VALUES (NULL, 1, '2014-07-10 00:01:12', 'c6649393-641d-46f2-a16c-172a5997485c', '41efbe1b-3fc7-4b24-9290-d0fb5d0ea9e9', 'e102d56d-ce13-4303-8749-05f088e7dd95', '.fm1');
INSERT INTO `fpr_formatversion` (`replaces_id`, `enabled`, `lastmodified`, `uuid`, `format_id`, `version`, `pronom_id`, `description`, `access_format`, `preservation_format`, `slug`) VALUES (NULL, 1, '2014-07-10 00:01:12', '0a92b058-a40f-47a5-b536-0aa3453f23d1', '6a09d782-9ae3-4945-b15d-32f4bf99aa66', '3.0', 'x-fmt/332', 'Lotus 1-2-3 Spreadsheet Formatting File', 0, 0, 'lotus-1-2-3-spreadsheet-formatting-file');
INSERT INTO `fpr_idrule` (`replaces_id`, `enabled`, `lastmodified`, `uuid`, `command_id`, `format_id`, `command_output`) VALUES (NULL, 1, '2014-07-10 00:01:12', '99b37bc5-bcbd-4128-acae-3845ab51e1fd', '41efbe1b-3fc7-4b24-9290-d0fb5d0ea9e9', '0a92b058-a40f-47a5-b536-0aa3453f23d1', '.fm3');
INSERT INTO `fpr_format` (`uuid`, `description`, `group_id`, `slug`) VALUES ('2645f0e4-8eea-4201-b681-42275d4e88a3', 'Lotus Approach View File', '00abbdd0-51b3-4162-b93a-45deb4ed8654', 'lotus-approach-view-file');
INSERT INTO `fpr_formatversion` (`replaces_id`, `enabled`, `lastmodified`, `uuid`, `format_id`, `version`, `pronom_id`, `description`, `access_format`, `preservation_format`, `slug`) VALUES (NULL, 1, '2014-07-10 00:01:12', 'a0f394a7-afa8-4e0e-93ff-d591791bfcad', '2645f0e4-8eea-4201-b681-42275d4e88a3', '97', 'x-fmt/333', 'Lotus Approach View File', 0, 0, 'lotus-approach-view-file');
INSERT INTO `fpr_formatversion` (`replaces_id`, `enabled`, `lastmodified`, `uuid`, `format_id`, `version`, `pronom_id`, `description`, `access_format`, `preservation_format`, `slug`) VALUES (NULL, 1, '2014-07-10 00:01:12', '7bb428dc-9d51-40b6-b9eb-0e60604b4485', '2645f0e4-8eea-4201-b681-42275d4e88a3', NULL, 'x-fmt/334', 'Lotus Approach View File', 0, 0, 'lotus-approach-view-file-2');
INSERT INTO `fpr_idrule` (`replaces_id`, `enabled`, `lastmodified`, `uuid`, `command_id`, `format_id`, `command_output`) VALUES (NULL, 1, '2014-07-10 00:01:12', 'd317dc57-9a0f-489d-b703-cd044dffbb6d', '41efbe1b-3fc7-4b24-9290-d0fb5d0ea9e9', '7bb428dc-9d51-40b6-b9eb-0e60604b4485', '.apt');
INSERT INTO `fpr_format` (`uuid`, `description`, `group_id`, `slug`) VALUES ('f760854b-4b92-46fb-8967-aaec41c37b74', 'Lotus Freelance Smartmaster Graphics', '00abbdd0-51b3-4162-b93a-45deb4ed8654', 'lotus-freelance-smartmaster-graphics');
INSERT INTO `fpr_formatversion` (`replaces_id`, `enabled`, `lastmodified`, `uuid`, `format_id`, `version`, `pronom_id`, `description`, `access_format`, `preservation_format`, `slug`) VALUES (NULL, 1, '2014-07-10 00:01:12', '0c6f81fe-31b2-44a2-a789-8db3f90bdfbd', 'f760854b-4b92-46fb-8967-aaec41c37b74', NULL, 'x-fmt/335', 'Lotus Freelance Smartmaster Graphics', 0, 0, 'lotus-freelance-smartmaster-graphics');
INSERT INTO `fpr_idrule` (`replaces_id`, `enabled`, `lastmodified`, `uuid`, `command_id`, `format_id`, `command_output`) VALUES (NULL, 1, '2014-07-10 00:01:12', '78e73c32-905d-444b-a7cd-0a211a300db5', '41efbe1b-3fc7-4b24-9290-d0fb5d0ea9e9', '0c6f81fe-31b2-44a2-a789-8db3f90bdfbd', '.mas');
INSERT INTO `fpr_format` (`uuid`, `description`, `group_id`, `slug`) VALUES ('47b16884-8161-4e90-8f0b-560640be26f7', 'Lotus Notes Database', '00abbdd0-51b3-4162-b93a-45deb4ed8654', 'lotus-notes-database');
INSERT INTO `fpr_formatversion` (`replaces_id`, `enabled`, `lastmodified`, `uuid`, `format_id`, `version`, `pronom_id`, `description`, `access_format`, `preservation_format`, `slug`) VALUES (NULL, 1, '2014-07-10 00:01:12', 'b1e542d5-7edd-4e4d-8f46-d290246a5c1d', '47b16884-8161-4e90-8f0b-560640be26f7', '2', 'x-fmt/336', 'Lotus Notes Database', 0, 0, 'lotus-notes-database');
INSERT INTO `fpr_idrule` (`replaces_id`, `enabled`, `lastmodified`, `uuid`, `command_id`, `format_id`, `command_output`) VALUES (NULL, 1, '2014-07-10 00:01:12', '86454dd2-d2a9-4a46-8b49-0f5d94b48f45', '41efbe1b-3fc7-4b24-9290-d0fb5d0ea9e9', 'b1e542d5-7edd-4e4d-8f46-d290246a5c1d', '.ns2');
INSERT INTO `fpr_formatversion` (`replaces_id`, `enabled`, `lastmodified`, `uuid`, `format_id`, `version`, `pronom_id`, `description`, `access_format`, `preservation_format`, `slug`) VALUES (NULL, 1, '2014-07-10 00:01:12', '89bb0fb1-a094-4322-b56e-4754f77ca2dc', '47b16884-8161-4e90-8f0b-560640be26f7', '3', 'x-fmt/337', 'Lotus Notes Database', 0, 0, 'lotus-notes-database-2');
INSERT INTO `fpr_idrule` (`replaces_id`, `enabled`, `lastmodified`, `uuid`, `command_id`, `format_id`, `command_output`) VALUES (NULL, 1, '2014-07-10 00:01:12', '6b24ae05-b4b1-4ed6-b911-fe002eed2199', '41efbe1b-3fc7-4b24-9290-d0fb5d0ea9e9', '89bb0fb1-a094-4322-b56e-4754f77ca2dc', '.ns3');
INSERT INTO `fpr_formatversion` (`replaces_id`, `enabled`, `lastmodified`, `uuid`, `format_id`, `version`, `pronom_id`, `description`, `access_format`, `preservation_format`, `slug`) VALUES (NULL, 1, '2014-07-10 00:01:12', 'db035042-f74c-4ff5-a458-1a2bd2f307f9', '47b16884-8161-4e90-8f0b-560640be26f7', '4', 'x-fmt/338', 'Lotus Notes Database', 0, 0, 'lotus-notes-database-3');
INSERT INTO `fpr_idrule` (`replaces_id`, `enabled`, `lastmodified`, `uuid`, `command_id`, `format_id`, `command_output`) VALUES (NULL, 1, '2014-07-10 00:01:12', '3c58cfa8-b7bd-4d05-9d1e-4ad5b425d3f4', '41efbe1b-3fc7-4b24-9290-d0fb5d0ea9e9', 'db035042-f74c-4ff5-a458-1a2bd2f307f9', '.ns4');
INSERT INTO `fpr_format` (`uuid`, `description`, `group_id`, `slug`) VALUES ('8e400e8c-8fd9-4e57-8e88-52611c26e900', 'Lotus Notes File', '00abbdd0-51b3-4162-b93a-45deb4ed8654', 'lotus-notes-file');
INSERT INTO `fpr_formatversion` (`replaces_id`, `enabled`, `lastmodified`, `uuid`, `format_id`, `version`, `pronom_id`, `description`, `access_format`, `preservation_format`, `slug`) VALUES (NULL, 1, '2014-07-10 00:01:12', '57ae85d0-3c4b-47f0-b344-e66df83d0de6', '8e400e8c-8fd9-4e57-8e88-52611c26e900', NULL, 'x-fmt/339', 'Lotus Notes File', 0, 0, 'lotus-notes-file');
INSERT INTO `fpr_idrule` (`replaces_id`, `enabled`, `lastmodified`, `uuid`, `command_id`, `format_id`, `command_output`) VALUES (NULL, 1, '2014-07-10 00:01:12', '828a58b6-7b4d-4f5b-a378-9518de21478c', '41efbe1b-3fc7-4b24-9290-d0fb5d0ea9e9', '57ae85d0-3c4b-47f0-b344-e66df83d0de6', '.box');
INSERT INTO `fpr_format` (`uuid`, `description`, `group_id`, `slug`) VALUES ('c9e5fc6c-aba2-4dad-ae4a-3ae52e1c2aa8', 'Lotus WordPro Document', '00abbdd0-51b3-4162-b93a-45deb4ed8654', 'lotus-wordpro-document');
INSERT INTO `fpr_formatversion` (`replaces_id`, `enabled`, `lastmodified`, `uuid`, `format_id`, `version`, `pronom_id`, `description`, `access_format`, `preservation_format`, `slug`) VALUES (NULL, 1, '2014-07-10 00:01:12', 'd1981a81-4261-418f-8a7c-74a1e84c9767', 'c9e5fc6c-aba2-4dad-ae4a-3ae52e1c2aa8', '96', 'x-fmt/340', 'Lotus WordPro 96', 0, 0, 'lotus-wordpro-96');
INSERT INTO `fpr_idrule` (`replaces_id`, `enabled`, `lastmodified`, `uuid`, `command_id`, `format_id`, `command_output`) VALUES (NULL, 1, '2014-07-10 00:01:12', 'cc985868-5f1a-4afa-b7cc-fd825a0ea0be', '41efbe1b-3fc7-4b24-9290-d0fb5d0ea9e9', 'd1981a81-4261-418f-8a7c-74a1e84c9767', '.lwp');
INSERT INTO `fpr_format` (`uuid`, `description`, `group_id`, `slug`) VALUES ('a7631f13-3409-455f-b949-2980dd77c2d0', 'Macromedia Director', '00abbdd0-51b3-4162-b93a-45deb4ed8654', 'macromedia-director');
INSERT INTO `fpr_formatversion` (`replaces_id`, `enabled`, `lastmodified`, `uuid`, `format_id`, `version`, `pronom_id`, `description`, `access_format`, `preservation_format`, `slug`) VALUES (NULL, 1, '2014-07-10 00:01:12', '46371abe-453f-48ac-a8a6-df9463d8e23c', 'a7631f13-3409-455f-b949-2980dd77c2d0', 'PC', 'x-fmt/341', 'Macromedia Director PC', 0, 0, 'macromedia-director-pc');
INSERT INTO `fpr_idrule` (`replaces_id`, `enabled`, `lastmodified`, `uuid`, `command_id`, `format_id`, `command_output`) VALUES (NULL, 1, '2014-07-10 00:01:12', '2642d6f3-0514-438f-b7b4-54b8bc880336', '41efbe1b-3fc7-4b24-9290-d0fb5d0ea9e9', '46371abe-453f-48ac-a8a6-df9463d8e23c', '.dir');
INSERT INTO `fpr_format` (`uuid`, `description`, `group_id`, `slug`) VALUES ('068378bd-584c-42fc-8cd1-199fd10b2095', 'Microsoft FoxPro Memo', '00abbdd0-51b3-4162-b93a-45deb4ed8654', 'microsoft-foxpro-memo');
INSERT INTO `fpr_formatversion` (`replaces_id`, `enabled`, `lastmodified`, `uuid`, `format_id`, `version`, `pronom_id`, `description`, `access_format`, `preservation_format`, `slug`) VALUES (NULL, 1, '2014-07-10 00:01:12', '307fc71e-7c4e-4b79-8979-f9347861d067', '068378bd-584c-42fc-8cd1-199fd10b2095', NULL, 'x-fmt/342', 'Microsoft FoxPro Memo Generic 1', 0, 0, 'microsoft-foxpro-memo-generic-1');
INSERT INTO `fpr_idrule` (`replaces_id`, `enabled`, `lastmodified`, `uuid`, `command_id`, `format_id`, `command_output`) VALUES (NULL, 1, '2014-07-10 00:01:12', '958256f7-afb4-4fb5-a915-2c063f7d14f3', '41efbe1b-3fc7-4b24-9290-d0fb5d0ea9e9', '307fc71e-7c4e-4b79-8979-f9347861d067', '.fpt');
INSERT INTO `fpr_format` (`uuid`, `description`, `group_id`, `slug`) VALUES ('01bdf152-88f8-4dc4-bca1-202323eebe9d', 'Microsoft Visual FoxPro Table', '00abbdd0-51b3-4162-b93a-45deb4ed8654', 'microsoft-visual-foxpro-table');
INSERT INTO `fpr_formatversion` (`replaces_id`, `enabled`, `lastmodified`, `uuid`, `format_id`, `version`, `pronom_id`, `description`, `access_format`, `preservation_format`, `slug`) VALUES (NULL, 1, '2014-07-10 00:01:12', '9a814f5e-fe30-454c-83a5-844742e5ee38', '01bdf152-88f8-4dc4-bca1-202323eebe9d', NULL, 'x-fmt/343', 'Microsoft Visual FoxPro Table', 0, 0, 'microsoft-visual-foxpro-table');
INSERT INTO `fpr_idrule` (`replaces_id`, `enabled`, `lastmodified`, `uuid`, `command_id`, `format_id`, `command_output`) VALUES (NULL, 1, '2014-07-10 00:01:12', '588c74a8-841f-47e7-894f-02f36c45bcd5', '41efbe1b-3fc7-4b24-9290-d0fb5d0ea9e9', '9a814f5e-fe30-454c-83a5-844742e5ee38', '.dbx');
INSERT INTO `fpr_format` (`uuid`, `description`, `group_id`, `slug`) VALUES ('3c6f2ae0-a4be-44f3-b1d2-2d8f5dd940ee', 'Microsoft Works Database', '00abbdd0-51b3-4162-b93a-45deb4ed8654', 'microsoft-works-database');
INSERT INTO `fpr_formatversion` (`replaces_id`, `enabled`, `lastmodified`, `uuid`, `format_id`, `version`, `pronom_id`, `description`, `access_format`, `preservation_format`, `slug`) VALUES (NULL, 1, '2014-07-10 00:01:12', '62b31c4b-8378-42b1-94c7-ab1ac456036c', '3c6f2ae0-a4be-44f3-b1d2-2d8f5dd940ee', NULL, 'x-fmt/344', 'Microsoft Works Database', 0, 0, 'microsoft-works-database');
INSERT INTO `fpr_idrule` (`replaces_id`, `enabled`, `lastmodified`, `uuid`, `command_id`, `format_id`, `command_output`) VALUES (NULL, 1, '2014-07-10 00:01:12', '070ecb86-a066-47f6-a284-201ecb2b7e58', '41efbe1b-3fc7-4b24-9290-d0fb5d0ea9e9', '62b31c4b-8378-42b1-94c7-ab1ac456036c', '.bdb');
INSERT INTO `fpr_format` (`uuid`, `description`, `group_id`, `slug`) VALUES ('ea1d7318-9232-44b8-9a92-57102ca7e1f4', 'Microsoft Works Document', '00abbdd0-51b3-4162-b93a-45deb4ed8654', 'microsoft-works-document');
INSERT INTO `fpr_formatversion` (`replaces_id`, `enabled`, `lastmodified`, `uuid`, `format_id`, `version`, `pronom_id`, `description`, `access_format`, `preservation_format`, `slug`) VALUES (NULL, 1, '2014-07-10 00:01:12', '465c6067-630e-4b31-b14f-c16dcb62dffa', 'ea1d7318-9232-44b8-9a92-57102ca7e1f4', NULL, 'x-fmt/345', 'Microsoft Works Document', 0, 0, 'microsoft-works-document');
INSERT INTO `fpr_idrule` (`replaces_id`, `enabled`, `lastmodified`, `uuid`, `command_id`, `format_id`, `command_output`) VALUES (NULL, 1, '2014-07-10 00:01:12', '96cc3619-1aba-4b76-b8b9-18138ff3fe86', '41efbe1b-3fc7-4b24-9290-d0fb5d0ea9e9', '465c6067-630e-4b31-b14f-c16dcb62dffa', '.bps');
INSERT INTO `fpr_format` (`uuid`, `description`, `group_id`, `slug`) VALUES ('42a84e9f-6b05-452a-b019-fdf5a240680d', 'Microstation CAD Drawing', '00abbdd0-51b3-4162-b93a-45deb4ed8654', 'microstation-cad-drawing');
INSERT INTO `fpr_formatversion` (`replaces_id`, `enabled`, `lastmodified`, `uuid`, `format_id`, `version`, `pronom_id`, `description`, `access_format`, `preservation_format`, `slug`) VALUES (NULL, 1, '2014-07-10 00:01:12', 'bf294cae-ff59-473c-974a-c2f239ad34c0', '42a84e9f-6b05-452a-b019-fdf5a240680d', '95', 'x-fmt/346', 'Microstation CAD Drawing', 0, 0, 'microstation-cad-drawing');
INSERT INTO `fpr_idrule` (`replaces_id`, `enabled`, `lastmodified`, `uuid`, `command_id`, `format_id`, `command_output`) VALUES (NULL, 1, '2014-07-10 00:01:12', '59db7aa4-294a-46e8-8f30-862d0a2ab232', '41efbe1b-3fc7-4b24-9290-d0fb5d0ea9e9', 'bf294cae-ff59-473c-974a-c2f239ad34c0', '.dgn');
INSERT INTO `fpr_format` (`uuid`, `description`, `group_id`, `slug`) VALUES ('c978858c-93db-403f-825f-8d3eca37c11d', 'MultiMate Text File', '00abbdd0-51b3-4162-b93a-45deb4ed8654', 'multimate-text-file');
INSERT INTO `fpr_formatversion` (`replaces_id`, `enabled`, `lastmodified`, `uuid`, `format_id`, `version`, `pronom_id`, `description`, `access_format`, `preservation_format`, `slug`) VALUES (NULL, 1, '2014-07-10 00:01:12', '389c4ab6-8a71-470c-9a10-2a0cf7fa9695', 'c978858c-93db-403f-825f-8d3eca37c11d', '4.x', 'x-fmt/347', 'MultiMate Text File', 0, 0, 'multimate-text-file');
INSERT INTO `fpr_idrule` (`replaces_id`, `enabled`, `lastmodified`, `uuid`, `command_id`, `format_id`, `command_output`) VALUES (NULL, 1, '2014-07-10 00:01:12', 'c63601a9-f626-486f-8018-6b49081bc929', '41efbe1b-3fc7-4b24-9290-d0fb5d0ea9e9', '389c4ab6-8a71-470c-9a10-2a0cf7fa9695', '.dox');
INSERT INTO `fpr_format` (`uuid`, `description`, `group_id`, `slug`) VALUES ('48b02682-6061-487d-bef0-359d2fc9da9a', 'Multipage Zsoft Paintbrush Bitmap Graphics', '00abbdd0-51b3-4162-b93a-45deb4ed8654', 'multipage-zsoft-paintbrush-bitmap-graphics');
INSERT INTO `fpr_formatversion` (`replaces_id`, `enabled`, `lastmodified`, `uuid`, `format_id`, `version`, `pronom_id`, `description`, `access_format`, `preservation_format`, `slug`) VALUES (NULL, 1, '2014-07-10 00:01:12', '516ce235-0bf9-45a9-9939-9e8f9b227c94', '48b02682-6061-487d-bef0-359d2fc9da9a', NULL, 'x-fmt/348', 'Multipage Zsoft Paintbrush Bitmap Graphics', 0, 0, 'multipage-zsoft-paintbrush-bitmap-graphics');
INSERT INTO `fpr_format` (`uuid`, `description`, `group_id`, `slug`) VALUES ('1ec42e66-d1ba-44e1-ae10-5e575c2078d0', 'Nota Bene Text File', '00abbdd0-51b3-4162-b93a-45deb4ed8654', 'nota-bene-text-file');
INSERT INTO `fpr_formatversion` (`replaces_id`, `enabled`, `lastmodified`, `uuid`, `format_id`, `version`, `pronom_id`, `description`, `access_format`, `preservation_format`, `slug`) VALUES (NULL, 1, '2014-07-10 00:01:12', '869b1e74-daa4-4363-ae50-098a9b067604', '1ec42e66-d1ba-44e1-ae10-5e575c2078d0', NULL, 'x-fmt/349', 'Nota Bene Text File', 0, 0, 'nota-bene-text-file');
INSERT INTO `fpr_idrule` (`replaces_id`, `enabled`, `lastmodified`, `uuid`, `command_id`, `format_id`, `command_output`) VALUES (NULL, 1, '2014-07-10 00:01:12', '64b8e0cf-83a7-4dd4-873c-82c051bc1b48', '41efbe1b-3fc7-4b24-9290-d0fb5d0ea9e9', '869b1e74-daa4-4363-ae50-098a9b067604', '.nb');
INSERT INTO `fpr_format` (`uuid`, `description`, `group_id`, `slug`) VALUES ('0a4051f5-c196-40a2-b012-98ecf8edc843', 'OmniPage Pro Document', '00abbdd0-51b3-4162-b93a-45deb4ed8654', 'omnipage-pro-document');
INSERT INTO `fpr_formatversion` (`replaces_id`, `enabled`, `lastmodified`, `uuid`, `format_id`, `version`, `pronom_id`, `description`, `access_format`, `preservation_format`, `slug`) VALUES (NULL, 1, '2014-07-10 00:01:12', 'ed2c9201-7ca1-4046-8ee7-8ff87174b25b', '0a4051f5-c196-40a2-b012-98ecf8edc843', NULL, 'x-fmt/350', 'OmniPage Pro Document', 0, 0, 'omnipage-pro-document');
INSERT INTO `fpr_formatversion` (`replaces_id`, `enabled`, `lastmodified`, `uuid`, `format_id`, `version`, `pronom_id`, `description`, `access_format`, `preservation_format`, `slug`) VALUES (NULL, 1, '2014-07-10 00:01:12', '5fd823a1-edcd-4a87-b773-25f290b184da', 'b9248641-cdd4-42df-9a25-7842e1c73406', '3.0', 'x-fmt/351', 'PageMaker Document', 0, 0, 'pagemaker-document-4');
INSERT INTO `fpr_idrule` (`replaces_id`, `enabled`, `lastmodified`, `uuid`, `command_id`, `format_id`, `command_output`) VALUES (NULL, 1, '2014-07-10 00:01:12', '85f45985-d43f-4ab3-a961-8597921da5f5', '41efbe1b-3fc7-4b24-9290-d0fb5d0ea9e9', '5fd823a1-edcd-4a87-b773-25f290b184da', '.pm3');
INSERT INTO `fpr_formatversion` (`replaces_id`, `enabled`, `lastmodified`, `uuid`, `format_id`, `version`, `pronom_id`, `description`, `access_format`, `preservation_format`, `slug`) VALUES (NULL, 1, '2014-07-10 00:01:12', 'fe4daeec-8c69-46c2-bd22-845b53414220', 'b9248641-cdd4-42df-9a25-7842e1c73406', '4.0', 'x-fmt/352', 'PageMaker Document', 0, 0, 'pagemaker-document-5');
INSERT INTO `fpr_idrule` (`replaces_id`, `enabled`, `lastmodified`, `uuid`, `command_id`, `format_id`, `command_output`) VALUES (NULL, 1, '2014-07-10 00:01:12', 'e0fe6c00-5ab7-46d7-94e7-c82123dcf05b', '41efbe1b-3fc7-4b24-9290-d0fb5d0ea9e9', 'fe4daeec-8c69-46c2-bd22-845b53414220', '.pm4');
INSERT INTO `fpr_format` (`uuid`, `description`, `group_id`, `slug`) VALUES ('10edbb61-b127-430e-af89-8dd0ca443f23', 'Professional Write Text File', '00abbdd0-51b3-4162-b93a-45deb4ed8654', 'professional-write-text-file');
INSERT INTO `fpr_formatversion` (`replaces_id`, `enabled`, `lastmodified`, `uuid`, `format_id`, `version`, `pronom_id`, `description`, `access_format`, `preservation_format`, `slug`) VALUES (NULL, 1, '2014-07-10 00:01:12', 'ce52e8f7-1805-4ff9-831e-c808b576f8f2', '10edbb61-b127-430e-af89-8dd0ca443f23', NULL, 'x-fmt/353', 'Professional Write Text File', 0, 0, 'professional-write-text-file');
INSERT INTO `fpr_idrule` (`replaces_id`, `enabled`, `lastmodified`, `uuid`, `command_id`, `format_id`, `command_output`) VALUES (NULL, 1, '2014-07-10 00:01:12', 'dfa16555-028e-45e0-8a50-fc84ebb9758a', '41efbe1b-3fc7-4b24-9290-d0fb5d0ea9e9', 'ce52e8f7-1805-4ff9-831e-c808b576f8f2', '.pw');
INSERT INTO `fpr_format` (`uuid`, `description`, `group_id`, `slug`) VALUES ('b2941da3-bc8c-4fb1-a8da-4cbee86886c6', 'SAP Document', '00abbdd0-51b3-4162-b93a-45deb4ed8654', 'sap-document');
INSERT INTO `fpr_formatversion` (`replaces_id`, `enabled`, `lastmodified`, `uuid`, `format_id`, `version`, `pronom_id`, `description`, `access_format`, `preservation_format`, `slug`) VALUES (NULL, 1, '2014-07-10 00:01:12', '5f307933-d456-486d-940f-6491cba95557', 'b2941da3-bc8c-4fb1-a8da-4cbee86886c6', NULL, 'x-fmt/354', 'SAP Document', 0, 0, 'sap-document');
INSERT INTO `fpr_idrule` (`replaces_id`, `enabled`, `lastmodified`, `uuid`, `command_id`, `format_id`, `command_output`) VALUES (NULL, 1, '2014-07-10 00:01:12', 'd96a0111-3b86-4e99-abd7-ce3705a2d94e', '41efbe1b-3fc7-4b24-9290-d0fb5d0ea9e9', '5f307933-d456-486d-940f-6491cba95557', '.ali');
INSERT INTO `fpr_format` (`uuid`, `description`, `group_id`, `slug`) VALUES ('39c22628-5f89-4f05-be52-fae131938999', 'SAS Data File', '00abbdd0-51b3-4162-b93a-45deb4ed8654', 'sas-data-file');
INSERT INTO `fpr_formatversion` (`replaces_id`, `enabled`, `lastmodified`, `uuid`, `format_id`, `version`, `pronom_id`, `description`, `access_format`, `preservation_format`, `slug`) VALUES (NULL, 1, '2014-07-10 00:01:12', 'f84e7a41-f75e-41ff-b7e4-045cf793d941', '39c22628-5f89-4f05-be52-fae131938999', NULL, 'x-fmt/355', 'SAS Data File', 0, 0, 'sas-data-file');
INSERT INTO `fpr_idrule` (`replaces_id`, `enabled`, `lastmodified`, `uuid`, `command_id`, `format_id`, `command_output`) VALUES (NULL, 1, '2014-07-10 00:01:12', '82c4d6e4-b9ca-42e5-96e3-245a1eb7a3cb', '41efbe1b-3fc7-4b24-9290-d0fb5d0ea9e9', 'f84e7a41-f75e-41ff-b7e4-045cf793d941', '.ssd');
INSERT INTO `fpr_format` (`uuid`, `description`, `group_id`, `slug`) VALUES ('3f295c85-1b2f-4a88-b47e-968024f75df8', 'SAS for MS-DOS Database', '00abbdd0-51b3-4162-b93a-45deb4ed8654', 'sas-for-ms-dos-database');
INSERT INTO `fpr_formatversion` (`replaces_id`, `enabled`, `lastmodified`, `uuid`, `format_id`, `version`, `pronom_id`, `description`, `access_format`, `preservation_format`, `slug`) VALUES (NULL, 1, '2014-07-10 00:01:12', '13bd6c3a-f59d-4c84-b125-e37cd7492e10', '3f295c85-1b2f-4a88-b47e-968024f75df8', NULL, 'x-fmt/356', 'SAS for MS-DOS Database', 0, 0, 'sas-for-ms-dos-database');
INSERT INTO `fpr_format` (`uuid`, `description`, `group_id`, `slug`) VALUES ('54a65daf-1183-4e37-bada-ed6e00c06f51', 'Scanstudio 16-Colour Bitmap', '00abbdd0-51b3-4162-b93a-45deb4ed8654', 'scanstudio-16-colour-bitmap');
INSERT INTO `fpr_formatversion` (`replaces_id`, `enabled`, `lastmodified`, `uuid`, `format_id`, `version`, `pronom_id`, `description`, `access_format`, `preservation_format`, `slug`) VALUES (NULL, 1, '2014-07-10 00:01:12', '925e73a9-e04c-4a89-8977-b37f0f49d827', '54a65daf-1183-4e37-bada-ed6e00c06f51', NULL, 'x-fmt/357', 'Scanstudio 16-Colour Bitmap', 0, 0, 'scanstudio-16-colour-bitmap');
INSERT INTO `fpr_idrule` (`replaces_id`, `enabled`, `lastmodified`, `uuid`, `command_id`, `format_id`, `command_output`) VALUES (NULL, 1, '2014-07-10 00:01:12', '9e1cf4ae-5657-44a8-9530-b57c87c53d00', '41efbe1b-3fc7-4b24-9290-d0fb5d0ea9e9', '925e73a9-e04c-4a89-8977-b37f0f49d827', '.adc');
INSERT INTO `fpr_format` (`uuid`, `description`, `group_id`, `slug`) VALUES ('89ebfeb0-09f4-4356-b175-b656cf157ed9', 'Silicon Graphics Graphics File', '00abbdd0-51b3-4162-b93a-45deb4ed8654', 'silicon-graphics-graphics-file');
INSERT INTO `fpr_formatversion` (`replaces_id`, `enabled`, `lastmodified`, `uuid`, `format_id`, `version`, `pronom_id`, `description`, `access_format`, `preservation_format`, `slug`) VALUES (NULL, 1, '2014-07-10 00:01:12', '0d6f8c07-e9c4-4d78-abe3-b5d918907965', '89ebfeb0-09f4-4356-b175-b656cf157ed9', NULL, 'x-fmt/358', 'Silicon Graphics Graphics File', 0, 0, 'silicon-graphics-graphics-file');
INSERT INTO `fpr_format` (`uuid`, `description`, `group_id`, `slug`) VALUES ('7bca5788-4b9e-4ecf-8a6c-1390485c8509', 'StarOffice Calc', '00abbdd0-51b3-4162-b93a-45deb4ed8654', 'staroffice-calc');
INSERT INTO `fpr_formatversion` (`replaces_id`, `enabled`, `lastmodified`, `uuid`, `format_id`, `version`, `pronom_id`, `description`, `access_format`, `preservation_format`, `slug`) VALUES (NULL, 1, '2014-07-10 00:01:12', '709778ea-db86-40b9-982a-a4d4288aae27', '7bca5788-4b9e-4ecf-8a6c-1390485c8509', '5.1', 'x-fmt/359', 'StarOffice Calc', 0, 0, 'staroffice-calc');
INSERT INTO `fpr_idrule` (`replaces_id`, `enabled`, `lastmodified`, `uuid`, `command_id`, `format_id`, `command_output`) VALUES (NULL, 1, '2014-07-10 00:01:12', 'c9cb09e1-a24a-4efc-b529-13447fdf6d2d', '41efbe1b-3fc7-4b24-9290-d0fb5d0ea9e9', '709778ea-db86-40b9-982a-a4d4288aae27', '.sdc');
INSERT INTO `fpr_format` (`uuid`, `description`, `group_id`, `slug`) VALUES ('a45c22cd-5de5-421d-81da-ad1e5ad64868', 'StarOffice Impress', '00abbdd0-51b3-4162-b93a-45deb4ed8654', 'staroffice-impress');
INSERT INTO `fpr_formatversion` (`replaces_id`, `enabled`, `lastmodified`, `uuid`, `format_id`, `version`, `pronom_id`, `description`, `access_format`, `preservation_format`, `slug`) VALUES (NULL, 1, '2014-07-10 00:01:12', '514b5ff4-0e45-4d58-9891-f8f73df6ace4', 'a45c22cd-5de5-421d-81da-ad1e5ad64868', '5.1', 'x-fmt/360', 'StarOffice Impress', 0, 0, 'staroffice-impress');
INSERT INTO `fpr_idrule` (`replaces_id`, `enabled`, `lastmodified`, `uuid`, `command_id`, `format_id`, `command_output`) VALUES (NULL, 1, '2014-07-10 00:01:12', '8b862fc5-1b8e-462b-a134-7270c673afcc', '41efbe1b-3fc7-4b24-9290-d0fb5d0ea9e9', '514b5ff4-0e45-4d58-9891-f8f73df6ace4', '.sdd');
INSERT INTO `fpr_format` (`uuid`, `description`, `group_id`, `slug`) VALUES ('596d89ba-1e71-4f02-b01b-26aa1ae73867', 'StatGraphics Data File', '00abbdd0-51b3-4162-b93a-45deb4ed8654', 'statgraphics-data-file');
INSERT INTO `fpr_formatversion` (`replaces_id`, `enabled`, `lastmodified`, `uuid`, `format_id`, `version`, `pronom_id`, `description`, `access_format`, `preservation_format`, `slug`) VALUES (NULL, 1, '2014-07-10 00:01:12', '8176eb8e-2bc7-4ec1-8796-1e7e20d05d82', '596d89ba-1e71-4f02-b01b-26aa1ae73867', NULL, 'x-fmt/361', 'StatGraphics Data File', 0, 0, 'statgraphics-data-file');
INSERT INTO `fpr_idrule` (`replaces_id`, `enabled`, `lastmodified`, `uuid`, `command_id`, `format_id`, `command_output`) VALUES (NULL, 1, '2014-07-10 00:01:12', '34858862-3eb6-41a5-9cbe-9c8d95d118b9', '41efbe1b-3fc7-4b24-9290-d0fb5d0ea9e9', '8176eb8e-2bc7-4ec1-8796-1e7e20d05d82', '.aws');
INSERT INTO `fpr_format` (`uuid`, `description`, `group_id`, `slug`) VALUES ('f9746c87-66ba-41e5-9a75-abfc85b25d14', 'StratGraphics Data File', '00abbdd0-51b3-4162-b93a-45deb4ed8654', 'stratgraphics-data-file');
INSERT INTO `fpr_formatversion` (`replaces_id`, `enabled`, `lastmodified`, `uuid`, `format_id`, `version`, `pronom_id`, `description`, `access_format`, `preservation_format`, `slug`) VALUES (NULL, 1, '2014-07-10 00:01:12', '338a118c-3f23-43e9-ac01-667aa86d479c', 'f9746c87-66ba-41e5-9a75-abfc85b25d14', NULL, 'x-fmt/362', 'StratGraphics Data File', 0, 0, 'stratgraphics-data-file');
INSERT INTO `fpr_format` (`uuid`, `description`, `group_id`, `slug`) VALUES ('8711d691-1dcf-46a9-9b24-8bd67ad21158', 'SuperCalc Spreadsheet', '00abbdd0-51b3-4162-b93a-45deb4ed8654', 'supercalc-spreadsheet');
INSERT INTO `fpr_formatversion` (`replaces_id`, `enabled`, `lastmodified`, `uuid`, `format_id`, `version`, `pronom_id`, `description`, `access_format`, `preservation_format`, `slug`) VALUES (NULL, 1, '2014-07-10 00:01:12', 'd6fda485-6eab-4f53-b2d3-cd740aed0a97', '8711d691-1dcf-46a9-9b24-8bd67ad21158', '4', 'x-fmt/363', 'SuperCalc Spreadsheet 4', 0, 0, 'supercalc-spreadsheet-4');
INSERT INTO `fpr_formatversion` (`replaces_id`, `enabled`, `lastmodified`, `uuid`, `format_id`, `version`, `pronom_id`, `description`, `access_format`, `preservation_format`, `slug`) VALUES (NULL, 1, '2014-07-10 00:01:12', '192009ca-50ab-4b71-86c0-5214ff4156e8', '8711d691-1dcf-46a9-9b24-8bd67ad21158', '5', 'x-fmt/364', 'SuperCalc Spreadsheet 5', 0, 0, 'supercalc-spreadsheet-5');
INSERT INTO `fpr_format` (`uuid`, `description`, `group_id`, `slug`) VALUES ('d6ce66af-2dce-4c68-b1b5-f7a4ab355859', 'TeX Binary File', '00abbdd0-51b3-4162-b93a-45deb4ed8654', 'tex-binary-file');
INSERT INTO `fpr_formatversion` (`replaces_id`, `enabled`, `lastmodified`, `uuid`, `format_id`, `version`, `pronom_id`, `description`, `access_format`, `preservation_format`, `slug`) VALUES (NULL, 1, '2014-07-10 00:01:12', 'feb45979-8442-4cbe-ad34-3d00c5e42d01', 'd6ce66af-2dce-4c68-b1b5-f7a4ab355859', NULL, 'x-fmt/365', 'TeX Binary File', 0, 0, 'tex-binary-file');
INSERT INTO `fpr_idrule` (`replaces_id`, `enabled`, `lastmodified`, `uuid`, `command_id`, `format_id`, `command_output`) VALUES (NULL, 1, '2014-07-10 00:01:12', '7f84cdb0-375a-4105-973c-84830c709e4b', '41efbe1b-3fc7-4b24-9290-d0fb5d0ea9e9', 'feb45979-8442-4cbe-ad34-3d00c5e42d01', '.dvi');
INSERT INTO `fpr_format` (`uuid`, `description`, `group_id`, `slug`) VALUES ('9f8be208-3aa5-46d8-a206-4b2bdcd607ad', 'TeX/LaTeX Device Independent Document', '00abbdd0-51b3-4162-b93a-45deb4ed8654', 'texlatex-device-independent-document');
INSERT INTO `fpr_formatversion` (`replaces_id`, `enabled`, `lastmodified`, `uuid`, `format_id`, `version`, `pronom_id`, `description`, `access_format`, `preservation_format`, `slug`) VALUES (NULL, 1, '2014-07-10 00:01:12', '20980d1b-66ed-42e2-90f9-18f17d63b96e', '9f8be208-3aa5-46d8-a206-4b2bdcd607ad', NULL, 'fmt/160', 'TeX/LaTeX Device-Independent Document', 0, 0, 'texlatex-device-independent-document');
INSERT INTO `fpr_format` (`uuid`, `description`, `group_id`, `slug`) VALUES ('aaf7b5b3-5bf3-493f-a4e7-7460ea814cc3', 'VisiCalc Database', '00abbdd0-51b3-4162-b93a-45deb4ed8654', 'visicalc-database');
INSERT INTO `fpr_formatversion` (`replaces_id`, `enabled`, `lastmodified`, `uuid`, `format_id`, `version`, `pronom_id`, `description`, `access_format`, `preservation_format`, `slug`) VALUES (NULL, 1, '2014-07-10 00:01:12', 'ce34febc-bcfa-43ec-b2e3-efc23807eb36', 'aaf7b5b3-5bf3-493f-a4e7-7460ea814cc3', NULL, 'x-fmt/368', 'VisiCalc Database', 0, 0, 'visicalc-database');
INSERT INTO `fpr_format` (`uuid`, `description`, `group_id`, `slug`) VALUES ('23db119c-a410-4c7d-b3f9-0bf56e26fcad', 'Vista Pro Graphics', '00abbdd0-51b3-4162-b93a-45deb4ed8654', 'vista-pro-graphics');
INSERT INTO `fpr_formatversion` (`replaces_id`, `enabled`, `lastmodified`, `uuid`, `format_id`, `version`, `pronom_id`, `description`, `access_format`, `preservation_format`, `slug`) VALUES (NULL, 1, '2014-07-10 00:01:12', '78f90369-72db-419b-b36e-105ecb2cc015', '23db119c-a410-4c7d-b3f9-0bf56e26fcad', NULL, 'x-fmt/369', 'Vista Pro Graphics', 0, 0, 'vista-pro-graphics');
INSERT INTO `fpr_idrule` (`replaces_id`, `enabled`, `lastmodified`, `uuid`, `command_id`, `format_id`, `command_output`) VALUES (NULL, 1, '2014-07-10 00:01:12', 'a6827a92-634d-4e12-82eb-3cdbda6592e3', '41efbe1b-3fc7-4b24-9290-d0fb5d0ea9e9', '78f90369-72db-419b-b36e-105ecb2cc015', '.dem');
INSERT INTO `fpr_formatversion` (`replaces_id`, `enabled`, `lastmodified`, `uuid`, `format_id`, `version`, `pronom_id`, `description`, `access_format`, `preservation_format`, `slug`) VALUES (NULL, 1, '2014-07-10 00:01:12', '8d7f448f-e662-4aec-b758-5abd67ec8c13', '843dc4e1-71ce-410d-a8d4-73b59b2532e4', '3.0', 'x-fmt/370', 'WordStar for MS-DOS Document', 0, 0, 'wordstar-for-ms-dos-document-2');
INSERT INTO `fpr_idrule` (`replaces_id`, `enabled`, `lastmodified`, `uuid`, `command_id`, `format_id`, `command_output`) VALUES (NULL, 1, '2014-07-10 00:01:12', '6cfa0d4a-f002-4f6a-9de6-f4365e8128a2', '41efbe1b-3fc7-4b24-9290-d0fb5d0ea9e9', '8d7f448f-e662-4aec-b758-5abd67ec8c13', '.ws3');
INSERT INTO `fpr_format` (`uuid`, `description`, `group_id`, `slug`) VALUES ('7df33182-f154-4488-a560-8e54f363ffbc', 'XYWrite for Windows Document', '00abbdd0-51b3-4162-b93a-45deb4ed8654', 'xywrite-for-windows-document');
INSERT INTO `fpr_formatversion` (`replaces_id`, `enabled`, `lastmodified`, `uuid`, `format_id`, `version`, `pronom_id`, `description`, `access_format`, `preservation_format`, `slug`) VALUES (NULL, 1, '2014-07-10 00:01:12', 'c926cac2-3389-4a78-bc3f-19f0d8686462', '7df33182-f154-4488-a560-8e54f363ffbc', '4.0', 'x-fmt/371', 'XYWrite for Windows Document', 0, 0, 'xywrite-for-windows-document');
INSERT INTO `fpr_idrule` (`replaces_id`, `enabled`, `lastmodified`, `uuid`, `command_id`, `format_id`, `command_output`) VALUES (NULL, 1, '2014-07-10 00:01:12', '5e90b917-f6d8-49f2-8bce-32f76d0fefe5', '41efbe1b-3fc7-4b24-9290-d0fb5d0ea9e9', 'c926cac2-3389-4a78-bc3f-19f0d8686462', '.xyw');
INSERT INTO `fpr_formatversion` (`replaces_id`, `enabled`, `lastmodified`, `uuid`, `format_id`, `version`, `pronom_id`, `description`, `access_format`, `preservation_format`, `slug`) VALUES (NULL, 1, '2014-07-10 00:01:12', '141ccf94-3204-4dea-8f6f-ce1a07c1f34d', 'bc0b7a73-e984-474f-956f-30d21b8c43a8', 'III+', 'x-fmt/372', 'XYWrite Document', 0, 0, 'xywrite-document-3');
INSERT INTO `fpr_idrule` (`replaces_id`, `enabled`, `lastmodified`, `uuid`, `command_id`, `format_id`, `command_output`) VALUES (NULL, 1, '2014-07-10 00:01:12', '7d583225-574d-4eae-9912-816f4726a115', '41efbe1b-3fc7-4b24-9290-d0fb5d0ea9e9', '141ccf94-3204-4dea-8f6f-ce1a07c1f34d', '.xyp');
INSERT INTO `fpr_formatversion` (`replaces_id`, `enabled`, `lastmodified`, `uuid`, `format_id`, `version`, `pronom_id`, `description`, `access_format`, `preservation_format`, `slug`) VALUES (NULL, 1, '2014-07-10 00:01:12', '8df9f36a-9545-4547-b352-70e78ecdb8ff', 'bc0b7a73-e984-474f-956f-30d21b8c43a8', 'IV', 'x-fmt/373', 'XYWrite Document', 0, 0, 'xywrite-document-4');
INSERT INTO `fpr_idrule` (`replaces_id`, `enabled`, `lastmodified`, `uuid`, `command_id`, `format_id`, `command_output`) VALUES (NULL, 1, '2014-07-10 00:01:12', '03694603-3d9f-443e-a0e0-2e3497510d71', '41efbe1b-3fc7-4b24-9290-d0fb5d0ea9e9', '8df9f36a-9545-4547-b352-70e78ecdb8ff', '.xy4');
INSERT INTO `fpr_formatversion` (`replaces_id`, `enabled`, `lastmodified`, `uuid`, `format_id`, `version`, `pronom_id`, `description`, `access_format`, `preservation_format`, `slug`) VALUES (NULL, 1, '2014-07-10 00:01:12', 'caffd9f7-e562-43e0-8192-c1f832a5115d', 'ae029f61-d3f1-4252-8a13-2739a863d0e9', '9.0', 'x-fmt/374', 'Corel Drawing Version 9.0', 0, 0, 'corel-drawing-version-90');
INSERT INTO `fpr_formatversion` (`replaces_id`, `enabled`, `lastmodified`, `uuid`, `format_id`, `version`, `pronom_id`, `description`, `access_format`, `preservation_format`, `slug`) VALUES (NULL, 1, '2014-07-10 00:01:12', '8c80f55c-59b5-4150-b5ad-d1c34e741193', 'ae029f61-d3f1-4252-8a13-2739a863d0e9', '10.0', 'x-fmt/375', 'Corel Drawing Version 10.0', 0, 0, 'corel-drawing-version-100');
INSERT INTO `fpr_formatversion` (`replaces_id`, `enabled`, `lastmodified`, `uuid`, `format_id`, `version`, `pronom_id`, `description`, `access_format`, `preservation_format`, `slug`) VALUES (NULL, 1, '2014-07-10 00:01:12', '379a2c83-25e8-4006-9407-d70c3b9e8f7c', '366bc17b-59cd-4826-907d-a0a45d84d73b', '8', 'x-fmt/376', 'Paint Shop Pro Image 8', 0, 0, 'paint-shop-pro-image-8');
INSERT INTO `fpr_idrule` (`replaces_id`, `enabled`, `lastmodified`, `uuid`, `command_id`, `format_id`, `command_output`) VALUES (NULL, 1, '2014-07-10 00:01:12', 'c5710186-4a28-49a7-b99d-36bbdd9167eb', '41efbe1b-3fc7-4b24-9290-d0fb5d0ea9e9', '379a2c83-25e8-4006-9407-d70c3b9e8f7c', '.pspimage');
INSERT INTO `fpr_formatversion` (`replaces_id`, `enabled`, `lastmodified`, `uuid`, `format_id`, `version`, `pronom_id`, `description`, `access_format`, `preservation_format`, `slug`) VALUES (NULL, 1, '2014-07-10 00:01:12', 'bfe3109c-b49a-4caf-aeaa-218450f47094', '366bc17b-59cd-4826-907d-a0a45d84d73b', '4.00', 'x-fmt/377', 'Paint Shop Pro Image 4', 0, 0, 'paint-shop-pro-image-4');
INSERT INTO `fpr_formatversion` (`replaces_id`, `enabled`, `lastmodified`, `uuid`, `format_id`, `version`, `pronom_id`, `description`, `access_format`, `preservation_format`, `slug`) VALUES (NULL, 1, '2014-07-10 00:01:12', 'a11ff344-9867-488d-b9d5-4c851c8291b3', 'ae029f61-d3f1-4252-8a13-2739a863d0e9', '11.0', 'x-fmt/378', 'Corel Drawing Version 11.0', 0, 0, 'corel-drawing-version-110');
INSERT INTO `fpr_formatversion` (`replaces_id`, `enabled`, `lastmodified`, `uuid`, `format_id`, `version`, `pronom_id`, `description`, `access_format`, `preservation_format`, `slug`) VALUES (NULL, 1, '2014-07-10 00:01:12', 'da2d4f05-e8ca-4424-9c51-acc1a244af62', 'ae029f61-d3f1-4252-8a13-2739a863d0e9', '3.0', 'x-fmt/379', 'CorelDraw Drawing Version 3', 0, 0, 'coreldraw-drawing-version-3');
INSERT INTO `fpr_format` (`uuid`, `description`, `group_id`, `slug`) VALUES ('62e30587-52e4-4538-9a6e-3ab3c11bb759', 'dBASE for Windows database', '00abbdd0-51b3-4162-b93a-45deb4ed8654', 'dbase-for-windows-database');
INSERT INTO `fpr_formatversion` (`replaces_id`, `enabled`, `lastmodified`, `uuid`, `format_id`, `version`, `pronom_id`, `description`, `access_format`, `preservation_format`, `slug`) VALUES (NULL, 1, '2014-07-10 00:01:12', 'dd87828c-0f0d-48e7-a980-acf1d573e81a', '62e30587-52e4-4538-9a6e-3ab3c11bb759', '5.0', 'x-fmt/380', 'dBASE for Windows database', 0, 0, 'dbase-for-windows-database');
INSERT INTO `fpr_format` (`uuid`, `description`, `group_id`, `slug`) VALUES ('7367e9a3-2259-43dc-bd12-2a820e880367', 'Dia Graphics Format', '00abbdd0-51b3-4162-b93a-45deb4ed8654', 'dia-graphics-format');
INSERT INTO `fpr_formatversion` (`replaces_id`, `enabled`, `lastmodified`, `uuid`, `format_id`, `version`, `pronom_id`, `description`, `access_format`, `preservation_format`, `slug`) VALUES (NULL, 1, '2014-07-10 00:01:12', '96e9d7e5-75ef-4686-9a13-8b7ad7b3457d', '7367e9a3-2259-43dc-bd12-2a820e880367', NULL, 'x-fmt/381', 'Dia Graphics Format', 0, 0, 'dia-graphics-format');
INSERT INTO `fpr_idrule` (`replaces_id`, `enabled`, `lastmodified`, `uuid`, `command_id`, `format_id`, `command_output`) VALUES (NULL, 1, '2014-07-10 00:01:12', 'ee99e658-af48-4ee8-ad06-6eb0bab9995d', '41efbe1b-3fc7-4b24-9290-d0fb5d0ea9e9', '96e9d7e5-75ef-4686-9a13-8b7ad7b3457d', '.dia');
INSERT INTO `fpr_formatversion` (`replaces_id`, `enabled`, `lastmodified`, `uuid`, `format_id`, `version`, `pronom_id`, `description`, `access_format`, `preservation_format`, `slug`) VALUES (NULL, 1, '2014-07-10 00:01:12', 'ababbbb3-e249-47f5-ae4f-8459380246ec', '86f16e68-d455-46fc-9a49-8407c1d2e865', '3', 'fmt/7', 'Tagged Image File Format', 0, 0, 'tagged-image-file-format');
INSERT INTO `fpr_formatversion` (`replaces_id`, `enabled`, `lastmodified`, `uuid`, `format_id`, `version`, `pronom_id`, `description`, `access_format`, `preservation_format`, `slug`) VALUES (NULL, 1, '2014-07-10 00:01:12', '9ec1b7e1-d0ec-4fa1-8ac1-f92fe3621fb3', '86f16e68-d455-46fc-9a49-8407c1d2e865', '4', 'fmt/8', 'Tagged Image File Format', 0, 0, 'tagged-image-file-format-2');
INSERT INTO `fpr_formatversion` (`replaces_id`, `enabled`, `lastmodified`, `uuid`, `format_id`, `version`, `pronom_id`, `description`, `access_format`, `preservation_format`, `slug`) VALUES (NULL, 1, '2014-07-10 00:01:12', '95d9865d-544e-4d11-a9f2-2cf9d16c4fb5', '86f16e68-d455-46fc-9a49-8407c1d2e865', '5', 'fmt/9', 'Tagged Image File Format', 0, 0, 'tagged-image-file-format-3');
INSERT INTO `fpr_formatversion` (`replaces_id`, `enabled`, `lastmodified`, `uuid`, `format_id`, `version`, `pronom_id`, `description`, `access_format`, `preservation_format`, `slug`) VALUES (NULL, 1, '2014-07-10 00:01:12', 'd019406a-2eaa-481d-9ba5-8a46983a3bfc', '86f16e68-d455-46fc-9a49-8407c1d2e865', '6', 'fmt/10', 'Tagged Image File Format', 0, 0, 'tagged-image-file-format-4');
INSERT INTO `fpr_format` (`uuid`, `description`, `group_id`, `slug`) VALUES ('0f57d6c9-1082-4ea7-aac8-2be30839ae86', 'PCX', '00abbdd0-51b3-4162-b93a-45deb4ed8654', 'pcx');
INSERT INTO `fpr_formatversion` (`replaces_id`, `enabled`, `lastmodified`, `uuid`, `format_id`, `version`, `pronom_id`, `description`, `access_format`, `preservation_format`, `slug`) VALUES (NULL, 1, '2014-07-10 00:01:12', '66e4593e-ae04-44e5-ad13-33f0a07db457', '0f57d6c9-1082-4ea7-aac8-2be30839ae86', '0', 'fmt/86', 'PCX 0', 0, 0, 'pcx-0');
INSERT INTO `fpr_idrule` (`replaces_id`, `enabled`, `lastmodified`, `uuid`, `command_id`, `format_id`, `command_output`) VALUES (NULL, 1, '2014-07-10 00:01:12', 'd662277f-b393-46c4-a53c-08f4d096f7ee', '41efbe1b-3fc7-4b24-9290-d0fb5d0ea9e9', '66e4593e-ae04-44e5-ad13-33f0a07db457', '.pcx');
INSERT INTO `fpr_formatversion` (`replaces_id`, `enabled`, `lastmodified`, `uuid`, `format_id`, `version`, `pronom_id`, `description`, `access_format`, `preservation_format`, `slug`) VALUES (NULL, 1, '2014-07-10 00:01:12', 'c3fd440f-611d-4654-b31c-17762900970e', '0f57d6c9-1082-4ea7-aac8-2be30839ae86', '2', 'fmt/87', 'PCX 2', 0, 0, 'pcx-2');
INSERT INTO `fpr_formatversion` (`replaces_id`, `enabled`, `lastmodified`, `uuid`, `format_id`, `version`, `pronom_id`, `description`, `access_format`, `preservation_format`, `slug`) VALUES (NULL, 1, '2014-07-10 00:01:12', '5bc70da9-ace1-407b-830e-0d754658e242', '0f57d6c9-1082-4ea7-aac8-2be30839ae86', '3', 'fmt/88', 'PCX 3', 0, 0, 'pcx-3');
INSERT INTO `fpr_formatversion` (`replaces_id`, `enabled`, `lastmodified`, `uuid`, `format_id`, `version`, `pronom_id`, `description`, `access_format`, `preservation_format`, `slug`) VALUES (NULL, 1, '2014-07-10 00:01:12', 'e1a4786c-1c12-4200-a9ad-748943b4608d', '0f57d6c9-1082-4ea7-aac8-2be30839ae86', '4', 'fmt/89', 'PCX 4', 0, 0, 'pcx-4');
INSERT INTO `fpr_formatversion` (`replaces_id`, `enabled`, `lastmodified`, `uuid`, `format_id`, `version`, `pronom_id`, `description`, `access_format`, `preservation_format`, `slug`) VALUES (NULL, 1, '2014-07-10 00:01:12', 'e033121f-7eeb-43e9-b4e2-bfc5fcd9ba9b', '0f57d6c9-1082-4ea7-aac8-2be30839ae86', '5', 'fmt/90', 'PCX 5', 0, 0, 'pcx-5');
INSERT INTO `fpr_format` (`uuid`, `description`, `group_id`, `slug`) VALUES ('3940a984-fea6-4827-af42-cc769c92c11d', 'Rich Text Format', '00abbdd0-51b3-4162-b93a-45deb4ed8654', 'rich-text-format');
INSERT INTO `fpr_formatversion` (`replaces_id`, `enabled`, `lastmodified`, `uuid`, `format_id`, `version`, `pronom_id`, `description`, `access_format`, `preservation_format`, `slug`) VALUES (NULL, 1, '2014-07-10 00:01:12', 'ce2de98b-3b5a-416c-a890-65a9b0bc6622', '3940a984-fea6-4827-af42-cc769c92c11d', '1.1', 'fmt/46', 'Rich Text Format', 0, 0, 'rich-text-format');
INSERT INTO `fpr_formatversion` (`replaces_id`, `enabled`, `lastmodified`, `uuid`, `format_id`, `version`, `pronom_id`, `description`, `access_format`, `preservation_format`, `slug`) VALUES (NULL, 1, '2014-07-10 00:01:12', '893dba6d-ec81-4de4-81f7-71ed0cbee8b6', '3940a984-fea6-4827-af42-cc769c92c11d', '1.2', 'fmt/47', 'Rich Text Format', 0, 0, 'rich-text-format-2');
INSERT INTO `fpr_formatversion` (`replaces_id`, `enabled`, `lastmodified`, `uuid`, `format_id`, `version`, `pronom_id`, `description`, `access_format`, `preservation_format`, `slug`) VALUES (NULL, 1, '2014-07-10 00:01:12', 'd27065a7-a986-42dc-9a44-50fd22eae11b', '3940a984-fea6-4827-af42-cc769c92c11d', '1.3', 'fmt/48', 'Rich Text Format', 0, 0, 'rich-text-format-3');
INSERT INTO `fpr_formatversion` (`replaces_id`, `enabled`, `lastmodified`, `uuid`, `format_id`, `version`, `pronom_id`, `description`, `access_format`, `preservation_format`, `slug`) VALUES (NULL, 1, '2014-07-10 00:01:12', '008c2c46-36b3-4766-9973-41d7143ae9b2', '3940a984-fea6-4827-af42-cc769c92c11d', '1.4', 'fmt/49', 'Rich Text Format', 0, 0, 'rich-text-format-4');
INSERT INTO `fpr_formatversion` (`replaces_id`, `enabled`, `lastmodified`, `uuid`, `format_id`, `version`, `pronom_id`, `description`, `access_format`, `preservation_format`, `slug`) VALUES (NULL, 1, '2014-07-10 00:01:12', '575ba7ba-3b24-46a5-9877-249d0b1ba3a2', '3940a984-fea6-4827-af42-cc769c92c11d', '1.6', 'fmt/51', 'Rich Text Format', 0, 0, 'rich-text-format-5');
INSERT INTO `fpr_format` (`uuid`, `description`, `group_id`, `slug`) VALUES ('ff143af7-6128-4816-8197-462239992943', 'Extensible Hypertext Markup Language', '00abbdd0-51b3-4162-b93a-45deb4ed8654', 'extensible-hypertext-markup-language');
INSERT INTO `fpr_formatversion` (`replaces_id`, `enabled`, `lastmodified`, `uuid`, `format_id`, `version`, `pronom_id`, `description`, `access_format`, `preservation_format`, `slug`) VALUES (NULL, 1, '2014-07-10 00:01:12', '276263c4-8bab-4391-bc07-ad9f28e2e5c6', 'ff143af7-6128-4816-8197-462239992943', '1.0', 'fmt/102', 'XHTML 1.0', 0, 0, 'xhtml-10');
INSERT INTO `fpr_formatversion` (`replaces_id`, `enabled`, `lastmodified`, `uuid`, `format_id`, `version`, `pronom_id`, `description`, `access_format`, `preservation_format`, `slug`) VALUES (NULL, 1, '2014-07-10 00:01:12', '42fe07d7-81cb-461e-bfa9-13d0e7f555e1', 'ff143af7-6128-4816-8197-462239992943', '1.1', 'fmt/103', 'XHTML 1.1', 0, 0, 'xhtml-11');
INSERT INTO `fpr_format` (`uuid`, `description`, `group_id`, `slug`) VALUES ('5a67914c-e5cf-494e-aa27-9967c4f7191b', 'Hypertext Markup Language', '00abbdd0-51b3-4162-b93a-45deb4ed8654', 'hypertext-markup-language');
INSERT INTO `fpr_formatversion` (`replaces_id`, `enabled`, `lastmodified`, `uuid`, `format_id`, `version`, `pronom_id`, `description`, `access_format`, `preservation_format`, `slug`) VALUES (NULL, 1, '2014-07-10 00:01:12', '761d011d-accd-4602-8b8b-f85f4b919081', '5a67914c-e5cf-494e-aa27-9967c4f7191b', NULL, 'fmt/96', 'HTML pre-2.0', 0, 0, 'html-pre-20');
INSERT INTO `fpr_format` (`uuid`, `description`, `group_id`, `slug`) VALUES ('f3dd0527-89a1-41de-9839-752b90041fe3', 'Flexible Image Transport System', '00abbdd0-51b3-4162-b93a-45deb4ed8654', 'flexible-image-transport-system');
INSERT INTO `fpr_formatversion` (`replaces_id`, `enabled`, `lastmodified`, `uuid`, `format_id`, `version`, `pronom_id`, `description`, `access_format`, `preservation_format`, `slug`) VALUES (NULL, 1, '2014-07-10 00:01:12', '44dee0b6-6f2a-4175-9a42-8f003b996d27', 'f3dd0527-89a1-41de-9839-752b90041fe3', NULL, 'x-fmt/383', 'FITS', 0, 0, 'fits');
INSERT INTO `fpr_idrule` (`replaces_id`, `enabled`, `lastmodified`, `uuid`, `command_id`, `format_id`, `command_output`) VALUES (NULL, 1, '2014-07-10 00:01:12', 'c75b6a64-8bda-4d0b-a02d-616a2a7cc851', '41efbe1b-3fc7-4b24-9290-d0fb5d0ea9e9', '44dee0b6-6f2a-4175-9a42-8f003b996d27', '.fits');
INSERT INTO `fpr_format` (`uuid`, `description`, `group_id`, `slug`) VALUES ('515255f7-2476-432a-9032-d4df0999d63f', 'Virtual Reality Modeling Language', '00abbdd0-51b3-4162-b93a-45deb4ed8654', 'virtual-reality-modeling-language');
INSERT INTO `fpr_formatversion` (`replaces_id`, `enabled`, `lastmodified`, `uuid`, `format_id`, `version`, `pronom_id`, `description`, `access_format`, `preservation_format`, `slug`) VALUES (NULL, 1, '2014-07-10 00:01:12', '8a1b4c82-4b47-4ede-ae4b-72471d1465ab', '515255f7-2476-432a-9032-d4df0999d63f', '1.0', 'fmt/93', 'VRML 1.0', 0, 0, 'vrml-10');
INSERT INTO `fpr_idrule` (`replaces_id`, `enabled`, `lastmodified`, `uuid`, `command_id`, `format_id`, `command_output`) VALUES (NULL, 1, '2014-07-10 00:01:12', 'c498333e-8cc5-4767-a72c-4c8cc225b9e9', '41efbe1b-3fc7-4b24-9290-d0fb5d0ea9e9', '8a1b4c82-4b47-4ede-ae4b-72471d1465ab', '.wrl');
INSERT INTO `fpr_formatversion` (`replaces_id`, `enabled`, `lastmodified`, `uuid`, `format_id`, `version`, `pronom_id`, `description`, `access_format`, `preservation_format`, `slug`) VALUES (NULL, 1, '2014-07-10 00:01:12', '266987d6-181d-4ceb-9e34-83965dd33fae', '515255f7-2476-432a-9032-d4df0999d63f', '2.0', 'fmt/94', 'VRML 97', 0, 0, 'vrml-97');
INSERT INTO `fpr_format` (`uuid`, `description`, `group_id`, `slug`) VALUES ('6467a2bd-bff9-47dd-9820-46d23cd058b2', 'Still Picture Interchange File Format', '00abbdd0-51b3-4162-b93a-45deb4ed8654', 'still-picture-interchange-file-format');
INSERT INTO `fpr_formatversion` (`replaces_id`, `enabled`, `lastmodified`, `uuid`, `format_id`, `version`, `pronom_id`, `description`, `access_format`, `preservation_format`, `slug`) VALUES (NULL, 1, '2014-07-10 00:01:12', 'd0a5c3b6-bb9f-4adf-8888-787fd38b2afc', '6467a2bd-bff9-47dd-9820-46d23cd058b2', '2.0', 'fmt/113', 'Still Picture Interchange File Format', 0, 0, 'still-picture-interchange-file-format');
INSERT INTO `fpr_format` (`uuid`, `description`, `group_id`, `slug`) VALUES ('92d9872d-fcc0-4c96-b7a8-f14f7a1aaf0e', 'Microsoft Excel 2.x Worksheet (xls)', '00abbdd0-51b3-4162-b93a-45deb4ed8654', 'microsoft-excel-2x-worksheet-xls');
INSERT INTO `fpr_formatversion` (`replaces_id`, `enabled`, `lastmodified`, `uuid`, `format_id`, `version`, `pronom_id`, `description`, `access_format`, `preservation_format`, `slug`) VALUES (NULL, 1, '2014-07-10 00:01:12', '48e64dc2-0df6-49cc-a3f2-e0e31b836ea4', '92d9872d-fcc0-4c96-b7a8-f14f7a1aaf0e', '2', 'fmt/55', 'BIFF 2 Worksheet', 0, 0, 'biff-2-worksheet');
INSERT INTO `fpr_format` (`uuid`, `description`, `group_id`, `slug`) VALUES ('812dd83a-d5bc-49e5-9d17-7a5a986bdfbb', 'Microsoft Excel 3.0 Worksheet (xls)', '00abbdd0-51b3-4162-b93a-45deb4ed8654', 'microsoft-excel-30-worksheet-xls');
INSERT INTO `fpr_formatversion` (`replaces_id`, `enabled`, `lastmodified`, `uuid`, `format_id`, `version`, `pronom_id`, `description`, `access_format`, `preservation_format`, `slug`) VALUES (NULL, 1, '2014-07-10 00:01:12', 'ec522120-4ea9-4e93-bae3-6e397f7cf2eb', '812dd83a-d5bc-49e5-9d17-7a5a986bdfbb', '3', 'fmt/56', 'BIFF 3 Worksheet', 0, 0, 'biff-3-worksheet');
INSERT INTO `fpr_format` (`uuid`, `description`, `group_id`, `slug`) VALUES ('7a759747-132c-4d2a-bc9d-6a7ffd86ece2', 'Microsoft Excel 4.0 Worksheet (xls)', '00abbdd0-51b3-4162-b93a-45deb4ed8654', 'microsoft-excel-40-worksheet-xls');
INSERT INTO `fpr_formatversion` (`replaces_id`, `enabled`, `lastmodified`, `uuid`, `format_id`, `version`, `pronom_id`, `description`, `access_format`, `preservation_format`, `slug`) VALUES (NULL, 1, '2014-07-10 00:01:13', 'a3910522-2827-4f8c-81fd-7c489f431f8b', '7a759747-132c-4d2a-bc9d-6a7ffd86ece2', '4S', 'fmt/57', 'BIFF 4 Worksheet', 0, 0, 'biff-4-worksheet');
INSERT INTO `fpr_format` (`uuid`, `description`, `group_id`, `slug`) VALUES ('b4ad7249-c9f5-4eb5-8aef-12d14d60f57e', 'Microsoft Excel 4.0 Workbook (xls)', '00abbdd0-51b3-4162-b93a-45deb4ed8654', 'microsoft-excel-40-workbook-xls');
INSERT INTO `fpr_formatversion` (`replaces_id`, `enabled`, `lastmodified`, `uuid`, `format_id`, `version`, `pronom_id`, `description`, `access_format`, `preservation_format`, `slug`) VALUES (NULL, 1, '2014-07-10 00:01:13', '104a4c74-fa59-4bc2-9f5e-fc56eb6216fd', 'b4ad7249-c9f5-4eb5-8aef-12d14d60f57e', '4W', 'fmt/58', 'BIFF 4 Workbook/Workspace', 0, 0, 'biff-4-workbookworkspace');
INSERT INTO `fpr_format` (`uuid`, `description`, `group_id`, `slug`) VALUES ('49a44cfa-3d5d-4095-ac32-0d3d42026fa0', 'Microsoft Excel 5.0/95 Workbook (xls)', '00abbdd0-51b3-4162-b93a-45deb4ed8654', 'microsoft-excel-5095-workbook-xls');
INSERT INTO `fpr_formatversion` (`replaces_id`, `enabled`, `lastmodified`, `uuid`, `format_id`, `version`, `pronom_id`, `description`, `access_format`, `preservation_format`, `slug`) VALUES (NULL, 1, '2014-07-10 00:01:13', 'edc59233-24f3-4c20-908c-b1dc8fae8d3a', '49a44cfa-3d5d-4095-ac32-0d3d42026fa0', '5/95', 'fmt/59', 'BIFF 5 & 7 Workbook (generic)', 0, 0, 'biff-5-7-workbook-generic');
INSERT INTO `fpr_format` (`uuid`, `description`, `group_id`, `slug`) VALUES ('4645d467-d836-4f17-98e6-5a347646ea04', 'Microsoft Excel 95 Workbook (xls)', '00abbdd0-51b3-4162-b93a-45deb4ed8654', 'microsoft-excel-95-workbook-xls');
INSERT INTO `fpr_formatversion` (`replaces_id`, `enabled`, `lastmodified`, `uuid`, `format_id`, `version`, `pronom_id`, `description`, `access_format`, `preservation_format`, `slug`) VALUES (NULL, 1, '2014-07-10 00:01:13', '133aea00-fcc0-4dd3-9124-807ab334efb1', '4645d467-d836-4f17-98e6-5a347646ea04', '7', 'fmt/60', 'Microsoft Excel 95 Workbook (xls)', 0, 0, 'microsoft-excel-95-workbook-xls');
INSERT INTO `fpr_format` (`uuid`, `description`, `group_id`, `slug`) VALUES ('2c907aad-fa1b-4600-98dc-f0f860948f43', 'Microsoft Excel 2000-2003 Workbook (xls)', '00abbdd0-51b3-4162-b93a-45deb4ed8654', 'microsoft-excel-2000-2003-workbook-xls');
INSERT INTO `fpr_formatversion` (`replaces_id`, `enabled`, `lastmodified`, `uuid`, `format_id`, `version`, `pronom_id`, `description`, `access_format`, `preservation_format`, `slug`) VALUES (NULL, 1, '2014-07-10 00:01:13', 'f2fdf2f9-9ac7-4d00-b8b5-d6796329f0c8', '2c907aad-fa1b-4600-98dc-f0f860948f43', '8X', 'fmt/62', 'BIFF 8 & 8X Workbook (generic)', 0, 0, 'biff-8-8x-workbook-generic');
INSERT INTO `fpr_format` (`uuid`, `description`, `group_id`, `slug`) VALUES ('d8220665-e552-4c19-8536-0fb4b0b3de7e', 'AutoCAD Drawing', '00abbdd0-51b3-4162-b93a-45deb4ed8654', 'autocad-drawing');
INSERT INTO `fpr_formatversion` (`replaces_id`, `enabled`, `lastmodified`, `uuid`, `format_id`, `version`, `pronom_id`, `description`, `access_format`, `preservation_format`, `slug`) VALUES (NULL, 1, '2014-07-10 00:01:13', '3fd008fd-aa19-40ba-8786-68a8814df39d', 'd8220665-e552-4c19-8536-0fb4b0b3de7e', '1.0', 'fmt/21', 'AutoCAD Drawing Format 1.0', 0, 0, 'autocad-drawing-format-10');
INSERT INTO `fpr_idrule` (`replaces_id`, `enabled`, `lastmodified`, `uuid`, `command_id`, `format_id`, `command_output`) VALUES (NULL, 1, '2014-07-10 00:01:13', '34dc6b64-4579-42e8-9cd0-7fc027e6ea95', '41efbe1b-3fc7-4b24-9290-d0fb5d0ea9e9', '3fd008fd-aa19-40ba-8786-68a8814df39d', '.dwg');
INSERT INTO `fpr_formatversion` (`replaces_id`, `enabled`, `lastmodified`, `uuid`, `format_id`, `version`, `pronom_id`, `description`, `access_format`, `preservation_format`, `slug`) VALUES (NULL, 1, '2014-07-10 00:01:13', '861cba33-15e6-43a5-87f5-663c4e47f622', 'd8220665-e552-4c19-8536-0fb4b0b3de7e', '1.2', 'fmt/22', 'AutoCAD Drawing Format 1.2', 0, 0, 'autocad-drawing-format-12');
INSERT INTO `fpr_formatversion` (`replaces_id`, `enabled`, `lastmodified`, `uuid`, `format_id`, `version`, `pronom_id`, `description`, `access_format`, `preservation_format`, `slug`) VALUES (NULL, 1, '2014-07-10 00:01:13', '92406c58-5fb2-4bd9-aabc-73f47105ade6', 'd8220665-e552-4c19-8536-0fb4b0b3de7e', '1.3', 'fmt/23', 'AutoCAD Drawing Format 1.3', 0, 0, 'autocad-drawing-format-13');
INSERT INTO `fpr_formatversion` (`replaces_id`, `enabled`, `lastmodified`, `uuid`, `format_id`, `version`, `pronom_id`, `description`, `access_format`, `preservation_format`, `slug`) VALUES (NULL, 1, '2014-07-10 00:01:13', 'c095aff1-c8b1-43ab-85a4-f449beb17f20', 'd8220665-e552-4c19-8536-0fb4b0b3de7e', '1.4', 'fmt/24', 'AutoCAD Drawing Format 1.4', 0, 0, 'autocad-drawing-format-14');
INSERT INTO `fpr_formatversion` (`replaces_id`, `enabled`, `lastmodified`, `uuid`, `format_id`, `version`, `pronom_id`, `description`, `access_format`, `preservation_format`, `slug`) VALUES (NULL, 1, '2014-07-10 00:01:13', 'd8dfae75-d9b2-47e6-bb77-1730fea1b7ce', 'd8220665-e552-4c19-8536-0fb4b0b3de7e', '2.0', 'fmt/25', 'AutoCAD Drawing Format 2.0', 0, 0, 'autocad-drawing-format-20');
INSERT INTO `fpr_formatversion` (`replaces_id`, `enabled`, `lastmodified`, `uuid`, `format_id`, `version`, `pronom_id`, `description`, `access_format`, `preservation_format`, `slug`) VALUES (NULL, 1, '2014-07-10 00:01:13', 'c921f13e-3b52-4e74-8f11-1f62fb24be5a', 'd8220665-e552-4c19-8536-0fb4b0b3de7e', '2.1', 'fmt/26', 'AutoCAD Drawing Format 2.1', 0, 0, 'autocad-drawing-format-21');
INSERT INTO `fpr_formatversion` (`replaces_id`, `enabled`, `lastmodified`, `uuid`, `format_id`, `version`, `pronom_id`, `description`, `access_format`, `preservation_format`, `slug`) VALUES (NULL, 1, '2014-07-10 00:01:13', '526a231c-26ac-4d0d-9ce2-46a7aa987582', 'd8220665-e552-4c19-8536-0fb4b0b3de7e', '2.2', 'fmt/27', 'AutoCAD Drawing Format 2.2', 0, 0, 'autocad-drawing-format-22');
INSERT INTO `fpr_formatversion` (`replaces_id`, `enabled`, `lastmodified`, `uuid`, `format_id`, `version`, `pronom_id`, `description`, `access_format`, `preservation_format`, `slug`) VALUES (NULL, 1, '2014-07-10 00:01:13', 'b50a0947-bd75-4395-9e68-6ac642910bd7', 'd8220665-e552-4c19-8536-0fb4b0b3de7e', '2.5', 'fmt/28', 'AutoCAD Drawing Format 2.5', 0, 0, 'autocad-drawing-format-25');
INSERT INTO `fpr_formatversion` (`replaces_id`, `enabled`, `lastmodified`, `uuid`, `format_id`, `version`, `pronom_id`, `description`, `access_format`, `preservation_format`, `slug`) VALUES (NULL, 1, '2014-07-10 00:01:13', '15fce860-1c53-4b40-81e2-4ffc53fd7f75', 'd8220665-e552-4c19-8536-0fb4b0b3de7e', '2.6', 'fmt/29', 'AutoCAD Drawing Format 2.6', 0, 0, 'autocad-drawing-format-26');
INSERT INTO `fpr_formatversion` (`replaces_id`, `enabled`, `lastmodified`, `uuid`, `format_id`, `version`, `pronom_id`, `description`, `access_format`, `preservation_format`, `slug`) VALUES (NULL, 1, '2014-07-10 00:01:13', '3146c239-c020-4b87-b03b-483e53bcf018', 'd8220665-e552-4c19-8536-0fb4b0b3de7e', 'R9', 'fmt/30', 'AutoCAD Drawing Format R9', 0, 0, 'autocad-drawing-format-r9');
INSERT INTO `fpr_formatversion` (`replaces_id`, `enabled`, `lastmodified`, `uuid`, `format_id`, `version`, `pronom_id`, `description`, `access_format`, `preservation_format`, `slug`) VALUES (NULL, 1, '2014-07-10 00:01:13', 'e1e3d3b4-1e82-456d-9274-625e19a2efc3', 'd8220665-e552-4c19-8536-0fb4b0b3de7e', 'R10', 'fmt/31', 'AutoCAD Drawing Format R10', 0, 0, 'autocad-drawing-format-r10');
INSERT INTO `fpr_formatversion` (`replaces_id`, `enabled`, `lastmodified`, `uuid`, `format_id`, `version`, `pronom_id`, `description`, `access_format`, `preservation_format`, `slug`) VALUES (NULL, 1, '2014-07-10 00:01:13', 'f6ce5ff2-6423-4ae3-9836-e7650d1ec0f9', 'd8220665-e552-4c19-8536-0fb4b0b3de7e', 'R11/12', 'fmt/32', 'AutoCAD Drawing Format R11/12', 0, 0, 'autocad-drawing-format-r1112');
INSERT INTO `fpr_formatversion` (`replaces_id`, `enabled`, `lastmodified`, `uuid`, `format_id`, `version`, `pronom_id`, `description`, `access_format`, `preservation_format`, `slug`) VALUES (NULL, 1, '2014-07-10 00:01:13', '59bcbda2-b5f0-4fb9-ae3f-c523577073c8', 'd8220665-e552-4c19-8536-0fb4b0b3de7e', 'R13', 'fmt/33', 'AutoCAD Drawing Format R13', 0, 0, 'autocad-drawing-format-r13');
INSERT INTO `fpr_formatversion` (`replaces_id`, `enabled`, `lastmodified`, `uuid`, `format_id`, `version`, `pronom_id`, `description`, `access_format`, `preservation_format`, `slug`) VALUES (NULL, 1, '2014-07-10 00:01:13', '8d3566d0-f42f-40b7-a6bf-2e7f49a6caf8', 'd8220665-e552-4c19-8536-0fb4b0b3de7e', 'R14', 'fmt/34', 'AutoCAD Drawing Format R14', 0, 0, 'autocad-drawing-format-r14');
INSERT INTO `fpr_formatversion` (`replaces_id`, `enabled`, `lastmodified`, `uuid`, `format_id`, `version`, `pronom_id`, `description`, `access_format`, `preservation_format`, `slug`) VALUES (NULL, 1, '2014-07-10 00:01:13', 'e0753416-5a09-46c9-8353-9c3ecccb3aef', 'd8220665-e552-4c19-8536-0fb4b0b3de7e', '2000-2002', 'fmt/35', 'AutoCAD Drawing Format 2000-2002', 0, 0, 'autocad-drawing-format-2000-2002');
INSERT INTO `fpr_formatversion` (`replaces_id`, `enabled`, `lastmodified`, `uuid`, `format_id`, `version`, `pronom_id`, `description`, `access_format`, `preservation_format`, `slug`) VALUES (NULL, 1, '2014-07-10 00:01:13', '99a05a74-eade-4de2-922f-8c8aae60447f', 'd8220665-e552-4c19-8536-0fb4b0b3de7e', '2004-2005', 'fmt/36', 'AutoCAD Drawing Format 2004-2005', 0, 0, 'autocad-drawing-format-2004-2005');
INSERT INTO `fpr_format` (`uuid`, `description`, `group_id`, `slug`) VALUES ('e4acd398-3b0a-41f4-b206-3aedc8977851', 'Drawing Interchange File Format (ASCII)', '00abbdd0-51b3-4162-b93a-45deb4ed8654', 'drawing-interchange-file-format-ascii');
INSERT INTO `fpr_formatversion` (`replaces_id`, `enabled`, `lastmodified`, `uuid`, `format_id`, `version`, `pronom_id`, `description`, `access_format`, `preservation_format`, `slug`) VALUES (NULL, 1, '2014-07-10 00:01:13', 'bf128d72-2007-4126-a35e-9cc8e63c1f4a', 'e4acd398-3b0a-41f4-b206-3aedc8977851', '1.0', 'fmt/64', 'Drawing Interchange File Format 1.0', 0, 0, 'drawing-interchange-file-format-10');
INSERT INTO `fpr_idrule` (`replaces_id`, `enabled`, `lastmodified`, `uuid`, `command_id`, `format_id`, `command_output`) VALUES (NULL, 1, '2014-07-10 00:01:13', '04680c2c-9cb4-4cff-86d3-43ef2d49c4fa', '41efbe1b-3fc7-4b24-9290-d0fb5d0ea9e9', 'bf128d72-2007-4126-a35e-9cc8e63c1f4a', '.dxf');
INSERT INTO `fpr_formatversion` (`replaces_id`, `enabled`, `lastmodified`, `uuid`, `format_id`, `version`, `pronom_id`, `description`, `access_format`, `preservation_format`, `slug`) VALUES (NULL, 1, '2014-07-10 00:01:13', '4a6210b3-743e-43da-bd9f-67f47d21480e', 'e4acd398-3b0a-41f4-b206-3aedc8977851', '1.2', 'fmt/65', 'Drawing Interchange File Format 1.2', 0, 0, 'drawing-interchange-file-format-12');
INSERT INTO `fpr_formatversion` (`replaces_id`, `enabled`, `lastmodified`, `uuid`, `format_id`, `version`, `pronom_id`, `description`, `access_format`, `preservation_format`, `slug`) VALUES (NULL, 1, '2014-07-10 00:01:13', '0787c83a-f6e7-42d0-9857-8f5263a08cdd', 'e4acd398-3b0a-41f4-b206-3aedc8977851', '1.3', 'fmt/66', 'Drawing Interchange File Format 1.3', 0, 0, 'drawing-interchange-file-format-13');
INSERT INTO `fpr_formatversion` (`replaces_id`, `enabled`, `lastmodified`, `uuid`, `format_id`, `version`, `pronom_id`, `description`, `access_format`, `preservation_format`, `slug`) VALUES (NULL, 1, '2014-07-10 00:01:13', '7ee041f8-2480-4168-b842-6c0733d32821', 'e4acd398-3b0a-41f4-b206-3aedc8977851', '1.4', 'fmt/67', 'Drawing Interchange File Format 1.4', 0, 0, 'drawing-interchange-file-format-14');
INSERT INTO `fpr_formatversion` (`replaces_id`, `enabled`, `lastmodified`, `uuid`, `format_id`, `version`, `pronom_id`, `description`, `access_format`, `preservation_format`, `slug`) VALUES (NULL, 1, '2014-07-10 00:01:13', '6a097c28-9aae-4f71-8eb6-7474b6aeb4eb', 'e4acd398-3b0a-41f4-b206-3aedc8977851', '2.0', 'fmt/68', 'Drawing Interchange File Format 2.0', 0, 0, 'drawing-interchange-file-format-20');
INSERT INTO `fpr_formatversion` (`replaces_id`, `enabled`, `lastmodified`, `uuid`, `format_id`, `version`, `pronom_id`, `description`, `access_format`, `preservation_format`, `slug`) VALUES (NULL, 1, '2014-07-10 00:01:13', '467540b8-d6f3-43b8-9956-69530f9e5d97', 'e4acd398-3b0a-41f4-b206-3aedc8977851', '2.1', 'fmt/69', 'Drawing Interchange File Format 2.1', 0, 0, 'drawing-interchange-file-format-21');
INSERT INTO `fpr_formatversion` (`replaces_id`, `enabled`, `lastmodified`, `uuid`, `format_id`, `version`, `pronom_id`, `description`, `access_format`, `preservation_format`, `slug`) VALUES (NULL, 1, '2014-07-10 00:01:13', '774f37ec-1ceb-4483-9daf-ef376d454aae', 'e4acd398-3b0a-41f4-b206-3aedc8977851', '2.2', 'fmt/70', 'Drawing Interchange File Format 2.2', 0, 0, 'drawing-interchange-file-format-22');
INSERT INTO `fpr_formatversion` (`replaces_id`, `enabled`, `lastmodified`, `uuid`, `format_id`, `version`, `pronom_id`, `description`, `access_format`, `preservation_format`, `slug`) VALUES (NULL, 1, '2014-07-10 00:01:13', 'c2ab9bcf-da6f-45fa-9c4b-ce6ab416adce', 'e4acd398-3b0a-41f4-b206-3aedc8977851', '2.5', 'fmt/71', 'Drawing Interchange File Format 2.5', 0, 0, 'drawing-interchange-file-format-25');
INSERT INTO `fpr_formatversion` (`replaces_id`, `enabled`, `lastmodified`, `uuid`, `format_id`, `version`, `pronom_id`, `description`, `access_format`, `preservation_format`, `slug`) VALUES (NULL, 1, '2014-07-10 00:01:13', '14e1d7ee-f082-4983-8238-1251b3f52034', 'e4acd398-3b0a-41f4-b206-3aedc8977851', '2.6', 'fmt/72', 'Drawing Interchange File Format 2.6', 0, 0, 'drawing-interchange-file-format-26');
INSERT INTO `fpr_formatversion` (`replaces_id`, `enabled`, `lastmodified`, `uuid`, `format_id`, `version`, `pronom_id`, `description`, `access_format`, `preservation_format`, `slug`) VALUES (NULL, 1, '2014-07-10 00:01:13', '43a6daf4-3e53-4b46-9f99-33824de31440', 'e4acd398-3b0a-41f4-b206-3aedc8977851', 'R9', 'fmt/73', 'Drawing Interchange File Format R9', 0, 0, 'drawing-interchange-file-format-r9');
INSERT INTO `fpr_formatversion` (`replaces_id`, `enabled`, `lastmodified`, `uuid`, `format_id`, `version`, `pronom_id`, `description`, `access_format`, `preservation_format`, `slug`) VALUES (NULL, 1, '2014-07-10 00:01:13', '762ad395-3f7b-4e10-ba0d-a781ad64dcb3', 'e4acd398-3b0a-41f4-b206-3aedc8977851', 'R10', 'fmt/74', 'Drawing Interchange File Format R10', 0, 0, 'drawing-interchange-file-format-r10');
INSERT INTO `fpr_formatversion` (`replaces_id`, `enabled`, `lastmodified`, `uuid`, `format_id`, `version`, `pronom_id`, `description`, `access_format`, `preservation_format`, `slug`) VALUES (NULL, 1, '2014-07-10 00:01:13', '0d53412a-ed76-40db-8783-2c617df448d7', 'e4acd398-3b0a-41f4-b206-3aedc8977851', 'R11/12', 'fmt/75', 'Drawing Interchange File Format R11/12', 0, 0, 'drawing-interchange-file-format-r1112');
INSERT INTO `fpr_formatversion` (`replaces_id`, `enabled`, `lastmodified`, `uuid`, `format_id`, `version`, `pronom_id`, `description`, `access_format`, `preservation_format`, `slug`) VALUES (NULL, 1, '2014-07-10 00:01:13', '54967dcf-1f4b-48d5-ba86-b7851ebead45', 'e4acd398-3b0a-41f4-b206-3aedc8977851', 'R13', 'fmt/76', 'Drawing Interchange File Format R13', 0, 0, 'drawing-interchange-file-format-r13');
INSERT INTO `fpr_formatversion` (`replaces_id`, `enabled`, `lastmodified`, `uuid`, `format_id`, `version`, `pronom_id`, `description`, `access_format`, `preservation_format`, `slug`) VALUES (NULL, 1, '2014-07-10 00:01:13', 'd1ba1657-6280-4e40-93fa-94570c8ca29a', 'e4acd398-3b0a-41f4-b206-3aedc8977851', 'R14', 'fmt/77', 'Drawing Interchange File Format R14', 0, 0, 'drawing-interchange-file-format-r14');
INSERT INTO `fpr_formatversion` (`replaces_id`, `enabled`, `lastmodified`, `uuid`, `format_id`, `version`, `pronom_id`, `description`, `access_format`, `preservation_format`, `slug`) VALUES (NULL, 1, '2014-07-10 00:01:13', 'd1e9aca7-edb0-4676-bf35-27f6d5a33afe', 'e4acd398-3b0a-41f4-b206-3aedc8977851', '2000-2002', 'fmt/78', 'Drawing Interchange File Format 2000-2002', 0, 0, 'drawing-interchange-file-format-2000-2002');
INSERT INTO `fpr_formatversion` (`replaces_id`, `enabled`, `lastmodified`, `uuid`, `format_id`, `version`, `pronom_id`, `description`, `access_format`, `preservation_format`, `slug`) VALUES (NULL, 1, '2014-07-10 00:01:13', '91fbf960-13a4-4ce4-b010-a5c4b404c91a', 'e4acd398-3b0a-41f4-b206-3aedc8977851', '', 'fmt/79', 'Drawing Interchange File Format 2004/2005/2006', 0, 0, 'drawing-interchange-file-format-200420052006');
INSERT INTO `fpr_format` (`uuid`, `description`, `group_id`, `slug`) VALUES ('9b3f9406-a375-4b66-9081-61a317e68cbf', 'WordPerfect Graphics Metafile', '00abbdd0-51b3-4162-b93a-45deb4ed8654', 'wordperfect-graphics-metafile');
INSERT INTO `fpr_formatversion` (`replaces_id`, `enabled`, `lastmodified`, `uuid`, `format_id`, `version`, `pronom_id`, `description`, `access_format`, `preservation_format`, `slug`) VALUES (NULL, 1, '2014-07-10 00:01:13', 'e2534186-ed8d-4da1-9639-2a80028a2469', '9b3f9406-a375-4b66-9081-61a317e68cbf', '1.0', 'x-fmt/395', 'WordPerfect Graphics 1.0', 0, 0, 'wordperfect-graphics-10');
INSERT INTO `fpr_idrule` (`replaces_id`, `enabled`, `lastmodified`, `uuid`, `command_id`, `format_id`, `command_output`) VALUES (NULL, 1, '2014-07-10 00:01:13', '1a61d70f-b632-46d2-88c5-b3aa8c1184c6', '41efbe1b-3fc7-4b24-9290-d0fb5d0ea9e9', 'e2534186-ed8d-4da1-9639-2a80028a2469', '.wpg');
INSERT INTO `fpr_format` (`uuid`, `description`, `group_id`, `slug`) VALUES ('ba548d49-a65f-491d-99bc-850f926f94e8', 'Drawing Interchange File Format (Binary)', '00abbdd0-51b3-4162-b93a-45deb4ed8654', 'drawing-interchange-file-format-binary');
INSERT INTO `fpr_formatversion` (`replaces_id`, `enabled`, `lastmodified`, `uuid`, `format_id`, `version`, `pronom_id`, `description`, `access_format`, `preservation_format`, `slug`) VALUES (NULL, 1, '2014-07-10 00:01:13', '399d4a4c-8fd5-44ad-a2bd-20f689909628', 'ba548d49-a65f-491d-99bc-850f926f94e8', 'R10', 'fmt/80', 'Binary DXF R10', 0, 0, 'binary-dxf-r10');
INSERT INTO `fpr_formatversion` (`replaces_id`, `enabled`, `lastmodified`, `uuid`, `format_id`, `version`, `pronom_id`, `description`, `access_format`, `preservation_format`, `slug`) VALUES (NULL, 1, '2014-07-10 00:01:13', '368191ab-99c2-4b6b-ab49-f44d77bbd339', 'ba548d49-a65f-491d-99bc-850f926f94e8', 'R11/12', 'fmt/81', 'Binary DXF R11/12', 0, 0, 'binary-dxf-r1112');
INSERT INTO `fpr_formatversion` (`replaces_id`, `enabled`, `lastmodified`, `uuid`, `format_id`, `version`, `pronom_id`, `description`, `access_format`, `preservation_format`, `slug`) VALUES (NULL, 1, '2014-07-10 00:01:13', 'a2aae538-06c6-4f4b-a477-eb38d3a68a41', 'ba548d49-a65f-491d-99bc-850f926f94e8', 'R13', 'fmt/82', 'Binary DXF R13', 0, 0, 'binary-dxf-r13');
INSERT INTO `fpr_formatversion` (`replaces_id`, `enabled`, `lastmodified`, `uuid`, `format_id`, `version`, `pronom_id`, `description`, `access_format`, `preservation_format`, `slug`) VALUES (NULL, 1, '2014-07-10 00:01:13', 'ed35c7ad-2cea-4ad4-a376-d4e377dbba6e', 'ba548d49-a65f-491d-99bc-850f926f94e8', 'R14', 'fmt/83', 'Binary DXF R14', 0, 0, 'binary-dxf-r14');
INSERT INTO `fpr_formatversion` (`replaces_id`, `enabled`, `lastmodified`, `uuid`, `format_id`, `version`, `pronom_id`, `description`, `access_format`, `preservation_format`, `slug`) VALUES (NULL, 1, '2014-07-10 00:01:13', '744902de-a1ad-4530-befb-3f2e3a3e03d1', 'ba548d49-a65f-491d-99bc-850f926f94e8', '2000-2002', 'fmt/84', 'Binary DXF 2000-2002', 0, 0, 'binary-dxf-2000-2002');
INSERT INTO `fpr_formatversion` (`replaces_id`, `enabled`, `lastmodified`, `uuid`, `format_id`, `version`, `pronom_id`, `description`, `access_format`, `preservation_format`, `slug`) VALUES (NULL, 1, '2014-07-10 00:01:13', '0506b5ca-a247-4c2a-8275-3002b922facf', 'ba548d49-a65f-491d-99bc-850f926f94e8', '2004-2005', 'fmt/85', 'Binary DXF 2004-2005', 0, 0, 'binary-dxf-2004-2005');
INSERT INTO `fpr_format` (`uuid`, `description`, `group_id`, `slug`) VALUES ('ae4e24be-e386-474b-a0fe-61af601e886c', 'OpenOffice Writer', '00abbdd0-51b3-4162-b93a-45deb4ed8654', 'openoffice-writer');
INSERT INTO `fpr_formatversion` (`replaces_id`, `enabled`, `lastmodified`, `uuid`, `format_id`, `version`, `pronom_id`, `description`, `access_format`, `preservation_format`, `slug`) VALUES (NULL, 1, '2014-07-10 00:01:13', '4a86121d-86ff-4142-bb03-766c0acb6e0c', 'ae4e24be-e386-474b-a0fe-61af601e886c', '1.0', 'fmt/128', 'OpenOffice Writer 1.0', 0, 0, 'openoffice-writer-10');
INSERT INTO `fpr_idrule` (`replaces_id`, `enabled`, `lastmodified`, `uuid`, `command_id`, `format_id`, `command_output`) VALUES (NULL, 1, '2014-07-10 00:01:13', 'e64a451b-d940-4a8c-a069-3a67e81c214c', '41efbe1b-3fc7-4b24-9290-d0fb5d0ea9e9', '4a86121d-86ff-4142-bb03-766c0acb6e0c', '.sxw');
INSERT INTO `fpr_format` (`uuid`, `description`, `group_id`, `slug`) VALUES ('ff8a061c-7465-4387-a97e-8fe7317c0cda', 'OpenOffice Calc', '00abbdd0-51b3-4162-b93a-45deb4ed8654', 'openoffice-calc');
INSERT INTO `fpr_formatversion` (`replaces_id`, `enabled`, `lastmodified`, `uuid`, `format_id`, `version`, `pronom_id`, `description`, `access_format`, `preservation_format`, `slug`) VALUES (NULL, 1, '2014-07-10 00:01:13', '5c90f5ea-748b-4403-a5a6-684a21d14f25', 'ff8a061c-7465-4387-a97e-8fe7317c0cda', '1.0', 'fmt/129', 'OpenOffice Calc 1.0', 0, 0, 'openoffice-calc-10');
INSERT INTO `fpr_idrule` (`replaces_id`, `enabled`, `lastmodified`, `uuid`, `command_id`, `format_id`, `command_output`) VALUES (NULL, 1, '2014-07-10 00:01:13', '81d886ff-dbc2-48eb-878d-1affc237bec2', '41efbe1b-3fc7-4b24-9290-d0fb5d0ea9e9', '5c90f5ea-748b-4403-a5a6-684a21d14f25', '.sxc');
INSERT INTO `fpr_format` (`uuid`, `description`, `group_id`, `slug`) VALUES ('282079df-71ec-449f-8738-9891810d6d7d', 'OpenOffice Impress', '00abbdd0-51b3-4162-b93a-45deb4ed8654', 'openoffice-impress');
INSERT INTO `fpr_formatversion` (`replaces_id`, `enabled`, `lastmodified`, `uuid`, `format_id`, `version`, `pronom_id`, `description`, `access_format`, `preservation_format`, `slug`) VALUES (NULL, 1, '2014-07-10 00:01:13', '9c06b1b1-cb42-411c-8107-cf762f48a715', '282079df-71ec-449f-8738-9891810d6d7d', '1.0', 'fmt/130', 'OpenOffice Impress 1.0', 0, 0, 'openoffice-impress-10');
INSERT INTO `fpr_idrule` (`replaces_id`, `enabled`, `lastmodified`, `uuid`, `command_id`, `format_id`, `command_output`) VALUES (NULL, 1, '2014-07-10 00:01:13', '53a68ad7-d6ff-498e-9c9e-9df8341ade05', '41efbe1b-3fc7-4b24-9290-d0fb5d0ea9e9', '9c06b1b1-cb42-411c-8107-cf762f48a715', '.sxi');
INSERT INTO `fpr_format` (`uuid`, `description`, `group_id`, `slug`) VALUES ('df7bc77d-5bbe-4be5-ba4b-7508ccb47948', 'OpenOffice Draw', '00abbdd0-51b3-4162-b93a-45deb4ed8654', 'openoffice-draw');
INSERT INTO `fpr_formatversion` (`replaces_id`, `enabled`, `lastmodified`, `uuid`, `format_id`, `version`, `pronom_id`, `description`, `access_format`, `preservation_format`, `slug`) VALUES (NULL, 1, '2014-07-10 00:01:13', '1321d7b8-0ecf-4e10-96ab-51ec56bd6bce', 'df7bc77d-5bbe-4be5-ba4b-7508ccb47948', '1.0', 'fmt/127', 'OpenOffice Draw 1.0', 0, 0, 'openoffice-draw-10');
INSERT INTO `fpr_idrule` (`replaces_id`, `enabled`, `lastmodified`, `uuid`, `command_id`, `format_id`, `command_output`) VALUES (NULL, 1, '2014-07-10 00:01:13', 'b62a1e82-652e-4cf6-96c2-5a963e06b928', '41efbe1b-3fc7-4b24-9290-d0fb5d0ea9e9', '1321d7b8-0ecf-4e10-96ab-51ec56bd6bce', '.sxd');
INSERT INTO `fpr_format` (`uuid`, `description`, `group_id`, `slug`) VALUES ('b8947540-ba58-4e18-a680-ba4099d452c7', 'StarOffice Writer', '00abbdd0-51b3-4162-b93a-45deb4ed8654', 'staroffice-writer');
INSERT INTO `fpr_formatversion` (`replaces_id`, `enabled`, `lastmodified`, `uuid`, `format_id`, `version`, `pronom_id`, `description`, `access_format`, `preservation_format`, `slug`) VALUES (NULL, 1, '2014-07-10 00:01:13', '2cffa199-8bfd-4562-a94a-f9b1d85fe301', 'b8947540-ba58-4e18-a680-ba4099d452c7', '5.1', 'x-fmt/400', 'StarOffice Writer', 0, 0, 'staroffice-writer');
INSERT INTO `fpr_format` (`uuid`, `description`, `group_id`, `slug`) VALUES ('7ca7e37a-2590-407f-a961-c9eabd72831a', 'StarOffice Draw', '00abbdd0-51b3-4162-b93a-45deb4ed8654', 'staroffice-draw');
INSERT INTO `fpr_formatversion` (`replaces_id`, `enabled`, `lastmodified`, `uuid`, `format_id`, `version`, `pronom_id`, `description`, `access_format`, `preservation_format`, `slug`) VALUES (NULL, 1, '2014-07-10 00:01:13', '5a4c0364-44ab-4f2c-af19-2b69aec518e7', '7ca7e37a-2590-407f-a961-c9eabd72831a', '5.1', 'x-fmt/401', 'StarOffice Draw', 0, 0, 'staroffice-draw');
INSERT INTO `fpr_idrule` (`replaces_id`, `enabled`, `lastmodified`, `uuid`, `command_id`, `format_id`, `command_output`) VALUES (NULL, 1, '2014-07-10 00:01:13', 'f85352f4-e561-41b4-81ba-022438cd0464', '41efbe1b-3fc7-4b24-9290-d0fb5d0ea9e9', '5a4c0364-44ab-4f2c-af19-2b69aec518e7', '.sda');
INSERT INTO `fpr_formatversion` (`replaces_id`, `enabled`, `lastmodified`, `uuid`, `format_id`, `version`, `pronom_id`, `description`, `access_format`, `preservation_format`, `slug`) VALUES (NULL, 1, '2014-07-10 00:01:13', '7ced398c-ab3c-45ca-8336-b6403ea411d2', '7ca7e37a-2590-407f-a961-c9eabd72831a', '5.2', 'x-fmt/402', 'StarOffice Draw', 0, 0, 'staroffice-draw-2');
INSERT INTO `fpr_formatversion` (`replaces_id`, `enabled`, `lastmodified`, `uuid`, `format_id`, `version`, `pronom_id`, `description`, `access_format`, `preservation_format`, `slug`) VALUES (NULL, 1, '2014-07-10 00:01:13', 'ab3d1a4c-9b9a-4b07-ab50-a6899aed52c9', 'b8947540-ba58-4e18-a680-ba4099d452c7', '5.2', 'x-fmt/403', 'StarOffice Writer', 0, 0, 'staroffice-writer-2');
INSERT INTO `fpr_formatversion` (`replaces_id`, `enabled`, `lastmodified`, `uuid`, `format_id`, `version`, `pronom_id`, `description`, `access_format`, `preservation_format`, `slug`) VALUES (NULL, 1, '2014-07-10 00:01:13', '9e53187a-3774-402e-b072-1bbb92cb20c7', '7bca5788-4b9e-4ecf-8a6c-1390485c8509', '5.2', 'x-fmt/404', 'StarOffice Calc', 0, 0, 'staroffice-calc-2');
INSERT INTO `fpr_formatversion` (`replaces_id`, `enabled`, `lastmodified`, `uuid`, `format_id`, `version`, `pronom_id`, `description`, `access_format`, `preservation_format`, `slug`) VALUES (NULL, 1, '2014-07-10 00:01:13', '87874388-92fa-4886-91c7-482b4dde31fc', 'a45c22cd-5de5-421d-81da-ad1e5ad64868', '5.2', 'x-fmt/405', 'StarOffice Impress', 0, 0, 'staroffice-impress-2');
INSERT INTO `fpr_format` (`uuid`, `description`, `group_id`, `slug`) VALUES ('075e19b0-37d1-4880-b8ff-18e9718d9dd3', 'Drawing Interchange Binary Format', '00abbdd0-51b3-4162-b93a-45deb4ed8654', 'drawing-interchange-binary-format');
INSERT INTO `fpr_formatversion` (`replaces_id`, `enabled`, `lastmodified`, `uuid`, `format_id`, `version`, `pronom_id`, `description`, `access_format`, `preservation_format`, `slug`) VALUES (NULL, 1, '2014-07-10 00:01:13', 'cc9ad1f3-d868-44dc-96dd-f3be5419ba4d', '075e19b0-37d1-4880-b8ff-18e9718d9dd3', '1.0', 'fmt/54', 'DXB 1.0', 0, 0, 'dxb-10');
INSERT INTO `fpr_idrule` (`replaces_id`, `enabled`, `lastmodified`, `uuid`, `command_id`, `format_id`, `command_output`) VALUES (NULL, 1, '2014-07-10 00:01:13', '00adfe03-75f3-4238-8ac9-e436eed3c820', '41efbe1b-3fc7-4b24-9290-d0fb5d0ea9e9', 'cc9ad1f3-d868-44dc-96dd-f3be5419ba4d', '.dxb');
INSERT INTO `fpr_formatversion` (`replaces_id`, `enabled`, `lastmodified`, `uuid`, `format_id`, `version`, `pronom_id`, `description`, `access_format`, `preservation_format`, `slug`) VALUES (NULL, 1, '2014-07-10 00:01:13', '3b5e95b2-3f70-407e-91f9-890748be78ca', 'e4acd398-3b0a-41f4-b206-3aedc8977851', 'Generic', 'fmt/63', 'Drawing Interchange File Format (ASCII) (generic)', 0, 0, 'drawing-interchange-file-format-ascii-generic');
INSERT INTO `fpr_format` (`uuid`, `description`, `group_id`, `slug`) VALUES ('0234c5b1-7f02-4d13-a3cf-505e25f942dd', 'OLE2 Compound Document Format', '00abbdd0-51b3-4162-b93a-45deb4ed8654', 'ole2-compound-document-format');
INSERT INTO `fpr_format` (`uuid`, `description`, `group_id`, `slug`) VALUES ('c5fec8bc-debd-4ca3-a1b5-33528c5cde76', 'DROID Signature File Format', '00abbdd0-51b3-4162-b93a-45deb4ed8654', 'droid-signature-file-format');
INSERT INTO `fpr_formatversion` (`replaces_id`, `enabled`, `lastmodified`, `uuid`, `format_id`, `version`, `pronom_id`, `description`, `access_format`, `preservation_format`, `slug`) VALUES (NULL, 1, '2014-07-10 00:01:13', '1f56b788-9349-4457-991e-aab051b50cae', 'c5fec8bc-debd-4ca3-a1b5-33528c5cde76', '1.0', 'fmt/121', 'DROID Signature File', 0, 0, 'droid-signature-file');
INSERT INTO `fpr_format` (`uuid`, `description`, `group_id`, `slug`) VALUES ('7e5d832e-5b58-4d7c-9352-4b7c9728c78c', 'DROID File Collection File Format', '00abbdd0-51b3-4162-b93a-45deb4ed8654', 'droid-file-collection-file-format');
INSERT INTO `fpr_formatversion` (`replaces_id`, `enabled`, `lastmodified`, `uuid`, `format_id`, `version`, `pronom_id`, `description`, `access_format`, `preservation_format`, `slug`) VALUES (NULL, 1, '2014-07-10 00:01:13', '331d8267-e924-485a-a0a5-fac744148453', '7e5d832e-5b58-4d7c-9352-4b7c9728c78c', '1.0', 'fmt/120', 'DROID File Collection File', 0, 0, 'droid-file-collection-file');
INSERT INTO `fpr_formatversion` (`replaces_id`, `enabled`, `lastmodified`, `uuid`, `format_id`, `version`, `pronom_id`, `description`, `access_format`, `preservation_format`, `slug`) VALUES (NULL, 1, '2014-07-10 00:01:13', '021b862f-f05c-401d-b9f0-938fe639515b', '9f789ddc-4477-41eb-9bfa-9e07b6c6ee42', '2.0', 'x-fmt/406', 'PostScript DSC 2.0', 0, 0, 'postscript-dsc-20');
INSERT INTO `fpr_formatversion` (`replaces_id`, `enabled`, `lastmodified`, `uuid`, `format_id`, `version`, `pronom_id`, `description`, `access_format`, `preservation_format`, `slug`) VALUES (NULL, 1, '2014-07-10 00:01:13', '928fa92b-e876-4d6b-99dd-380d757bf469', '9f789ddc-4477-41eb-9bfa-9e07b6c6ee42', '2.1', 'x-fmt/407', 'PostScript DSC 2.1', 0, 0, 'postscript-dsc-21');
INSERT INTO `fpr_formatversion` (`replaces_id`, `enabled`, `lastmodified`, `uuid`, `format_id`, `version`, `pronom_id`, `description`, `access_format`, `preservation_format`, `slug`) VALUES (NULL, 1, '2014-07-10 00:01:13', 'd96f8af8-2ae4-4ef7-bab0-91b936984f89', '9f789ddc-4477-41eb-9bfa-9e07b6c6ee42', '3.0', 'x-fmt/408', 'PostScript DSC 3.0', 0, 0, 'postscript-dsc-30');
INSERT INTO `fpr_format` (`uuid`, `description`, `group_id`, `slug`) VALUES ('6ea57220-5435-4580-bcf4-fa3e49c886a7', 'MS-DOS Executable', '00abbdd0-51b3-4162-b93a-45deb4ed8654', 'ms-dos-executable');
INSERT INTO `fpr_formatversion` (`replaces_id`, `enabled`, `lastmodified`, `uuid`, `format_id`, `version`, `pronom_id`, `description`, `access_format`, `preservation_format`, `slug`) VALUES (NULL, 1, '2014-07-10 00:01:13', 'bcd13ae9-3327-4b2d-a875-e33c9da10e6e', '6ea57220-5435-4580-bcf4-fa3e49c886a7', NULL, 'x-fmt/409', 'MS-DOS Executable', 0, 0, 'ms-dos-executable');
INSERT INTO `fpr_idrule` (`replaces_id`, `enabled`, `lastmodified`, `uuid`, `command_id`, `format_id`, `command_output`) VALUES (NULL, 1, '2014-07-10 00:01:13', '42bf7606-c3dd-4c4c-b1ad-eea90bf30f7d', '41efbe1b-3fc7-4b24-9290-d0fb5d0ea9e9', 'bcd13ae9-3327-4b2d-a875-e33c9da10e6e', '.exe');
INSERT INTO `fpr_format` (`uuid`, `description`, `group_id`, `slug`) VALUES ('cb37115b-5adf-4026-a1c5-1d25fc9e0c33', 'Windows New Executable', '00abbdd0-51b3-4162-b93a-45deb4ed8654', 'windows-new-executable');
INSERT INTO `fpr_formatversion` (`replaces_id`, `enabled`, `lastmodified`, `uuid`, `format_id`, `version`, `pronom_id`, `description`, `access_format`, `preservation_format`, `slug`) VALUES (NULL, 1, '2014-07-10 00:01:13', 'e558b28a-68c6-446e-b492-227fb873dc68', 'cb37115b-5adf-4026-a1c5-1d25fc9e0c33', NULL, 'x-fmt/410', 'Windows New Executable', 0, 0, 'windows-new-executable');
INSERT INTO `fpr_format` (`uuid`, `description`, `group_id`, `slug`) VALUES ('614c279e-bd4e-4001-a1a3-8ca74fe18316', 'Windows Portable Executable', '00abbdd0-51b3-4162-b93a-45deb4ed8654', 'windows-portable-executable');
INSERT INTO `fpr_formatversion` (`replaces_id`, `enabled`, `lastmodified`, `uuid`, `format_id`, `version`, `pronom_id`, `description`, `access_format`, `preservation_format`, `slug`) VALUES (NULL, 1, '2014-07-10 00:01:13', '2d3e7696-a8e6-4fc9-bfff-64d4d856119f', '614c279e-bd4e-4001-a1a3-8ca74fe18316', NULL, 'x-fmt/411', 'Windows Portable Executable', 0, 0, 'windows-portable-executable');
INSERT INTO `fpr_format` (`uuid`, `description`, `group_id`, `slug`) VALUES ('4121d4f4-bcb4-4de4-aa41-4255524df957', 'Java Archive Format', '00abbdd0-51b3-4162-b93a-45deb4ed8654', 'java-archive-format');
INSERT INTO `fpr_formatversion` (`replaces_id`, `enabled`, `lastmodified`, `uuid`, `format_id`, `version`, `pronom_id`, `description`, `access_format`, `preservation_format`, `slug`) VALUES (NULL, 1, '2014-07-10 00:01:13', '6a874fb4-8d23-4aac-82a6-48a785e0ee2e', '4121d4f4-bcb4-4de4-aa41-4255524df957', NULL, 'x-fmt/412', 'JAR format', 0, 0, 'jar-format');
INSERT INTO `fpr_idrule` (`replaces_id`, `enabled`, `lastmodified`, `uuid`, `command_id`, `format_id`, `command_output`) VALUES (NULL, 1, '2014-07-10 00:01:13', '35194a06-61b0-4419-8bdb-1db3ecdcc3ef', '41efbe1b-3fc7-4b24-9290-d0fb5d0ea9e9', '6a874fb4-8d23-4aac-82a6-48a785e0ee2e', '.jar');
INSERT INTO `fpr_format` (`uuid`, `description`, `group_id`, `slug`) VALUES ('cefac4b4-90cf-4363-a888-8283fd4c77e0', 'OpenDocument Format', '00abbdd0-51b3-4162-b93a-45deb4ed8654', 'opendocument-format');
INSERT INTO `fpr_formatversion` (`replaces_id`, `enabled`, `lastmodified`, `uuid`, `format_id`, `version`, `pronom_id`, `description`, `access_format`, `preservation_format`, `slug`) VALUES (NULL, 1, '2014-07-10 00:01:13', '22957508-440a-4e30-8a42-c5ddf409d101', 'cefac4b4-90cf-4363-a888-8283fd4c77e0', '1.0', 'fmt/135', 'ODF 1.0 generic', 0, 0, 'odf-10-generic');
INSERT INTO `fpr_format` (`uuid`, `description`, `group_id`, `slug`) VALUES ('4d9708b2-c42c-4aeb-8c8d-901ba4818db2', 'OpenDocument Database Format', '00abbdd0-51b3-4162-b93a-45deb4ed8654', 'opendocument-database-format');
INSERT INTO `fpr_formatversion` (`replaces_id`, `enabled`, `lastmodified`, `uuid`, `format_id`, `version`, `pronom_id`, `description`, `access_format`, `preservation_format`, `slug`) VALUES (NULL, 1, '2014-07-10 00:01:13', '09e2098d-92f5-4466-a500-a275755f377c', '4d9708b2-c42c-4aeb-8c8d-901ba4818db2', '1.0', 'fmt/140', 'ODF 1.0 database', 0, 0, 'odf-10-database');
INSERT INTO `fpr_idrule` (`replaces_id`, `enabled`, `lastmodified`, `uuid`, `command_id`, `format_id`, `command_output`) VALUES (NULL, 1, '2014-07-10 00:01:13', '082e324d-315c-4bf3-9673-4e6f8e9c51ae', '41efbe1b-3fc7-4b24-9290-d0fb5d0ea9e9', '09e2098d-92f5-4466-a500-a275755f377c', '.odb');
INSERT INTO `fpr_format` (`uuid`, `description`, `group_id`, `slug`) VALUES ('5e92b0fc-72dc-426f-bd2d-ef70a61ee6f1', 'Waveform Audio (WAVEFORMATEXTENSIBLE)', '00abbdd0-51b3-4162-b93a-45deb4ed8654', 'waveform-audio-waveformatextensible');
INSERT INTO `fpr_formatversion` (`replaces_id`, `enabled`, `lastmodified`, `uuid`, `format_id`, `version`, `pronom_id`, `description`, `access_format`, `preservation_format`, `slug`) VALUES (NULL, 1, '2014-07-10 00:01:13', 'cb3eec7d-4223-4e08-96a0-affb071dd667', '5e92b0fc-72dc-426f-bd2d-ef70a61ee6f1', NULL, 'fmt/143', 'Waveform Audio (WAVEFORMATEXTENSIBLE)', 0, 0, 'waveform-audio-waveformatextensible');
INSERT INTO `fpr_format` (`uuid`, `description`, `group_id`, `slug`) VALUES ('b21494b8-0f84-4c32-8e61-35af82c3bd48', 'JTIP (JPEG Tiled Image Pyramid)', '00abbdd0-51b3-4162-b93a-45deb4ed8654', 'jtip-jpeg-tiled-image-pyramid');
INSERT INTO `fpr_formatversion` (`replaces_id`, `enabled`, `lastmodified`, `uuid`, `format_id`, `version`, `pronom_id`, `description`, `access_format`, `preservation_format`, `slug`) VALUES (NULL, 1, '2014-07-10 00:01:13', '7b41bc68-a274-434a-a8df-e0a75110313e', 'b21494b8-0f84-4c32-8e61-35af82c3bd48', NULL, 'fmt/149', 'JTIP (JPEG Tiled Image Pyramid)', 0, 0, 'jtip-jpeg-tiled-image-pyramid');
INSERT INTO `fpr_format` (`uuid`, `description`, `group_id`, `slug`) VALUES ('d701352b-6312-4c56-a88f-bcf397e6f42b', 'JPEG-LS', '00abbdd0-51b3-4162-b93a-45deb4ed8654', 'jpeg-ls');
INSERT INTO `fpr_formatversion` (`replaces_id`, `enabled`, `lastmodified`, `uuid`, `format_id`, `version`, `pronom_id`, `description`, `access_format`, `preservation_format`, `slug`) VALUES (NULL, 1, '2014-07-10 00:01:13', '236d86a1-da95-4a7a-820c-68d0751d74f3', 'd701352b-6312-4c56-a88f-bcf397e6f42b', NULL, 'fmt/150', 'JPEG-LS', 0, 0, 'jpeg-ls');
INSERT INTO `fpr_idrule` (`replaces_id`, `enabled`, `lastmodified`, `uuid`, `command_id`, `format_id`, `command_output`) VALUES (NULL, 1, '2014-07-10 00:01:13', '0e06f4df-1be4-4d45-947c-c35d079c61f4', '41efbe1b-3fc7-4b24-9290-d0fb5d0ea9e9', '236d86a1-da95-4a7a-820c-68d0751d74f3', '..jls');
INSERT INTO `fpr_format` (`uuid`, `description`, `group_id`, `slug`) VALUES ('fe83c010-8cc1-4895-a690-d1dd2634ad4d', 'JPX (JPEG 2000 part 2)', '00abbdd0-51b3-4162-b93a-45deb4ed8654', 'jpx-jpeg-2000-part-2');
INSERT INTO `fpr_formatversion` (`replaces_id`, `enabled`, `lastmodified`, `uuid`, `format_id`, `version`, `pronom_id`, `description`, `access_format`, `preservation_format`, `slug`) VALUES (NULL, 1, '2014-07-10 00:01:13', '3202cca7-c13c-4518-93df-23231ac27f37', 'fe83c010-8cc1-4895-a690-d1dd2634ad4d', NULL, 'fmt/151', 'JPEG 2000 with Extensions', 0, 0, 'jpeg-2000-with-extensions');
INSERT INTO `fpr_idrule` (`replaces_id`, `enabled`, `lastmodified`, `uuid`, `command_id`, `format_id`, `command_output`) VALUES (NULL, 1, '2014-07-10 00:01:13', '3ca0aa0a-789d-458e-a32a-332e7029a817', '41efbe1b-3fc7-4b24-9290-d0fb5d0ea9e9', '3202cca7-c13c-4518-93df-23231ac27f37', '.jpx');
INSERT INTO `fpr_format` (`uuid`, `description`, `group_id`, `slug`) VALUES ('0dd880c7-11be-4898-89a1-a1f3b4ddb901', 'Batch file (executable)', '00abbdd0-51b3-4162-b93a-45deb4ed8654', 'batch-file-executable');
INSERT INTO `fpr_formatversion` (`replaces_id`, `enabled`, `lastmodified`, `uuid`, `format_id`, `version`, `pronom_id`, `description`, `access_format`, `preservation_format`, `slug`) VALUES (NULL, 1, '2014-07-10 00:01:13', 'e2a8cd24-e865-499a-bae2-3674b1a3f540', '0dd880c7-11be-4898-89a1-a1f3b4ddb901', NULL, 'x-fmt/413', 'Batch file (executable)', 0, 0, 'batch-file-executable');
INSERT INTO `fpr_idrule` (`replaces_id`, `enabled`, `lastmodified`, `uuid`, `command_id`, `format_id`, `command_output`) VALUES (NULL, 1, '2014-07-10 00:01:13', 'b870a6da-3bf6-4670-bd88-e7912ae66c79', '41efbe1b-3fc7-4b24-9290-d0fb5d0ea9e9', 'e2a8cd24-e865-499a-bae2-3674b1a3f540', '.bat');
INSERT INTO `fpr_format` (`uuid`, `description`, `group_id`, `slug`) VALUES ('5ea54c2b-b696-4b56-9cf4-e8a1878031e2', 'Java Compiled Object Code', '00abbdd0-51b3-4162-b93a-45deb4ed8654', 'java-compiled-object-code');
INSERT INTO `fpr_formatversion` (`replaces_id`, `enabled`, `lastmodified`, `uuid`, `format_id`, `version`, `pronom_id`, `description`, `access_format`, `preservation_format`, `slug`) VALUES (NULL, 1, '2014-07-10 00:01:13', '30f49dbb-51c3-4b10-8d76-3d87730f0f15', '5ea54c2b-b696-4b56-9cf4-e8a1878031e2', NULL, 'x-fmt/415', 'Java Compiled Object Code', 0, 0, 'java-compiled-object-code');
INSERT INTO `fpr_idrule` (`replaces_id`, `enabled`, `lastmodified`, `uuid`, `command_id`, `format_id`, `command_output`) VALUES (NULL, 1, '2014-07-10 00:01:13', '3c6a5899-e9f3-422b-80c9-abf68e0d482b', '41efbe1b-3fc7-4b24-9290-d0fb5d0ea9e9', '30f49dbb-51c3-4b10-8d76-3d87730f0f15', '.class');
INSERT INTO `fpr_format` (`uuid`, `description`, `group_id`, `slug`) VALUES ('86a3a646-f33f-4b62-807d-45f1e612e890', 'BinHex Binary Text', '00abbdd0-51b3-4162-b93a-45deb4ed8654', 'binhex-binary-text');
INSERT INTO `fpr_formatversion` (`replaces_id`, `enabled`, `lastmodified`, `uuid`, `format_id`, `version`, `pronom_id`, `description`, `access_format`, `preservation_format`, `slug`) VALUES (NULL, 1, '2014-07-10 00:01:13', 'ba835b1b-6c9c-4f35-88be-de391d47c344', '86a3a646-f33f-4b62-807d-45f1e612e890', NULL, 'x-fmt/416', 'BinHex Binary Text', 0, 0, 'binhex-binary-text');
INSERT INTO `fpr_idrule` (`replaces_id`, `enabled`, `lastmodified`, `uuid`, `command_id`, `format_id`, `command_output`) VALUES (NULL, 1, '2014-07-10 00:01:13', 'f21ff255-4638-4f42-803a-869444b796e6', '41efbe1b-3fc7-4b24-9290-d0fb5d0ea9e9', 'ba835b1b-6c9c-4f35-88be-de391d47c344', '.hqx');
INSERT INTO `fpr_format` (`uuid`, `description`, `group_id`, `slug`) VALUES ('ebd9107a-90f6-4128-8801-debcbfb1cdb0', 'HTML Extension File', '00abbdd0-51b3-4162-b93a-45deb4ed8654', 'html-extension-file');
INSERT INTO `fpr_formatversion` (`replaces_id`, `enabled`, `lastmodified`, `uuid`, `format_id`, `version`, `pronom_id`, `description`, `access_format`, `preservation_format`, `slug`) VALUES (NULL, 1, '2014-07-10 00:01:13', 'bf6b6c26-f2bd-4978-be35-a26ac88d29f4', 'ebd9107a-90f6-4128-8801-debcbfb1cdb0', NULL, 'x-fmt/417', 'HTML Extension File', 0, 0, 'html-extension-file');
INSERT INTO `fpr_idrule` (`replaces_id`, `enabled`, `lastmodified`, `uuid`, `command_id`, `format_id`, `command_output`) VALUES (NULL, 1, '2014-07-10 00:01:13', '8e97af43-e0cf-4cda-be64-049a297921ee', '41efbe1b-3fc7-4b24-9290-d0fb5d0ea9e9', 'bf6b6c26-f2bd-4978-be35-a26ac88d29f4', '.htx');
INSERT INTO `fpr_format` (`uuid`, `description`, `group_id`, `slug`) VALUES ('8c44995b-1cfa-4b54-912d-bd760637e391', 'Icon file format', '00abbdd0-51b3-4162-b93a-45deb4ed8654', 'icon-file-format');
INSERT INTO `fpr_formatversion` (`replaces_id`, `enabled`, `lastmodified`, `uuid`, `format_id`, `version`, `pronom_id`, `description`, `access_format`, `preservation_format`, `slug`) VALUES (NULL, 1, '2014-07-10 00:01:13', '6194ed45-c811-476e-a457-a9b34a4cefbd', '8c44995b-1cfa-4b54-912d-bd760637e391', NULL, 'x-fmt/418', 'Icon file format', 0, 0, 'icon-file-format');
INSERT INTO `fpr_idrule` (`replaces_id`, `enabled`, `lastmodified`, `uuid`, `command_id`, `format_id`, `command_output`) VALUES (NULL, 1, '2014-07-10 00:01:13', 'aa12b727-078f-4118-ae69-c4afbbdf35b5', '41efbe1b-3fc7-4b24-9290-d0fb5d0ea9e9', '6194ed45-c811-476e-a457-a9b34a4cefbd', '.ico');
INSERT INTO `fpr_format` (`uuid`, `description`, `group_id`, `slug`) VALUES ('76d5ea0b-bd0c-4197-962d-2a8cf089aea3', 'DVD data file and backup data file', '00abbdd0-51b3-4162-b93a-45deb4ed8654', 'dvd-data-file-and-backup-data-file');
INSERT INTO `fpr_formatversion` (`replaces_id`, `enabled`, `lastmodified`, `uuid`, `format_id`, `version`, `pronom_id`, `description`, `access_format`, `preservation_format`, `slug`) VALUES (NULL, 1, '2014-07-10 00:01:13', '78328093-5779-47d3-983f-6603e5ea9c68', '76d5ea0b-bd0c-4197-962d-2a8cf089aea3', NULL, 'x-fmt/419', 'IFO/BUP', 0, 0, 'ifobup');
INSERT INTO `fpr_idrule` (`replaces_id`, `enabled`, `lastmodified`, `uuid`, `command_id`, `format_id`, `command_output`) VALUES (NULL, 1, '2014-07-10 00:01:13', '397bf14f-5dde-4196-a0a4-f042b05fca87', '41efbe1b-3fc7-4b24-9290-d0fb5d0ea9e9', '78328093-5779-47d3-983f-6603e5ea9c68', '.ifo');
INSERT INTO `fpr_format` (`uuid`, `description`, `group_id`, `slug`) VALUES ('cac155d1-d1e8-4037-9f80-cba226862e6b', 'Windows Setup File', '00abbdd0-51b3-4162-b93a-45deb4ed8654', 'windows-setup-file');
INSERT INTO `fpr_formatversion` (`replaces_id`, `enabled`, `lastmodified`, `uuid`, `format_id`, `version`, `pronom_id`, `description`, `access_format`, `preservation_format`, `slug`) VALUES (NULL, 1, '2014-07-10 00:01:13', '123027ef-daab-4058-809f-b7737b912920', 'cac155d1-d1e8-4037-9f80-cba226862e6b', NULL, 'x-fmt/420', 'Setup Information File 1', 0, 0, 'setup-information-file-1');
INSERT INTO `fpr_idrule` (`replaces_id`, `enabled`, `lastmodified`, `uuid`, `command_id`, `format_id`, `command_output`) VALUES (NULL, 1, '2014-07-10 00:01:13', '2a2d2fa1-35ea-48ff-a665-4acb9b5e4f3b', '41efbe1b-3fc7-4b24-9290-d0fb5d0ea9e9', '123027ef-daab-4058-809f-b7737b912920', '.inf');
INSERT INTO `fpr_format` (`uuid`, `description`, `group_id`, `slug`) VALUES ('22f06999-9f97-466f-84d0-c891e38d47c2', 'Text Configuration file', '00abbdd0-51b3-4162-b93a-45deb4ed8654', 'text-configuration-file');
INSERT INTO `fpr_formatversion` (`replaces_id`, `enabled`, `lastmodified`, `uuid`, `format_id`, `version`, `pronom_id`, `description`, `access_format`, `preservation_format`, `slug`) VALUES (NULL, 1, '2014-07-10 00:01:13', 'e9f1b4de-8c58-4f86-891d-7f138b177016', '22f06999-9f97-466f-84d0-c891e38d47c2', NULL, 'x-fmt/421', 'Text Configuration file', 0, 0, 'text-configuration-file');
INSERT INTO `fpr_idrule` (`replaces_id`, `enabled`, `lastmodified`, `uuid`, `command_id`, `format_id`, `command_output`) VALUES (NULL, 1, '2014-07-10 00:01:13', '2899f71f-96b5-45f4-9d7b-31b25125cb78', '41efbe1b-3fc7-4b24-9290-d0fb5d0ea9e9', 'e9f1b4de-8c58-4f86-891d-7f138b177016', '.ini');
INSERT INTO `fpr_format` (`uuid`, `description`, `group_id`, `slug`) VALUES ('cc8524cf-bbe9-49dd-b9ae-59e2c2d77a03', 'Java language source code file', '00abbdd0-51b3-4162-b93a-45deb4ed8654', 'java-language-source-code-file');
INSERT INTO `fpr_formatversion` (`replaces_id`, `enabled`, `lastmodified`, `uuid`, `format_id`, `version`, `pronom_id`, `description`, `access_format`, `preservation_format`, `slug`) VALUES (NULL, 1, '2014-07-10 00:01:13', 'b94d53f4-0369-4ead-a509-3af544569957', 'cc8524cf-bbe9-49dd-b9ae-59e2c2d77a03', NULL, 'x-fmt/422', 'Java language source code file', 0, 0, 'java-language-source-code-file');
INSERT INTO `fpr_idrule` (`replaces_id`, `enabled`, `lastmodified`, `uuid`, `command_id`, `format_id`, `command_output`) VALUES (NULL, 1, '2014-07-10 00:01:13', '884dfbf2-00ac-45bc-b35d-1c6a50a548e6', '41efbe1b-3fc7-4b24-9290-d0fb5d0ea9e9', 'b94d53f4-0369-4ead-a509-3af544569957', '.java');
INSERT INTO `fpr_format` (`uuid`, `description`, `group_id`, `slug`) VALUES ('bd427837-06d0-406a-9a68-7efd1268c5e2', 'JavaScript file', '00abbdd0-51b3-4162-b93a-45deb4ed8654', 'javascript-file');
INSERT INTO `fpr_formatversion` (`replaces_id`, `enabled`, `lastmodified`, `uuid`, `format_id`, `version`, `pronom_id`, `description`, `access_format`, `preservation_format`, `slug`) VALUES (NULL, 1, '2014-07-10 00:01:13', '6dcbab8b-9e10-4a5f-a3d8-0652f4062cc0', 'bd427837-06d0-406a-9a68-7efd1268c5e2', NULL, 'x-fmt/423', 'JavaScript file', 0, 0, 'javascript-file');
INSERT INTO `fpr_idrule` (`replaces_id`, `enabled`, `lastmodified`, `uuid`, `command_id`, `format_id`, `command_output`) VALUES (NULL, 1, '2014-07-10 00:01:13', '8cb02433-d4bd-4866-9d7d-21e9d93cff5d', '41efbe1b-3fc7-4b24-9290-d0fb5d0ea9e9', '6dcbab8b-9e10-4a5f-a3d8-0652f4062cc0', '.js');
INSERT INTO `fpr_format` (`uuid`, `description`, `group_id`, `slug`) VALUES ('dd292fa9-0ac3-44e5-bd26-781f959fb3dc', 'Deluxe Paint bitmap', '00abbdd0-51b3-4162-b93a-45deb4ed8654', 'deluxe-paint-bitmap');
INSERT INTO `fpr_formatversion` (`replaces_id`, `enabled`, `lastmodified`, `uuid`, `format_id`, `version`, `pronom_id`, `description`, `access_format`, `preservation_format`, `slug`) VALUES (NULL, 1, '2014-07-10 00:01:13', '906eeb0c-6613-4a68-953b-bcca187ff645', 'dd292fa9-0ac3-44e5-bd26-781f959fb3dc', NULL, 'x-fmt/424', 'Deluxe Paint bitmap', 0, 0, 'deluxe-paint-bitmap');
INSERT INTO `fpr_idrule` (`replaces_id`, `enabled`, `lastmodified`, `uuid`, `command_id`, `format_id`, `command_output`) VALUES (NULL, 1, '2014-07-10 00:01:13', '9587ec63-f060-4475-81e3-edf43eaa97ed', '41efbe1b-3fc7-4b24-9290-d0fb5d0ea9e9', '906eeb0c-6613-4a68-953b-bcca187ff645', '.lbm');
INSERT INTO `fpr_format` (`uuid`, `description`, `group_id`, `slug`) VALUES ('7f926ee4-e249-4d24-94a8-004af08b7af8', 'Generic Library File', '00abbdd0-51b3-4162-b93a-45deb4ed8654', 'generic-library-file');
INSERT INTO `fpr_formatversion` (`replaces_id`, `enabled`, `lastmodified`, `uuid`, `format_id`, `version`, `pronom_id`, `description`, `access_format`, `preservation_format`, `slug`) VALUES (NULL, 1, '2014-07-10 00:01:13', '29429334-11f7-4f40-97f5-3198d6b0e318', '7f926ee4-e249-4d24-94a8-004af08b7af8', NULL, 'x-fmt/425', 'Generic Library File', 0, 0, 'generic-library-file');
INSERT INTO `fpr_idrule` (`replaces_id`, `enabled`, `lastmodified`, `uuid`, `command_id`, `format_id`, `command_output`) VALUES (NULL, 1, '2014-07-10 00:01:13', '0fae9b11-22cb-4421-9aa9-db932b67e161', '41efbe1b-3fc7-4b24-9290-d0fb5d0ea9e9', '29429334-11f7-4f40-97f5-3198d6b0e318', '.lib');
INSERT INTO `fpr_format` (`uuid`, `description`, `group_id`, `slug`) VALUES ('4e18be58-755b-4ff0-a0b2-5583e5efb321', 'License file', '00abbdd0-51b3-4162-b93a-45deb4ed8654', 'license-file');
INSERT INTO `fpr_formatversion` (`replaces_id`, `enabled`, `lastmodified`, `uuid`, `format_id`, `version`, `pronom_id`, `description`, `access_format`, `preservation_format`, `slug`) VALUES (NULL, 1, '2014-07-10 00:01:13', 'b2dded23-f3b9-4fdc-946f-d6d7c5b35a30', '4e18be58-755b-4ff0-a0b2-5583e5efb321', NULL, 'x-fmt/426', 'License file', 0, 0, 'license-file');
INSERT INTO `fpr_idrule` (`replaces_id`, `enabled`, `lastmodified`, `uuid`, `command_id`, `format_id`, `command_output`) VALUES (NULL, 1, '2014-07-10 00:01:13', '4def4617-eb6b-4b4b-9ea6-8cb7820705d8', '41efbe1b-3fc7-4b24-9290-d0fb5d0ea9e9', 'b2dded23-f3b9-4fdc-946f-d6d7c5b35a30', '.lic');
INSERT INTO `fpr_format` (`uuid`, `description`, `group_id`, `slug`) VALUES ('79f71241-23c9-4c47-abf8-55431cb01897', 'Acrobat Language definition file', '00abbdd0-51b3-4162-b93a-45deb4ed8654', 'acrobat-language-definition-file');
INSERT INTO `fpr_formatversion` (`replaces_id`, `enabled`, `lastmodified`, `uuid`, `format_id`, `version`, `pronom_id`, `description`, `access_format`, `preservation_format`, `slug`) VALUES (NULL, 1, '2014-07-10 00:01:13', '1d49c9d9-c5c6-4682-ae1c-13b744484d22', '79f71241-23c9-4c47-abf8-55431cb01897', NULL, 'x-fmt/427', 'Acrobat Language definition file', 0, 0, 'acrobat-language-definition-file');
INSERT INTO `fpr_idrule` (`replaces_id`, `enabled`, `lastmodified`, `uuid`, `command_id`, `format_id`, `command_output`) VALUES (NULL, 1, '2014-07-10 00:01:13', '4e6d1319-f40f-462e-b20d-c9de34314903', '41efbe1b-3fc7-4b24-9290-d0fb5d0ea9e9', '1d49c9d9-c5c6-4682-ae1c-13b744484d22', '.lng');
INSERT INTO `fpr_format` (`uuid`, `description`, `group_id`, `slug`) VALUES ('e86390e1-465d-4ac2-940e-549685ca2de5', 'Microsoft Windows Shortcut', '00abbdd0-51b3-4162-b93a-45deb4ed8654', 'microsoft-windows-shortcut');
INSERT INTO `fpr_formatversion` (`replaces_id`, `enabled`, `lastmodified`, `uuid`, `format_id`, `version`, `pronom_id`, `description`, `access_format`, `preservation_format`, `slug`) VALUES (NULL, 1, '2014-07-10 00:01:13', 'b3e25da5-3de1-4aec-a620-d9f09ec43377', 'e86390e1-465d-4ac2-940e-549685ca2de5', NULL, 'x-fmt/428', 'Microsoft Windows Shortcut', 0, 0, 'microsoft-windows-shortcut');
INSERT INTO `fpr_idrule` (`replaces_id`, `enabled`, `lastmodified`, `uuid`, `command_id`, `format_id`, `command_output`) VALUES (NULL, 1, '2014-07-10 00:01:13', '5422efad-3a8b-4260-b199-565ea582b79b', '41efbe1b-3fc7-4b24-9290-d0fb5d0ea9e9', 'b3e25da5-3de1-4aec-a620-d9f09ec43377', '.lnk');
INSERT INTO `fpr_format` (`uuid`, `description`, `group_id`, `slug`) VALUES ('4f13e5be-12b5-44de-bcec-095a1f92dcaa', 'Microsoft Web Archive', '00abbdd0-51b3-4162-b93a-45deb4ed8654', 'microsoft-web-archive');
INSERT INTO `fpr_formatversion` (`replaces_id`, `enabled`, `lastmodified`, `uuid`, `format_id`, `version`, `pronom_id`, `description`, `access_format`, `preservation_format`, `slug`) VALUES (NULL, 1, '2014-07-10 00:01:13', '80a4ee09-4eea-4020-8d84-89d0909211c7', '4f13e5be-12b5-44de-bcec-095a1f92dcaa', NULL, 'x-fmt/429', 'Microsoft Web Archive', 0, 0, 'microsoft-web-archive');
INSERT INTO `fpr_idrule` (`replaces_id`, `enabled`, `lastmodified`, `uuid`, `command_id`, `format_id`, `command_output`) VALUES (NULL, 1, '2014-07-10 00:01:13', '92f5ac29-4ce7-405f-a88b-5cc47dee402d', '41efbe1b-3fc7-4b24-9290-d0fb5d0ea9e9', '80a4ee09-4eea-4020-8d84-89d0909211c7', '.mht');
INSERT INTO `fpr_format` (`uuid`, `description`, `group_id`, `slug`) VALUES ('22067abb-30a2-4a6c-97b1-ba2d8efd812d', 'Microsoft Outlook Email Message', '00abbdd0-51b3-4162-b93a-45deb4ed8654', 'microsoft-outlook-email-message');
INSERT INTO `fpr_formatversion` (`replaces_id`, `enabled`, `lastmodified`, `uuid`, `format_id`, `version`, `pronom_id`, `description`, `access_format`, `preservation_format`, `slug`) VALUES (NULL, 1, '2014-07-10 00:01:13', '179db6f9-18e9-492b-9928-6faff9d27333', '22067abb-30a2-4a6c-97b1-ba2d8efd812d', '97-2003', 'x-fmt/430', 'Outlook Message Format', 0, 0, 'outlook-message-format');
INSERT INTO `fpr_idrule` (`replaces_id`, `enabled`, `lastmodified`, `uuid`, `command_id`, `format_id`, `command_output`) VALUES (NULL, 1, '2014-07-10 00:01:13', '21243661-bd33-4da6-87f7-d43b518a846c', '41efbe1b-3fc7-4b24-9290-d0fb5d0ea9e9', '179db6f9-18e9-492b-9928-6faff9d27333', '.msg');
INSERT INTO `fpr_format` (`uuid`, `description`, `group_id`, `slug`) VALUES ('461048f3-6a5d-428e-bd46-63937c2f9d82', 'EBCDIC-US', '00abbdd0-51b3-4162-b93a-45deb4ed8654', 'ebcdic-us');
INSERT INTO `fpr_formatversion` (`replaces_id`, `enabled`, `lastmodified`, `uuid`, `format_id`, `version`, `pronom_id`, `description`, `access_format`, `preservation_format`, `slug`) VALUES (NULL, 1, '2014-07-10 00:01:13', '14921ff3-e163-47f2-9a97-29df38fffdac', '461048f3-6a5d-428e-bd46-63937c2f9d82', NULL, 'fmt/159', 'EBCDIC-US', 0, 0, 'ebcdic-us');
INSERT INTO `fpr_idrule` (`replaces_id`, `enabled`, `lastmodified`, `uuid`, `command_id`, `format_id`, `command_output`) VALUES (NULL, 1, '2014-07-10 00:01:13', '09fecba4-241b-4719-b0d7-b53f5d3ad48e', '41efbe1b-3fc7-4b24-9290-d0fb5d0ea9e9', '14921ff3-e163-47f2-9a97-29df38fffdac', '.ebcdic');
INSERT INTO `fpr_format` (`uuid`, `description`, `group_id`, `slug`) VALUES ('302c521b-8ca8-480a-adde-254ae3706ed5', '3DM', '00abbdd0-51b3-4162-b93a-45deb4ed8654', '3dm');
INSERT INTO `fpr_formatversion` (`replaces_id`, `enabled`, `lastmodified`, `uuid`, `format_id`, `version`, `pronom_id`, `description`, `access_format`, `preservation_format`, `slug`) VALUES (NULL, 1, '2014-07-10 00:01:13', '3b8c1e49-e455-4c0f-a1e7-c822b948a47c', '302c521b-8ca8-480a-adde-254ae3706ed5', '4', 'x-fmt/432', '3DM 4', 0, 0, '3dm-4');
INSERT INTO `fpr_idrule` (`replaces_id`, `enabled`, `lastmodified`, `uuid`, `command_id`, `format_id`, `command_output`) VALUES (NULL, 1, '2014-07-10 00:01:13', '6409f959-b368-46b8-b3f7-d48374c601ea', '41efbe1b-3fc7-4b24-9290-d0fb5d0ea9e9', '3b8c1e49-e455-4c0f-a1e7-c822b948a47c', '.3dm');
INSERT INTO `fpr_formatversion` (`replaces_id`, `enabled`, `lastmodified`, `uuid`, `format_id`, `version`, `pronom_id`, `description`, `access_format`, `preservation_format`, `slug`) VALUES (NULL, 1, '2014-07-10 00:01:13', '40d669e0-6f65-48ea-91e7-d6a0ba780904', '302c521b-8ca8-480a-adde-254ae3706ed5', '1', 'x-fmt/433', '3DM 1', 0, 0, '3dm-1');
INSERT INTO `fpr_formatversion` (`replaces_id`, `enabled`, `lastmodified`, `uuid`, `format_id`, `version`, `pronom_id`, `description`, `access_format`, `preservation_format`, `slug`) VALUES (NULL, 1, '2014-07-10 00:01:13', '501d9b11-4317-4c0a-8831-4c4d721e9150', '302c521b-8ca8-480a-adde-254ae3706ed5', '2', 'x-fmt/434', '3DM 2', 0, 0, '3dm-2');
INSERT INTO `fpr_formatversion` (`replaces_id`, `enabled`, `lastmodified`, `uuid`, `format_id`, `version`, `pronom_id`, `description`, `access_format`, `preservation_format`, `slug`) VALUES (NULL, 1, '2014-07-10 00:01:13', '592d072f-fca2-4079-8b75-7d45b831786b', '302c521b-8ca8-480a-adde-254ae3706ed5', '3', 'x-fmt/435', '3DM 3', 0, 0, '3dm-3');
INSERT INTO `fpr_format` (`uuid`, `description`, `group_id`, `slug`) VALUES ('5ca22af7-d755-447b-9c2b-84b34f64b832', 'CATIA Model', '00abbdd0-51b3-4162-b93a-45deb4ed8654', 'catia-model');
INSERT INTO `fpr_formatversion` (`replaces_id`, `enabled`, `lastmodified`, `uuid`, `format_id`, `version`, `pronom_id`, `description`, `access_format`, `preservation_format`, `slug`) VALUES (NULL, 1, '2014-07-10 00:01:13', '75400c3f-6e50-42e3-b977-541e17ea2ccf', '5ca22af7-d755-447b-9c2b-84b34f64b832', '4', 'x-fmt/436', 'CATIA Model V4', 0, 0, 'catia-model-v4');
INSERT INTO `fpr_idrule` (`replaces_id`, `enabled`, `lastmodified`, `uuid`, `command_id`, `format_id`, `command_output`) VALUES (NULL, 1, '2014-07-10 00:01:13', 'edc491fe-9fd9-4a1d-ba70-18cce438da74', '41efbe1b-3fc7-4b24-9290-d0fb5d0ea9e9', '75400c3f-6e50-42e3-b977-541e17ea2ccf', '.mod');
INSERT INTO `fpr_format` (`uuid`, `description`, `group_id`, `slug`) VALUES ('33c1aa25-bdf0-4526-b5ad-4e639a68065d', 'CATIA Project', '00abbdd0-51b3-4162-b93a-45deb4ed8654', 'catia-project');
INSERT INTO `fpr_formatversion` (`replaces_id`, `enabled`, `lastmodified`, `uuid`, `format_id`, `version`, `pronom_id`, `description`, `access_format`, `preservation_format`, `slug`) VALUES (NULL, 1, '2014-07-10 00:01:13', '5ee7bdfe-d7f4-4d0b-8513-064cb3ad13a5', '33c1aa25-bdf0-4526-b5ad-4e639a68065d', '4', 'x-fmt/437', 'CATIA Project', 0, 0, 'catia-project');
INSERT INTO `fpr_idrule` (`replaces_id`, `enabled`, `lastmodified`, `uuid`, `command_id`, `format_id`, `command_output`) VALUES (NULL, 1, '2014-07-10 00:01:13', '3df3dc64-aab1-4743-9a7a-72f18b1c1ab0', '41efbe1b-3fc7-4b24-9290-d0fb5d0ea9e9', '5ee7bdfe-d7f4-4d0b-8513-064cb3ad13a5', '.project');
INSERT INTO `fpr_format` (`uuid`, `description`, `group_id`, `slug`) VALUES ('0addcf78-fdea-47a8-ae1e-0a03e37bb156', 'CATIA', '00abbdd0-51b3-4162-b93a-45deb4ed8654', 'catia');
INSERT INTO `fpr_formatversion` (`replaces_id`, `enabled`, `lastmodified`, `uuid`, `format_id`, `version`, `pronom_id`, `description`, `access_format`, `preservation_format`, `slug`) VALUES (NULL, 1, '2014-07-10 00:01:13', 'ba287d05-29bc-4499-86c1-88e397e9c36a', '0addcf78-fdea-47a8-ae1e-0a03e37bb156', '5', 'x-fmt/438', 'CATIA Material Description V5', 0, 0, 'catia-material-description-v5');
INSERT INTO `fpr_idrule` (`replaces_id`, `enabled`, `lastmodified`, `uuid`, `command_id`, `format_id`, `command_output`) VALUES (NULL, 1, '2014-07-10 00:01:13', '972ee537-c1b5-475c-9801-d1489d56974d', '41efbe1b-3fc7-4b24-9290-d0fb5d0ea9e9', 'ba287d05-29bc-4499-86c1-88e397e9c36a', '.catmaterial');
INSERT INTO `fpr_format` (`uuid`, `description`, `group_id`, `slug`) VALUES ('077c423d-fc2d-4131-bc29-a6273faef518', 'CATIA Model (Part Description)', '00abbdd0-51b3-4162-b93a-45deb4ed8654', 'catia-model-part-description');
INSERT INTO `fpr_formatversion` (`replaces_id`, `enabled`, `lastmodified`, `uuid`, `format_id`, `version`, `pronom_id`, `description`, `access_format`, `preservation_format`, `slug`) VALUES (NULL, 1, '2014-07-10 00:01:13', '802b27d0-1554-4c3b-84f5-3df3b9602cf4', '077c423d-fc2d-4131-bc29-a6273faef518', '5', 'x-fmt/439', 'CATIA Part Description V5', 0, 0, 'catia-part-description-v5');
INSERT INTO `fpr_idrule` (`replaces_id`, `enabled`, `lastmodified`, `uuid`, `command_id`, `format_id`, `command_output`) VALUES (NULL, 1, '2014-07-10 00:01:13', '5ee281c2-3655-454a-83c8-554c60c181a6', '41efbe1b-3fc7-4b24-9290-d0fb5d0ea9e9', '802b27d0-1554-4c3b-84f5-3df3b9602cf4', '.catpart');
INSERT INTO `fpr_format` (`uuid`, `description`, `group_id`, `slug`) VALUES ('7fe9677e-a695-4ad0-97df-785413e9c36e', 'CATIA Product Description', '00abbdd0-51b3-4162-b93a-45deb4ed8654', 'catia-product-description');
INSERT INTO `fpr_formatversion` (`replaces_id`, `enabled`, `lastmodified`, `uuid`, `format_id`, `version`, `pronom_id`, `description`, `access_format`, `preservation_format`, `slug`) VALUES (NULL, 1, '2014-07-10 00:01:13', '3c4ca912-8006-4142-a802-a86d66dde9ce', '7fe9677e-a695-4ad0-97df-785413e9c36e', '5', 'x-fmt/440', 'CATIA Product Description V5', 0, 0, 'catia-product-description-v5');
INSERT INTO `fpr_idrule` (`replaces_id`, `enabled`, `lastmodified`, `uuid`, `command_id`, `format_id`, `command_output`) VALUES (NULL, 1, '2014-07-10 00:01:13', 'e356bdf9-4f26-4029-b10d-96c9c44b5678', '41efbe1b-3fc7-4b24-9290-d0fb5d0ea9e9', '3c4ca912-8006-4142-a802-a86d66dde9ce', '.catproduct');
INSERT INTO `fpr_format` (`uuid`, `description`, `group_id`, `slug`) VALUES ('c256ed06-95b6-4db4-a798-8666a049e2a3', 'AutoCAD Database File Locking Information', '00abbdd0-51b3-4162-b93a-45deb4ed8654', 'autocad-database-file-locking-information');
INSERT INTO `fpr_formatversion` (`replaces_id`, `enabled`, `lastmodified`, `uuid`, `format_id`, `version`, `pronom_id`, `description`, `access_format`, `preservation_format`, `slug`) VALUES (NULL, 1, '2014-07-10 00:01:13', '42e1f960-2d0c-4827-853f-a6bcb2da13f5', 'c256ed06-95b6-4db4-a798-8666a049e2a3', NULL, 'x-fmt/441', 'AutoCAD Database File Locking Information', 0, 0, 'autocad-database-file-locking-information');
INSERT INTO `fpr_idrule` (`replaces_id`, `enabled`, `lastmodified`, `uuid`, `command_id`, `format_id`, `command_output`) VALUES (NULL, 1, '2014-07-10 00:01:13', 'd42abb6d-ad45-4cbc-8ff1-1340b628fc86', '41efbe1b-3fc7-4b24-9290-d0fb5d0ea9e9', '42e1f960-2d0c-4827-853f-a6bcb2da13f5', '.dwl');
INSERT INTO `fpr_format` (`uuid`, `description`, `group_id`, `slug`) VALUES ('29ec991d-a88d-480a-a562-f53b80fcb142', 'form*Z Project File', '00abbdd0-51b3-4162-b93a-45deb4ed8654', 'formz-project-file');
INSERT INTO `fpr_formatversion` (`replaces_id`, `enabled`, `lastmodified`, `uuid`, `format_id`, `version`, `pronom_id`, `description`, `access_format`, `preservation_format`, `slug`) VALUES (NULL, 1, '2014-07-10 00:01:13', '55dc26eb-ec0a-4fd0-bb26-2551d48677a2', '29ec991d-a88d-480a-a562-f53b80fcb142', NULL, 'x-fmt/442', 'form*Z Project File', 0, 0, 'formz-project-file');
INSERT INTO `fpr_idrule` (`replaces_id`, `enabled`, `lastmodified`, `uuid`, `command_id`, `format_id`, `command_output`) VALUES (NULL, 1, '2014-07-10 00:01:13', '8760f85c-edd4-4a15-864e-a4f6eaf2d5b4', '41efbe1b-3fc7-4b24-9290-d0fb5d0ea9e9', '55dc26eb-ec0a-4fd0-bb26-2551d48677a2', '.fmz');
INSERT INTO `fpr_format` (`uuid`, `description`, `group_id`, `slug`) VALUES ('76c22204-f2d4-48bb-bbb8-4c7ec81bcdb7', 'Revit Family File', '00abbdd0-51b3-4162-b93a-45deb4ed8654', 'revit-family-file');
INSERT INTO `fpr_formatversion` (`replaces_id`, `enabled`, `lastmodified`, `uuid`, `format_id`, `version`, `pronom_id`, `description`, `access_format`, `preservation_format`, `slug`) VALUES (NULL, 1, '2014-07-10 00:01:13', '24189b4a-26c5-4f8e-b400-10af77c57acc', '76c22204-f2d4-48bb-bbb8-4c7ec81bcdb7', NULL, 'x-fmt/443', 'Revit Family File', 0, 0, 'revit-family-file');
INSERT INTO `fpr_idrule` (`replaces_id`, `enabled`, `lastmodified`, `uuid`, `command_id`, `format_id`, `command_output`) VALUES (NULL, 1, '2014-07-10 00:01:13', '8e48aac0-70ec-4947-9c39-9c01a9bc5d63', '41efbe1b-3fc7-4b24-9290-d0fb5d0ea9e9', '24189b4a-26c5-4f8e-b400-10af77c57acc', '.rfa');
INSERT INTO `fpr_format` (`uuid`, `description`, `group_id`, `slug`) VALUES ('4acfd1a2-2db7-46d3-91d1-ffab6d63a186', 'Revit Family Template', '00abbdd0-51b3-4162-b93a-45deb4ed8654', 'revit-family-template');
INSERT INTO `fpr_formatversion` (`replaces_id`, `enabled`, `lastmodified`, `uuid`, `format_id`, `version`, `pronom_id`, `description`, `access_format`, `preservation_format`, `slug`) VALUES (NULL, 1, '2014-07-10 00:01:13', 'ff53de38-2b4a-4f40-a0fb-2e6c6ab50c89', '4acfd1a2-2db7-46d3-91d1-ffab6d63a186', NULL, 'x-fmt/444', 'Revit Family Template', 0, 0, 'revit-family-template');
INSERT INTO `fpr_format` (`uuid`, `description`, `group_id`, `slug`) VALUES ('fcd1ea5b-67de-4465-af37-66993b8f8afb', 'Revit Template', '00abbdd0-51b3-4162-b93a-45deb4ed8654', 'revit-template');
INSERT INTO `fpr_formatversion` (`replaces_id`, `enabled`, `lastmodified`, `uuid`, `format_id`, `version`, `pronom_id`, `description`, `access_format`, `preservation_format`, `slug`) VALUES (NULL, 1, '2014-07-10 00:01:13', '5c97bb99-0ca1-49f2-8621-847460e00bce', 'fcd1ea5b-67de-4465-af37-66993b8f8afb', NULL, 'x-fmt/445', 'Revit Template', 0, 0, 'revit-template');
INSERT INTO `fpr_idrule` (`replaces_id`, `enabled`, `lastmodified`, `uuid`, `command_id`, `format_id`, `command_output`) VALUES (NULL, 1, '2014-07-10 00:01:13', '4a932a46-d184-4219-bba1-b55d5ff62f61', '41efbe1b-3fc7-4b24-9290-d0fb5d0ea9e9', '5c97bb99-0ca1-49f2-8621-847460e00bce', '.rte');
INSERT INTO `fpr_format` (`uuid`, `description`, `group_id`, `slug`) VALUES ('009a5bf6-9744-421e-b669-391609c75b9d', 'Revit External Group', '00abbdd0-51b3-4162-b93a-45deb4ed8654', 'revit-external-group');
INSERT INTO `fpr_formatversion` (`replaces_id`, `enabled`, `lastmodified`, `uuid`, `format_id`, `version`, `pronom_id`, `description`, `access_format`, `preservation_format`, `slug`) VALUES (NULL, 1, '2014-07-10 00:01:13', '4c3fdbdd-be38-4f4f-910f-7f8db63d1c23', '009a5bf6-9744-421e-b669-391609c75b9d', NULL, 'x-fmt/446', 'Revit External Group', 0, 0, 'revit-external-group');
INSERT INTO `fpr_idrule` (`replaces_id`, `enabled`, `lastmodified`, `uuid`, `command_id`, `format_id`, `command_output`) VALUES (NULL, 1, '2014-07-10 00:01:13', '13bb5f24-a4ad-4e0b-88e1-c77fb0c85f97', '41efbe1b-3fc7-4b24-9290-d0fb5d0ea9e9', '4c3fdbdd-be38-4f4f-910f-7f8db63d1c23', '.rvg');
INSERT INTO `fpr_format` (`uuid`, `description`, `group_id`, `slug`) VALUES ('808f1fda-a6a5-4195-ad34-dd14ca9d3c6d', 'Revit Project', '00abbdd0-51b3-4162-b93a-45deb4ed8654', 'revit-project');
INSERT INTO `fpr_formatversion` (`replaces_id`, `enabled`, `lastmodified`, `uuid`, `format_id`, `version`, `pronom_id`, `description`, `access_format`, `preservation_format`, `slug`) VALUES (NULL, 1, '2014-07-10 00:01:13', 'dda52a70-0b6c-4bf0-8343-8a5f99125d96', '808f1fda-a6a5-4195-ad34-dd14ca9d3c6d', NULL, 'x-fmt/447', 'Revit Project', 0, 0, 'revit-project');
INSERT INTO `fpr_idrule` (`replaces_id`, `enabled`, `lastmodified`, `uuid`, `command_id`, `format_id`, `command_output`) VALUES (NULL, 1, '2014-07-10 00:01:13', '7e61afc2-6927-4136-a510-b05d5f91d26a', '41efbe1b-3fc7-4b24-9290-d0fb5d0ea9e9', 'dda52a70-0b6c-4bf0-8343-8a5f99125d96', '.rvt');
INSERT INTO `fpr_format` (`uuid`, `description`, `group_id`, `slug`) VALUES ('a35eb5c1-2054-4535-8cb5-b93e987f89c4', 'Revit Workspace', '00abbdd0-51b3-4162-b93a-45deb4ed8654', 'revit-workspace');
INSERT INTO `fpr_formatversion` (`replaces_id`, `enabled`, `lastmodified`, `uuid`, `format_id`, `version`, `pronom_id`, `description`, `access_format`, `preservation_format`, `slug`) VALUES (NULL, 1, '2014-07-10 00:01:13', 'db13c3df-1f56-4e25-8bb8-720e70a84264', 'a35eb5c1-2054-4535-8cb5-b93e987f89c4', NULL, 'x-fmt/448', 'Revit Workspace', 0, 0, 'revit-workspace');
INSERT INTO `fpr_idrule` (`replaces_id`, `enabled`, `lastmodified`, `uuid`, `command_id`, `format_id`, `command_output`) VALUES (NULL, 1, '2014-07-10 00:01:13', '5a470738-d880-4bcf-98d5-600fd76cf6aa', '41efbe1b-3fc7-4b24-9290-d0fb5d0ea9e9', 'db13c3df-1f56-4e25-8bb8-720e70a84264', '.rws');
INSERT INTO `fpr_format` (`uuid`, `description`, `group_id`, `slug`) VALUES ('9b7e4049-0caf-4422-8598-eb9074f6f57c', 'Steel Detailing Neutral Format', '00abbdd0-51b3-4162-b93a-45deb4ed8654', 'steel-detailing-neutral-format');
INSERT INTO `fpr_formatversion` (`replaces_id`, `enabled`, `lastmodified`, `uuid`, `format_id`, `version`, `pronom_id`, `description`, `access_format`, `preservation_format`, `slug`) VALUES (NULL, 1, '2014-07-10 00:01:13', '1a4c75de-31c5-4ba6-a63a-6a6bc0c2c221', '9b7e4049-0caf-4422-8598-eb9074f6f57c', NULL, 'x-fmt/449', 'Steel Detailing Neutral Format', 0, 0, 'steel-detailing-neutral-format');
INSERT INTO `fpr_idrule` (`replaces_id`, `enabled`, `lastmodified`, `uuid`, `command_id`, `format_id`, `command_output`) VALUES (NULL, 1, '2014-07-10 00:01:13', 'a6be7aaf-b465-4973-bf10-6e557aa9f3dd', '41efbe1b-3fc7-4b24-9290-d0fb5d0ea9e9', '1a4c75de-31c5-4ba6-a63a-6a6bc0c2c221', '.sdn');
INSERT INTO `fpr_format` (`uuid`, `description`, `group_id`, `slug`) VALUES ('03e5f908-4a64-4374-ab63-ac11e5e7ebd5', 'Adobe InDesign Document', '00abbdd0-51b3-4162-b93a-45deb4ed8654', 'adobe-indesign-document');
INSERT INTO `fpr_formatversion` (`replaces_id`, `enabled`, `lastmodified`, `uuid`, `format_id`, `version`, `pronom_id`, `description`, `access_format`, `preservation_format`, `slug`) VALUES (NULL, 1, '2014-07-10 00:01:13', '9a5a1f05-a12d-427c-8d8b-5ffc39f02612', '03e5f908-4a64-4374-ab63-ac11e5e7ebd5', 'Generic', 'x-fmt/450', 'Adobe InDesign Document Generic', 0, 0, 'adobe-indesign-document-generic');
INSERT INTO `fpr_idrule` (`replaces_id`, `enabled`, `lastmodified`, `uuid`, `command_id`, `format_id`, `command_output`) VALUES (NULL, 1, '2014-07-10 00:01:13', 'bd3619a8-73de-4240-b77e-85ef3d6f6ab5', '41efbe1b-3fc7-4b24-9290-d0fb5d0ea9e9', '9a5a1f05-a12d-427c-8d8b-5ffc39f02612', '.ind');
INSERT INTO `fpr_format` (`uuid`, `description`, `group_id`, `slug`) VALUES ('2dae8985-8d4f-42de-91e5-c6bca3af3deb', 'SketchUp Document', '00abbdd0-51b3-4162-b93a-45deb4ed8654', 'sketchup-document');
INSERT INTO `fpr_formatversion` (`replaces_id`, `enabled`, `lastmodified`, `uuid`, `format_id`, `version`, `pronom_id`, `description`, `access_format`, `preservation_format`, `slug`) VALUES (NULL, 1, '2014-07-10 00:01:13', 'be14d9f6-3336-42d7-96c5-2845c6675b10', '2dae8985-8d4f-42de-91e5-c6bca3af3deb', NULL, 'x-fmt/451', 'Google SketchUp Document', 0, 0, 'google-sketchup-document');
INSERT INTO `fpr_idrule` (`replaces_id`, `enabled`, `lastmodified`, `uuid`, `command_id`, `format_id`, `command_output`) VALUES (NULL, 1, '2014-07-10 00:01:13', '82bbd332-0633-445a-b4c4-9f4c8f8382e7', '41efbe1b-3fc7-4b24-9290-d0fb5d0ea9e9', 'be14d9f6-3336-42d7-96c5-2845c6675b10', '.skb');
INSERT INTO `fpr_formatversion` (`replaces_id`, `enabled`, `lastmodified`, `uuid`, `format_id`, `version`, `pronom_id`, `description`, `access_format`, `preservation_format`, `slug`) VALUES (NULL, 1, '2014-07-10 00:01:13', 'c7136d0c-0516-4b06-96f5-1a7fc20e84f9', '2dae8985-8d4f-42de-91e5-c6bca3af3deb', NULL, 'x-fmt/452', 'SketchUp Document', 0, 0, 'sketchup-document');
INSERT INTO `fpr_format` (`uuid`, `description`, `group_id`, `slug`) VALUES ('3c89be97-0f55-4545-bf61-fee93bd92507', 'TrueType Font', '00abbdd0-51b3-4162-b93a-45deb4ed8654', 'truetype-font');
INSERT INTO `fpr_formatversion` (`replaces_id`, `enabled`, `lastmodified`, `uuid`, `format_id`, `version`, `pronom_id`, `description`, `access_format`, `preservation_format`, `slug`) VALUES (NULL, 1, '2014-07-10 00:01:13', '05c32fd4-3afc-4d93-998b-ba55ed8d46b0', '3c89be97-0f55-4545-bf61-fee93bd92507', NULL, 'x-fmt/453', 'TrueType Font', 0, 0, 'truetype-font');
INSERT INTO `fpr_idrule` (`replaces_id`, `enabled`, `lastmodified`, `uuid`, `command_id`, `format_id`, `command_output`) VALUES (NULL, 1, '2014-07-10 00:01:13', '1db71e6a-ca11-4c71-8920-2acbd2db9574', '41efbe1b-3fc7-4b24-9290-d0fb5d0ea9e9', '05c32fd4-3afc-4d93-998b-ba55ed8d46b0', '.ttf');
INSERT INTO `fpr_format` (`uuid`, `description`, `group_id`, `slug`) VALUES ('f7ca29d0-91aa-4fbe-97d9-25a918822465', 'Microsoft Internet Shortcut', '00abbdd0-51b3-4162-b93a-45deb4ed8654', 'microsoft-internet-shortcut');
INSERT INTO `fpr_formatversion` (`replaces_id`, `enabled`, `lastmodified`, `uuid`, `format_id`, `version`, `pronom_id`, `description`, `access_format`, `preservation_format`, `slug`) VALUES (NULL, 1, '2014-07-10 00:01:13', '04444506-55f7-4518-89c2-a4e2fe0adec3', 'f7ca29d0-91aa-4fbe-97d9-25a918822465', NULL, 'x-fmt/454', 'Microsoft Windows URL', 0, 0, 'microsoft-windows-url');
INSERT INTO `fpr_idrule` (`replaces_id`, `enabled`, `lastmodified`, `uuid`, `command_id`, `format_id`, `command_output`) VALUES (NULL, 1, '2014-07-10 00:01:13', '2a5bbaca-cb2f-42ee-b284-74011de1c9be', '41efbe1b-3fc7-4b24-9290-d0fb5d0ea9e9', '04444506-55f7-4518-89c2-a4e2fe0adec3', '.url');
INSERT INTO `fpr_formatversion` (`replaces_id`, `enabled`, `lastmodified`, `uuid`, `format_id`, `version`, `pronom_id`, `description`, `access_format`, `preservation_format`, `slug`) VALUES (NULL, 1, '2014-07-10 00:01:13', '0ea86329-88b9-4479-a417-184cef563c46', 'd8220665-e552-4c19-8536-0fb4b0b3de7e', '2007-2008', 'x-fmt/455', 'AutoCAD Drawing Format 2007-2008', 0, 0, 'autocad-drawing-format-2007-2008');
INSERT INTO `fpr_format` (`uuid`, `description`, `group_id`, `slug`) VALUES ('c1f2a84f-fd6b-40de-8d7c-dd2bae449232', 'SIARD (Software-Independent Archiving of Relational Databases)', '00abbdd0-51b3-4162-b93a-45deb4ed8654', 'siard-software-independent-archiving-of-relational');
INSERT INTO `fpr_formatversion` (`replaces_id`, `enabled`, `lastmodified`, `uuid`, `format_id`, `version`, `pronom_id`, `description`, `access_format`, `preservation_format`, `slug`) VALUES (NULL, 1, '2014-07-10 00:01:13', '49b446e5-9988-4f2f-b738-a0faeb1763b0', 'c1f2a84f-fd6b-40de-8d7c-dd2bae449232', '1.0', 'fmt/161', 'SIARD', 0, 0, 'siard');
INSERT INTO `fpr_idrule` (`replaces_id`, `enabled`, `lastmodified`, `uuid`, `command_id`, `format_id`, `command_output`) VALUES (NULL, 1, '2014-07-10 00:01:13', 'b07f65f3-8e7a-4f4d-8f6b-1c81e60e8190', '41efbe1b-3fc7-4b24-9290-d0fb5d0ea9e9', '49b446e5-9988-4f2f-b738-a0faeb1763b0', '.siard');
INSERT INTO `fpr_format` (`uuid`, `description`, `group_id`, `slug`) VALUES ('055877fe-65fe-4709-a054-205ef8725db5', 'Microsoft Excel for Macintosh', '00abbdd0-51b3-4162-b93a-45deb4ed8654', 'microsoft-excel-for-macintosh');
INSERT INTO `fpr_formatversion` (`replaces_id`, `enabled`, `lastmodified`, `uuid`, `format_id`, `version`, `pronom_id`, `description`, `access_format`, `preservation_format`, `slug`) VALUES (NULL, 1, '2014-07-10 00:01:14', '8ecb591c-c8e9-49b0-ab03-6de2d92fcc76', '055877fe-65fe-4709-a054-205ef8725db5', '3.0', 'fmt/172', 'Microsoft Excel for Macintosh', 0, 0, 'microsoft-excel-for-macintosh');
INSERT INTO `fpr_formatversion` (`replaces_id`, `enabled`, `lastmodified`, `uuid`, `format_id`, `version`, `pronom_id`, `description`, `access_format`, `preservation_format`, `slug`) VALUES (NULL, 1, '2014-07-10 00:01:14', 'c9d4f7a9-6dbd-4f39-8238-bc0250741dcd', '055877fe-65fe-4709-a054-205ef8725db5', '4.0', 'fmt/173', 'Microsoft Excel for Macintosh', 0, 0, 'microsoft-excel-for-macintosh-2');
INSERT INTO `fpr_formatversion` (`replaces_id`, `enabled`, `lastmodified`, `uuid`, `format_id`, `version`, `pronom_id`, `description`, `access_format`, `preservation_format`, `slug`) VALUES (NULL, 1, '2014-07-10 00:01:14', '0fad30c5-11ea-4841-baae-22cd4dee0509', '055877fe-65fe-4709-a054-205ef8725db5', '98', 'fmt/174', 'Microsoft Excel for Macintosh', 0, 0, 'microsoft-excel-for-macintosh-3');
INSERT INTO `fpr_formatversion` (`replaces_id`, `enabled`, `lastmodified`, `uuid`, `format_id`, `version`, `pronom_id`, `description`, `access_format`, `preservation_format`, `slug`) VALUES (NULL, 1, '2014-07-10 00:01:14', '3a6e2db4-9d4d-425f-92b2-e0ac3a3940e1', '055877fe-65fe-4709-a054-205ef8725db5', '2001', 'fmt/175', 'Microsoft Excel for Macintosh', 0, 0, 'microsoft-excel-for-macintosh-4');
INSERT INTO `fpr_formatversion` (`replaces_id`, `enabled`, `lastmodified`, `uuid`, `format_id`, `version`, `pronom_id`, `description`, `access_format`, `preservation_format`, `slug`) VALUES (NULL, 1, '2014-07-10 00:01:14', '5024b51d-66ac-4483-8d36-77745e214c22', '055877fe-65fe-4709-a054-205ef8725db5', '2002', 'fmt/176', 'Microsoft Excel for Macintosh', 0, 0, 'microsoft-excel-for-macintosh-5');
INSERT INTO `fpr_formatversion` (`replaces_id`, `enabled`, `lastmodified`, `uuid`, `format_id`, `version`, `pronom_id`, `description`, `access_format`, `preservation_format`, `slug`) VALUES (NULL, 1, '2014-07-10 00:01:14', 'd9384484-55a9-4ade-8759-2460dfe3a72b', '055877fe-65fe-4709-a054-205ef8725db5', '2004', 'fmt/177', 'Microsoft Excel for Macintosh', 0, 0, 'microsoft-excel-for-macintosh-6');
INSERT INTO `fpr_format` (`uuid`, `description`, `group_id`, `slug`) VALUES ('28fdb139-1a0f-4d21-87b3-4ba3c4383f1d', 'Microsoft Multiplan', '00abbdd0-51b3-4162-b93a-45deb4ed8654', 'microsoft-multiplan');
INSERT INTO `fpr_formatversion` (`replaces_id`, `enabled`, `lastmodified`, `uuid`, `format_id`, `version`, `pronom_id`, `description`, `access_format`, `preservation_format`, `slug`) VALUES (NULL, 1, '2014-07-10 00:01:14', 'd4d6042c-00c8-46df-93cc-365789ec2816', '28fdb139-1a0f-4d21-87b3-4ba3c4383f1d', '4.0', 'fmt/162', 'Microsoft Multiplan', 0, 0, 'microsoft-multiplan');
INSERT INTO `fpr_format` (`uuid`, `description`, `group_id`, `slug`) VALUES ('c67a7ab6-4c1b-4c90-aa68-1bae35530002', 'Microsoft Works Word Processor for DOS', '00abbdd0-51b3-4162-b93a-45deb4ed8654', 'microsoft-works-word-processor-for-dos');
INSERT INTO `fpr_formatversion` (`replaces_id`, `enabled`, `lastmodified`, `uuid`, `format_id`, `version`, `pronom_id`, `description`, `access_format`, `preservation_format`, `slug`) VALUES (NULL, 1, '2014-07-10 00:01:14', '83d92a04-bfa1-41e5-8461-c287f4e25e0a', 'c67a7ab6-4c1b-4c90-aa68-1bae35530002', '1.12', 'fmt/164', 'Microsoft Works Word Processor for DOS', 0, 0, 'microsoft-works-word-processor-for-dos');
INSERT INTO `fpr_formatversion` (`replaces_id`, `enabled`, `lastmodified`, `uuid`, `format_id`, `version`, `pronom_id`, `description`, `access_format`, `preservation_format`, `slug`) VALUES (NULL, 1, '2014-07-10 00:01:14', 'ffd73d5d-cc15-43b8-b338-10caaccd204d', 'c67a7ab6-4c1b-4c90-aa68-1bae35530002', '2.0', 'fmt/165', 'Microsoft Works Word Processor for DOS', 0, 0, 'microsoft-works-word-processor-for-dos-2');
INSERT INTO `fpr_formatversion` (`replaces_id`, `enabled`, `lastmodified`, `uuid`, `format_id`, `version`, `pronom_id`, `description`, `access_format`, `preservation_format`, `slug`) VALUES (NULL, 1, '2014-07-10 00:01:14', '052b275d-d927-4315-8860-2724b652ebce', '8a7e4beb-9bf7-4083-aa73-0e87fd0a670b', '1-5', 'fmt/166', 'Microsoft Works Spreadsheet 1-5', 0, 0, 'microsoft-works-spreadsheet-1-5');
INSERT INTO `fpr_format` (`uuid`, `description`, `group_id`, `slug`) VALUES ('67240dc8-a88f-4280-a69b-59d65138b967', 'Microsoft Works Spreadsheet for DOS', '00abbdd0-51b3-4162-b93a-45deb4ed8654', 'microsoft-works-spreadsheet-for-dos');
INSERT INTO `fpr_formatversion` (`replaces_id`, `enabled`, `lastmodified`, `uuid`, `format_id`, `version`, `pronom_id`, `description`, `access_format`, `preservation_format`, `slug`) VALUES (NULL, 1, '2014-07-10 00:01:14', 'fa14bd5d-e5b5-48e4-b0fa-2ff29633aa93', '67240dc8-a88f-4280-a69b-59d65138b967', '1.12', 'fmt/167', 'Microsoft Works Spreadsheet for DOS', 0, 0, 'microsoft-works-spreadsheet-for-dos');
INSERT INTO `fpr_formatversion` (`replaces_id`, `enabled`, `lastmodified`, `uuid`, `format_id`, `version`, `pronom_id`, `description`, `access_format`, `preservation_format`, `slug`) VALUES (NULL, 1, '2014-07-10 00:01:14', '60e10a8e-7a41-4faf-9585-6d04cbb901eb', '67240dc8-a88f-4280-a69b-59d65138b967', '2.0', 'fmt/168', 'Microsoft Works Spreadsheet for DOS', 0, 0, 'microsoft-works-spreadsheet-for-dos-2');
INSERT INTO `fpr_format` (`uuid`, `description`, `group_id`, `slug`) VALUES ('41597aa5-917e-4105-8b9c-521c7aea1805', 'Microsoft Works Database for DOS', '00abbdd0-51b3-4162-b93a-45deb4ed8654', 'microsoft-works-database-for-dos');
INSERT INTO `fpr_formatversion` (`replaces_id`, `enabled`, `lastmodified`, `uuid`, `format_id`, `version`, `pronom_id`, `description`, `access_format`, `preservation_format`, `slug`) VALUES (NULL, 1, '2014-07-10 00:01:14', 'eb73c57d-997e-4932-9c06-da3d2e299686', '41597aa5-917e-4105-8b9c-521c7aea1805', '1.05', 'fmt/169', 'Microsoft Works Database for DOS', 0, 0, 'microsoft-works-database-for-dos');
INSERT INTO `fpr_idrule` (`replaces_id`, `enabled`, `lastmodified`, `uuid`, `command_id`, `format_id`, `command_output`) VALUES (NULL, 1, '2014-07-10 00:01:14', '40570388-b721-4ca2-9248-c81163f94ce4', '41efbe1b-3fc7-4b24-9290-d0fb5d0ea9e9', 'eb73c57d-997e-4932-9c06-da3d2e299686', '.wdb');
INSERT INTO `fpr_formatversion` (`replaces_id`, `enabled`, `lastmodified`, `uuid`, `format_id`, `version`, `pronom_id`, `description`, `access_format`, `preservation_format`, `slug`) VALUES (NULL, 1, '2014-07-10 00:01:14', 'b5ec05ed-50b3-4d49-90bc-992ba3036901', '41597aa5-917e-4105-8b9c-521c7aea1805', '1.12', 'fmt/170', 'Microsoft Works Database for DOS', 0, 0, 'microsoft-works-database-for-dos-2');
INSERT INTO `fpr_formatversion` (`replaces_id`, `enabled`, `lastmodified`, `uuid`, `format_id`, `version`, `pronom_id`, `description`, `access_format`, `preservation_format`, `slug`) VALUES (NULL, 1, '2014-07-10 00:01:14', '1636f603-7c44-4a00-ad67-7eb4f0df5fe5', '41597aa5-917e-4105-8b9c-521c7aea1805', '2.0', 'fmt/171', 'Microsoft Works Database for DOS', 0, 0, 'microsoft-works-database-for-dos-3');
INSERT INTO `fpr_format` (`uuid`, `description`, `group_id`, `slug`) VALUES ('8921e142-296a-42aa-a69e-aaad19e7135b', 'PrimeOCR', '00abbdd0-51b3-4162-b93a-45deb4ed8654', 'primeocr');
INSERT INTO `fpr_formatversion` (`replaces_id`, `enabled`, `lastmodified`, `uuid`, `format_id`, `version`, `pronom_id`, `description`, `access_format`, `preservation_format`, `slug`) VALUES (NULL, 1, '2014-07-10 00:01:14', '2fde4b17-bbb7-43d8-a0cc-6b0b4527d230', '8921e142-296a-42aa-a69e-aaad19e7135b', '3.0', 'fmt/183', 'PrimeOCR 3.0', 0, 0, 'primeocr-30');
INSERT INTO `fpr_idrule` (`replaces_id`, `enabled`, `lastmodified`, `uuid`, `command_id`, `format_id`, `command_output`) VALUES (NULL, 1, '2014-07-10 00:01:14', '45c64297-4f13-4f8d-87b6-c707ac5ba324', '41efbe1b-3fc7-4b24-9290-d0fb5d0ea9e9', '2fde4b17-bbb7-43d8-a0cc-6b0b4527d230', '.pro');
INSERT INTO `fpr_formatversion` (`replaces_id`, `enabled`, `lastmodified`, `uuid`, `format_id`, `version`, `pronom_id`, `description`, `access_format`, `preservation_format`, `slug`) VALUES (NULL, 1, '2014-07-10 00:01:14', 'cdca436a-2292-4193-b5b7-cb2758d5e396', '8921e142-296a-42aa-a69e-aaad19e7135b', '3.8', 'fmt/184', 'PrimeOCR 3.8', 0, 0, 'primeocr-38');
INSERT INTO `fpr_format` (`uuid`, `description`, `group_id`, `slug`) VALUES ('060f2074-7791-4550-9e31-f406dad80aba', 'Prime OCR', '00abbdd0-51b3-4162-b93a-45deb4ed8654', 'prime-ocr');
INSERT INTO `fpr_formatversion` (`replaces_id`, `enabled`, `lastmodified`, `uuid`, `format_id`, `version`, `pronom_id`, `description`, `access_format`, `preservation_format`, `slug`) VALUES (NULL, 1, '2014-07-10 00:01:14', '6d23cc7a-55a7-4ce1-bed5-aad8eb932ad3', '060f2074-7791-4550-9e31-f406dad80aba', '3.9', 'fmt/185', 'PrimeOCR 3.9', 0, 0, 'primeocr-39');
INSERT INTO `fpr_formatversion` (`replaces_id`, `enabled`, `lastmodified`, `uuid`, `format_id`, `version`, `pronom_id`, `description`, `access_format`, `preservation_format`, `slug`) VALUES (NULL, 1, '2014-07-10 00:01:14', '88bb8d1b-a829-4ed7-b0a3-de3b83e307f4', '8921e142-296a-42aa-a69e-aaad19e7135b', '4.0', 'fmt/186', 'PrimeOCR 4.0', 0, 0, 'primeocr-40');
INSERT INTO `fpr_formatversion` (`replaces_id`, `enabled`, `lastmodified`, `uuid`, `format_id`, `version`, `pronom_id`, `description`, `access_format`, `preservation_format`, `slug`) VALUES (NULL, 1, '2014-07-10 00:01:14', '323559b5-26a4-410b-ba00-31f6e7ba335a', '8921e142-296a-42aa-a69e-aaad19e7135b', '4.2', 'fmt/187', 'PrimeOCR 4.2', 0, 0, 'primeocr-42');
INSERT INTO `fpr_formatversion` (`replaces_id`, `enabled`, `lastmodified`, `uuid`, `format_id`, `version`, `pronom_id`, `description`, `access_format`, `preservation_format`, `slug`) VALUES (NULL, 1, '2014-07-10 00:01:14', '6f0fd8aa-0eb6-4558-9ca7-d3342f5f7043', '8921e142-296a-42aa-a69e-aaad19e7135b', '4.3', 'fmt/188', 'PrimeOCR 4.3', 0, 0, 'primeocr-43');
INSERT INTO `fpr_format` (`uuid`, `description`, `group_id`, `slug`) VALUES ('fd430788-e65e-4e69-9f0a-e66d9b2ea5d1', 'Microsoft Office Open XML', '00abbdd0-51b3-4162-b93a-45deb4ed8654', 'microsoft-office-open-xml');
INSERT INTO `fpr_formatversion` (`replaces_id`, `enabled`, `lastmodified`, `uuid`, `format_id`, `version`, `pronom_id`, `description`, `access_format`, `preservation_format`, `slug`) VALUES (NULL, 1, '2014-07-10 00:01:14', 'c8c4be08-15d3-4fc4-ab73-19050389f4cf', 'fd430788-e65e-4e69-9f0a-e66d9b2ea5d1', '', 'fmt/189', 'Microsoft Office Open XML', 0, 0, 'microsoft-office-open-xml');
INSERT INTO `fpr_formatversion` (`replaces_id`, `enabled`, `lastmodified`, `uuid`, `format_id`, `version`, `pronom_id`, `description`, `access_format`, `preservation_format`, `slug`) VALUES (NULL, 1, '2014-07-10 00:01:14', '7d732b6d-b9db-444c-b556-2f21e22312d3', '5f23d32b-ca6b-498c-8add-84bc56adaef1', '5.0', 'fmt/190', 'Framemaker Document Version 5.0', 0, 0, 'framemaker-document-version-50');
INSERT INTO `fpr_format` (`uuid`, `description`, `group_id`, `slug`) VALUES ('9e04dc00-4756-40a2-b281-cae72521d0a5', 'Digital Moving Picture Exchange Bitmap', '00abbdd0-51b3-4162-b93a-45deb4ed8654', 'digital-moving-picture-exchange-bitmap');
INSERT INTO `fpr_formatversion` (`replaces_id`, `enabled`, `lastmodified`, `uuid`, `format_id`, `version`, `pronom_id`, `description`, `access_format`, `preservation_format`, `slug`) VALUES (NULL, 1, '2014-07-10 00:01:14', '89d98ee9-c396-43d6-b14e-a4c31f71da0a', '9e04dc00-4756-40a2-b281-cae72521d0a5', '1.0', 'fmt/193', 'DPX v1 Big endian', 0, 0, 'dpx-v1-big-endian');
INSERT INTO `fpr_idrule` (`replaces_id`, `enabled`, `lastmodified`, `uuid`, `command_id`, `format_id`, `command_output`) VALUES (NULL, 1, '2014-07-10 00:01:14', '511ef9a0-3568-4363-9320-b774517edbca', '41efbe1b-3fc7-4b24-9290-d0fb5d0ea9e9', '89d98ee9-c396-43d6-b14e-a4c31f71da0a', '.dpx');
INSERT INTO `fpr_format` (`uuid`, `description`, `group_id`, `slug`) VALUES ('8ba0dc90-bf94-416b-87d0-89e31c0e7ba8', 'FileMaker Pro Ver. 7+ Database Document', '00abbdd0-51b3-4162-b93a-45deb4ed8654', 'filemaker-pro-ver-7-database-document');
INSERT INTO `fpr_formatversion` (`replaces_id`, `enabled`, `lastmodified`, `uuid`, `format_id`, `version`, `pronom_id`, `description`, `access_format`, `preservation_format`, `slug`) VALUES (NULL, 1, '2014-07-10 00:01:14', '5e2d7196-4c6f-4b53-aff5-c285e8b6bb6a', '8ba0dc90-bf94-416b-87d0-89e31c0e7ba8', '7', 'fmt/194', 'FP7', 0, 0, 'fp7');
INSERT INTO `fpr_idrule` (`replaces_id`, `enabled`, `lastmodified`, `uuid`, `command_id`, `format_id`, `command_output`) VALUES (NULL, 1, '2014-07-10 00:01:14', '04991462-d442-4408-bbd0-31a071cde57b', '41efbe1b-3fc7-4b24-9290-d0fb5d0ea9e9', '5e2d7196-4c6f-4b53-aff5-c285e8b6bb6a', '.fp7');
INSERT INTO `fpr_format` (`uuid`, `description`, `group_id`, `slug`) VALUES ('de3083c0-ff61-4c9d-816b-d9a12c471f5e', 'ERDAS IMAGINE Gray-scale Bitmap Image', '00abbdd0-51b3-4162-b93a-45deb4ed8654', 'erdas-imagine-gray-scale-bitmap-image');
INSERT INTO `fpr_formatversion` (`replaces_id`, `enabled`, `lastmodified`, `uuid`, `format_id`, `version`, `pronom_id`, `description`, `access_format`, `preservation_format`, `slug`) VALUES (NULL, 1, '2014-07-10 00:01:14', 'e8478750-2a4e-46be-a68e-18a08f9bcc11', 'de3083c0-ff61-4c9d-816b-d9a12c471f5e', NULL, 'fmt/195', 'ERDAS IMAGINE Gray-scale Bitmap Image', 0, 0, 'erdas-imagine-gray-scale-bitmap-image');
INSERT INTO `fpr_idrule` (`replaces_id`, `enabled`, `lastmodified`, `uuid`, `command_id`, `format_id`, `command_output`) VALUES (NULL, 1, '2014-07-10 00:01:14', 'd55575cc-03bf-451f-b351-c2be276323b4', '41efbe1b-3fc7-4b24-9290-d0fb5d0ea9e9', 'e8478750-2a4e-46be-a68e-18a08f9bcc11', '.gis');
INSERT INTO `fpr_formatversion` (`replaces_id`, `enabled`, `lastmodified`, `uuid`, `format_id`, `version`, `pronom_id`, `description`, `access_format`, `preservation_format`, `slug`) VALUES (NULL, 1, '2014-07-10 00:01:14', '13a71686-6bfa-4c84-93c8-5a491376dd75', '03e5f908-4a64-4374-ab63-ac11e5e7ebd5', 'CS', 'fmt/196', 'Adobe InDesign Document CS', 0, 0, 'adobe-indesign-document-cs');
INSERT INTO `fpr_idrule` (`replaces_id`, `enabled`, `lastmodified`, `uuid`, `command_id`, `format_id`, `command_output`) VALUES (NULL, 1, '2014-07-10 00:01:14', 'e25b1d8c-65ab-48ac-aa15-7b9bda7574b0', '41efbe1b-3fc7-4b24-9290-d0fb5d0ea9e9', '13a71686-6bfa-4c84-93c8-5a491376dd75', '.indd');
INSERT INTO `fpr_format` (`uuid`, `description`, `group_id`, `slug`) VALUES ('1e8bc252-4178-4bd7-b345-358ea60d20f5', 'InstallShield Compiled Rules File', '00abbdd0-51b3-4162-b93a-45deb4ed8654', 'installshield-compiled-rules-file');
INSERT INTO `fpr_formatversion` (`replaces_id`, `enabled`, `lastmodified`, `uuid`, `format_id`, `version`, `pronom_id`, `description`, `access_format`, `preservation_format`, `slug`) VALUES (NULL, 1, '2014-07-10 00:01:14', '9c34e3a1-96f6-4d90-8c1b-6050cdedf987', '1e8bc252-4178-4bd7-b345-358ea60d20f5', NULL, 'fmt/197', 'InstallShield Compiled Rules File', 0, 0, 'installshield-compiled-rules-file');
INSERT INTO `fpr_idrule` (`replaces_id`, `enabled`, `lastmodified`, `uuid`, `command_id`, `format_id`, `command_output`) VALUES (NULL, 1, '2014-07-10 00:01:14', '48312049-e082-4e88-b767-2b052371a577', '41efbe1b-3fc7-4b24-9290-d0fb5d0ea9e9', '9c34e3a1-96f6-4d90-8c1b-6050cdedf987', '.inx');
INSERT INTO `fpr_format` (`uuid`, `description`, `group_id`, `slug`) VALUES ('f07f717e-afdd-40ec-a543-493ca8f2ec48', 'Mathematica Notebook', '00abbdd0-51b3-4162-b93a-45deb4ed8654', 'mathematica-notebook');
INSERT INTO `fpr_formatversion` (`replaces_id`, `enabled`, `lastmodified`, `uuid`, `format_id`, `version`, `pronom_id`, `description`, `access_format`, `preservation_format`, `slug`) VALUES (NULL, 1, '2014-07-10 00:01:14', 'd7af8ad4-e0fc-4665-9bbd-d315942d4d26', 'f07f717e-afdd-40ec-a543-493ca8f2ec48', NULL, 'fmt/201', 'Mathematica Notebook', 0, 0, 'mathematica-notebook');
INSERT INTO `fpr_format` (`uuid`, `description`, `group_id`, `slug`) VALUES ('13e20388-2194-4e4a-9859-362af7bf11e3', 'Ogg Vorbis Codec Compressed Multimedia File', '00abbdd0-51b3-4162-b93a-45deb4ed8654', 'ogg-vorbis-codec-compressed-multimedia-file');
INSERT INTO `fpr_formatversion` (`replaces_id`, `enabled`, `lastmodified`, `uuid`, `format_id`, `version`, `pronom_id`, `description`, `access_format`, `preservation_format`, `slug`) VALUES (NULL, 1, '2014-07-10 00:01:14', '3807f492-6e7b-4158-a755-c84bfa8d3fc6', '13e20388-2194-4e4a-9859-362af7bf11e3', NULL, 'fmt/203', 'Ogg Vorbis Codec Compressed Multimedia File', 0, 0, 'ogg-vorbis-codec-compressed-multimedia-file');
INSERT INTO `fpr_idrule` (`replaces_id`, `enabled`, `lastmodified`, `uuid`, `command_id`, `format_id`, `command_output`) VALUES (NULL, 1, '2014-07-10 00:01:14', '16b3c3d4-d817-45bd-a63e-b3f85d26c607', '41efbe1b-3fc7-4b24-9290-d0fb5d0ea9e9', '3807f492-6e7b-4158-a755-c84bfa8d3fc6', '.ogg');
INSERT INTO `fpr_format` (`uuid`, `description`, `group_id`, `slug`) VALUES ('7a99fee2-ef77-4387-a8c5-ce2780b7231e', 'RealVideo Clip', '00abbdd0-51b3-4162-b93a-45deb4ed8654', 'realvideo-clip');
INSERT INTO `fpr_formatversion` (`replaces_id`, `enabled`, `lastmodified`, `uuid`, `format_id`, `version`, `pronom_id`, `description`, `access_format`, `preservation_format`, `slug`) VALUES (NULL, 1, '2014-07-10 00:01:14', '9d645b6e-8530-48bf-a5e2-5e7cd5b97819', '7a99fee2-ef77-4387-a8c5-ce2780b7231e', NULL, 'fmt/204', 'RealVideo Clip', 0, 0, 'realvideo-clip');
INSERT INTO `fpr_format` (`uuid`, `description`, `group_id`, `slug`) VALUES ('b8570218-df2c-44c7-b895-2fdc03e29358', 'Synchronized Multimedia Integration Language', '00abbdd0-51b3-4162-b93a-45deb4ed8654', 'synchronized-multimedia-integration-language');
INSERT INTO `fpr_formatversion` (`replaces_id`, `enabled`, `lastmodified`, `uuid`, `format_id`, `version`, `pronom_id`, `description`, `access_format`, `preservation_format`, `slug`) VALUES (NULL, 1, '2014-07-10 00:01:14', 'b05a5a95-d53a-4bb3-9c1e-dfe4017c75d0', 'b8570218-df2c-44c7-b895-2fdc03e29358', NULL, 'fmt/205', 'Synchronized Multimedia Integration Language', 0, 0, 'synchronized-multimedia-integration-language');
INSERT INTO `fpr_idrule` (`replaces_id`, `enabled`, `lastmodified`, `uuid`, `command_id`, `format_id`, `command_output`) VALUES (NULL, 1, '2014-07-10 00:01:14', 'b89f6401-8d64-4ad7-b47c-8a54c4e68d49', '41efbe1b-3fc7-4b24-9290-d0fb5d0ea9e9', 'b05a5a95-d53a-4bb3-9c1e-dfe4017c75d0', '.smil');
INSERT INTO `fpr_format` (`uuid`, `description`, `group_id`, `slug`) VALUES ('ac9fcfe0-88d8-4680-adc8-ec93be44f201', 'Structured Query Language Data', '00abbdd0-51b3-4162-b93a-45deb4ed8654', 'structured-query-language-data');
INSERT INTO `fpr_formatversion` (`replaces_id`, `enabled`, `lastmodified`, `uuid`, `format_id`, `version`, `pronom_id`, `description`, `access_format`, `preservation_format`, `slug`) VALUES (NULL, 1, '2014-07-10 00:01:14', '0c3668a8-b22b-45f0-83ab-e05269e59084', 'ac9fcfe0-88d8-4680-adc8-ec93be44f201', NULL, 'fmt/206', 'Structured Query Language Data', 0, 0, 'structured-query-language-data');
INSERT INTO `fpr_idrule` (`replaces_id`, `enabled`, `lastmodified`, `uuid`, `command_id`, `format_id`, `command_output`) VALUES (NULL, 1, '2014-07-10 00:01:14', '79429c4f-f70f-4b5c-8ce9-358195219737', '41efbe1b-3fc7-4b24-9290-d0fb5d0ea9e9', '0c3668a8-b22b-45f0-83ab-e05269e59084', '.sql');
INSERT INTO `fpr_format` (`uuid`, `description`, `group_id`, `slug`) VALUES ('d6414153-d0bf-458e-8187-763cf3fb6b9f', 'Obsidium Project File', '00abbdd0-51b3-4162-b93a-45deb4ed8654', 'obsidium-project-file');
INSERT INTO `fpr_formatversion` (`replaces_id`, `enabled`, `lastmodified`, `uuid`, `format_id`, `version`, `pronom_id`, `description`, `access_format`, `preservation_format`, `slug`) VALUES (NULL, 1, '2014-07-10 00:01:14', '5a333855-3f45-4fad-874e-7ac56defef2d', 'd6414153-d0bf-458e-8187-763cf3fb6b9f', NULL, 'fmt/207', 'Obsidium Project File', 0, 0, 'obsidium-project-file');
INSERT INTO `fpr_idrule` (`replaces_id`, `enabled`, `lastmodified`, `uuid`, `command_id`, `format_id`, `command_output`) VALUES (NULL, 1, '2014-07-10 00:01:14', '4c6b1dc0-8f5f-4ca6-aa40-316e7c81120e', '41efbe1b-3fc7-4b24-9290-d0fb5d0ea9e9', '5a333855-3f45-4fad-874e-7ac56defef2d', '.opf');
INSERT INTO `fpr_format` (`uuid`, `description`, `group_id`, `slug`) VALUES ('d4e9c5c9-bbeb-4805-b2fd-eae7007f6c64', 'Binary File', '00abbdd0-51b3-4162-b93a-45deb4ed8654', 'binary-file');
INSERT INTO `fpr_formatversion` (`replaces_id`, `enabled`, `lastmodified`, `uuid`, `format_id`, `version`, `pronom_id`, `description`, `access_format`, `preservation_format`, `slug`) VALUES (NULL, 1, '2014-07-10 00:01:14', '89e0730c-1414-4cf3-9386-ce6029b778f8', 'd4e9c5c9-bbeb-4805-b2fd-eae7007f6c64', NULL, 'fmt/208', 'Binary File', 0, 0, 'binary-file');
INSERT INTO `fpr_idrule` (`replaces_id`, `enabled`, `lastmodified`, `uuid`, `command_id`, `format_id`, `command_output`) VALUES (NULL, 1, '2014-07-10 00:01:14', '7e23f9c8-2f65-4e34-a16b-9d84194504bf', '41efbe1b-3fc7-4b24-9290-d0fb5d0ea9e9', '89e0730c-1414-4cf3-9386-ce6029b778f8', '.bin');
INSERT INTO `fpr_format` (`uuid`, `description`, `group_id`, `slug`) VALUES ('7cf93b2a-7782-404d-aa41-aae9f448bc04', 'Sound Designer II Audio File', '00abbdd0-51b3-4162-b93a-45deb4ed8654', 'sound-designer-ii-audio-file');
INSERT INTO `fpr_formatversion` (`replaces_id`, `enabled`, `lastmodified`, `uuid`, `format_id`, `version`, `pronom_id`, `description`, `access_format`, `preservation_format`, `slug`) VALUES (NULL, 1, '2014-07-10 00:01:14', 'd4125c61-75ed-4069-8abc-110bb55ac496', '7cf93b2a-7782-404d-aa41-aae9f448bc04', NULL, 'fmt/209', 'Sound Designer II Audio File', 0, 0, 'sound-designer-ii-audio-file');
INSERT INTO `fpr_idrule` (`replaces_id`, `enabled`, `lastmodified`, `uuid`, `command_id`, `format_id`, `command_output`) VALUES (NULL, 1, '2014-07-10 00:01:14', '801cad72-765f-403a-b3d0-329df98effd0', '41efbe1b-3fc7-4b24-9290-d0fb5d0ea9e9', 'd4125c61-75ed-4069-8abc-110bb55ac496', '.sd2');
INSERT INTO `fpr_format` (`uuid`, `description`, `group_id`, `slug`) VALUES ('f88fd6a4-3c92-4a2d-acd3-7db4211894b9', 'Statistica Report File', '00abbdd0-51b3-4162-b93a-45deb4ed8654', 'statistica-report-file');
INSERT INTO `fpr_formatversion` (`replaces_id`, `enabled`, `lastmodified`, `uuid`, `format_id`, `version`, `pronom_id`, `description`, `access_format`, `preservation_format`, `slug`) VALUES (NULL, 1, '2014-07-10 00:01:14', 'ec4942cf-5054-48cb-89f8-670f9f785b6a', 'f88fd6a4-3c92-4a2d-acd3-7db4211894b9', NULL, 'fmt/210', 'Statistica Report File', 0, 0, 'statistica-report-file');
INSERT INTO `fpr_idrule` (`replaces_id`, `enabled`, `lastmodified`, `uuid`, `command_id`, `format_id`, `command_output`) VALUES (NULL, 1, '2014-07-10 00:01:14', '36251437-dc79-4060-9d0f-2fa7991ecc55', '41efbe1b-3fc7-4b24-9290-d0fb5d0ea9e9', 'ec4942cf-5054-48cb-89f8-670f9f785b6a', '.str');
INSERT INTO `fpr_format` (`uuid`, `description`, `group_id`, `slug`) VALUES ('83d04359-54f2-4763-bc0b-b2a9daac980f', 'Kodak Photo CD Image', '00abbdd0-51b3-4162-b93a-45deb4ed8654', 'kodak-photo-cd-image');
INSERT INTO `fpr_formatversion` (`replaces_id`, `enabled`, `lastmodified`, `uuid`, `format_id`, `version`, `pronom_id`, `description`, `access_format`, `preservation_format`, `slug`) VALUES (NULL, 1, '2014-07-10 00:01:14', '06ae79e8-e7e5-43b3-8d02-b83c6f4543c8', '83d04359-54f2-4763-bc0b-b2a9daac980f', NULL, 'fmt/211', 'Kodak Photo CD', 0, 0, 'kodak-photo-cd');
INSERT INTO `fpr_idrule` (`replaces_id`, `enabled`, `lastmodified`, `uuid`, `command_id`, `format_id`, `command_output`) VALUES (NULL, 1, '2014-07-10 00:01:14', 'bf54dce6-d133-4a6a-bc47-8ae6250453ca', '41efbe1b-3fc7-4b24-9290-d0fb5d0ea9e9', '06ae79e8-e7e5-43b3-8d02-b83c6f4543c8', '.pcd');
INSERT INTO `fpr_format` (`uuid`, `description`, `group_id`, `slug`) VALUES ('1bdf60aa-a45f-487f-a02c-3edbb5a42214', 'Information or Setup File', '00abbdd0-51b3-4162-b93a-45deb4ed8654', 'information-or-setup-file');
INSERT INTO `fpr_formatversion` (`replaces_id`, `enabled`, `lastmodified`, `uuid`, `format_id`, `version`, `pronom_id`, `description`, `access_format`, `preservation_format`, `slug`) VALUES (NULL, 1, '2014-07-10 00:01:14', 'baa9f405-761c-418d-a3ca-8b0bccff14fb', '1bdf60aa-a45f-487f-a02c-3edbb5a42214', NULL, 'fmt/212', 'Information or Setup File', 0, 0, 'information-or-setup-file');
INSERT INTO `fpr_format` (`uuid`, `description`, `group_id`, `slug`) VALUES ('d1ec3135-9227-4728-9d8e-b0a75070d780', 'ScanIt Document', '00abbdd0-51b3-4162-b93a-45deb4ed8654', 'scanit-document');
INSERT INTO `fpr_formatversion` (`replaces_id`, `enabled`, `lastmodified`, `uuid`, `format_id`, `version`, `pronom_id`, `description`, `access_format`, `preservation_format`, `slug`) VALUES (NULL, 1, '2014-07-10 00:01:14', '2bd9aaf7-267a-4e1f-bcae-be110bd4af71', 'd1ec3135-9227-4728-9d8e-b0a75070d780', NULL, 'fmt/213', 'ScanIt Document', 0, 0, 'scanit-document');
INSERT INTO `fpr_idrule` (`replaces_id`, `enabled`, `lastmodified`, `uuid`, `command_id`, `format_id`, `command_output`) VALUES (NULL, 1, '2014-07-10 00:01:14', '49ba8ec7-e02b-4ab7-8eea-efa9cc10eb13', '41efbe1b-3fc7-4b24-9290-d0fb5d0ea9e9', '2bd9aaf7-267a-4e1f-bcae-be110bd4af71', '.sid');
INSERT INTO `fpr_format` (`uuid`, `description`, `group_id`, `slug`) VALUES ('15e88be2-dc45-4041-b401-6069e46fe65a', 'Microsoft Visio for Windows', '00abbdd0-51b3-4162-b93a-45deb4ed8654', 'microsoft-visio-for-windows');
INSERT INTO `fpr_formatversion` (`replaces_id`, `enabled`, `lastmodified`, `uuid`, `format_id`, `version`, `pronom_id`, `description`, `access_format`, `preservation_format`, `slug`) VALUES (NULL, 1, '2014-07-10 00:01:14', '89272c5c-baaf-4fbb-be5e-694a5cd1ecc4', '15e88be2-dc45-4041-b401-6069e46fe65a', '2007', 'fmt/216', 'Microsoft Visio for Windows', 0, 0, 'microsoft-visio-for-windows');
INSERT INTO `fpr_idrule` (`replaces_id`, `enabled`, `lastmodified`, `uuid`, `command_id`, `format_id`, `command_output`) VALUES (NULL, 1, '2014-07-10 00:01:14', 'a6278d5a-242b-4fbc-965c-2fe596fdb3d3', '41efbe1b-3fc7-4b24-9290-d0fb5d0ea9e9', '89272c5c-baaf-4fbb-be5e-694a5cd1ecc4', '.vdx');
INSERT INTO `fpr_format` (`uuid`, `description`, `group_id`, `slug`) VALUES ('441ae9a9-de22-4152-a83b-c7a2727a7bf4', 'PaintShop Pro Browser Cache File', '00abbdd0-51b3-4162-b93a-45deb4ed8654', 'paintshop-pro-browser-cache-file');
INSERT INTO `fpr_formatversion` (`replaces_id`, `enabled`, `lastmodified`, `uuid`, `format_id`, `version`, `pronom_id`, `description`, `access_format`, `preservation_format`, `slug`) VALUES (NULL, 1, '2014-07-10 00:01:14', '26f9feb6-134f-4ee3-8045-755927b329dc', '441ae9a9-de22-4152-a83b-c7a2727a7bf4', NULL, 'fmt/217', 'PaintShopPro Browser Cache File', 0, 0, 'paintshoppro-browser-cache-file');
INSERT INTO `fpr_idrule` (`replaces_id`, `enabled`, `lastmodified`, `uuid`, `command_id`, `format_id`, `command_output`) VALUES (NULL, 1, '2014-07-10 00:01:14', 'f9ba922d-9d77-4d32-858c-688ce95c9799', '41efbe1b-3fc7-4b24-9290-d0fb5d0ea9e9', '26f9feb6-134f-4ee3-8045-755927b329dc', '.jbf');
INSERT INTO `fpr_format` (`uuid`, `description`, `group_id`, `slug`) VALUES ('3cf188e5-489a-4a0f-afa3-5f6761e52bf4', 'Microsoft FrontPage', '00abbdd0-51b3-4162-b93a-45deb4ed8654', 'microsoft-frontpage');
INSERT INTO `fpr_formatversion` (`replaces_id`, `enabled`, `lastmodified`, `uuid`, `format_id`, `version`, `pronom_id`, `description`, `access_format`, `preservation_format`, `slug`) VALUES (NULL, 1, '2014-07-10 00:01:14', '3acca4f1-4add-4ba5-8337-eb8f52397cd9', '3cf188e5-489a-4a0f-afa3-5f6761e52bf4', NULL, 'fmt/218', 'Microsoft FrontPage', 0, 0, 'microsoft-frontpage');
INSERT INTO `fpr_idrule` (`replaces_id`, `enabled`, `lastmodified`, `uuid`, `command_id`, `format_id`, `command_output`) VALUES (NULL, 1, '2014-07-10 00:01:14', '5f34b9d2-6d87-4463-9d02-82758b2e3c93', '41efbe1b-3fc7-4b24-9290-d0fb5d0ea9e9', '3acca4f1-4add-4ba5-8337-eb8f52397cd9', '.lck');
INSERT INTO `fpr_format` (`uuid`, `description`, `group_id`, `slug`) VALUES ('e36355e4-b692-433a-bcea-a1509783fd08', 'Microsoft Works  Database for Windows', '00abbdd0-51b3-4162-b93a-45deb4ed8654', 'microsoft-works-database-for-windows');
INSERT INTO `fpr_formatversion` (`replaces_id`, `enabled`, `lastmodified`, `uuid`, `format_id`, `version`, `pronom_id`, `description`, `access_format`, `preservation_format`, `slug`) VALUES (NULL, 1, '2014-07-10 00:01:14', '00fb820a-c09c-4a61-9c5a-ba12673b147a', 'e36355e4-b692-433a-bcea-a1509783fd08', '2.0', 'fmt/219', 'Microsoft Works  Database for Windows', 0, 0, 'microsoft-works-database-for-windows');
INSERT INTO `fpr_format` (`uuid`, `description`, `group_id`, `slug`) VALUES ('dad1f1f6-5534-4e21-9010-a7892557ffac', 'Microsoft Works Spreadsheet for Windows', '00abbdd0-51b3-4162-b93a-45deb4ed8654', 'microsoft-works-spreadsheet-for-windows');
INSERT INTO `fpr_formatversion` (`replaces_id`, `enabled`, `lastmodified`, `uuid`, `format_id`, `version`, `pronom_id`, `description`, `access_format`, `preservation_format`, `slug`) VALUES (NULL, 1, '2014-07-10 00:01:14', '2968860d-3cb2-484f-9561-bb35d1e26225', 'dad1f1f6-5534-4e21-9010-a7892557ffac', '2.0', 'fmt/220', 'Microsoft Works Spreadsheet for Windows', 0, 0, 'microsoft-works-spreadsheet-for-windows');
INSERT INTO `fpr_format` (`uuid`, `description`, `group_id`, `slug`) VALUES ('4b60d653-2927-426f-9949-e702e4eac360', 'Microsoft Works Word Processor for Windows', '00abbdd0-51b3-4162-b93a-45deb4ed8654', 'microsoft-works-word-processor-for-windows');
INSERT INTO `fpr_formatversion` (`replaces_id`, `enabled`, `lastmodified`, `uuid`, `format_id`, `version`, `pronom_id`, `description`, `access_format`, `preservation_format`, `slug`) VALUES (NULL, 1, '2014-07-10 00:01:14', 'de13c3d4-bf49-4512-8504-ee5a85e68d12', '4b60d653-2927-426f-9949-e702e4eac360', '2.0', 'fmt/221', 'Microsoft Works Word Processor for Windows', 0, 0, 'microsoft-works-word-processor-for-windows');
INSERT INTO `fpr_formatversion` (`replaces_id`, `enabled`, `lastmodified`, `uuid`, `format_id`, `version`, `pronom_id`, `description`, `access_format`, `preservation_format`, `slug`) VALUES (NULL, 1, '2014-07-10 00:01:14', '4f0cdc09-048a-4317-bb45-ce1b264e35a0', 'e36355e4-b692-433a-bcea-a1509783fd08', '2.0a', 'fmt/222', 'Microsoft Works  Database for Windows', 0, 0, 'microsoft-works-database-for-windows-2');
INSERT INTO `fpr_formatversion` (`replaces_id`, `enabled`, `lastmodified`, `uuid`, `format_id`, `version`, `pronom_id`, `description`, `access_format`, `preservation_format`, `slug`) VALUES (NULL, 1, '2014-07-10 00:01:14', 'ac82e88d-53e9-4883-b969-941308bbf9fd', 'e36355e4-b692-433a-bcea-a1509783fd08', '3.0', 'fmt/223', 'Microsoft Works  Database for Windows', 0, 0, 'microsoft-works-database-for-windows-3');
INSERT INTO `fpr_formatversion` (`replaces_id`, `enabled`, `lastmodified`, `uuid`, `format_id`, `version`, `pronom_id`, `description`, `access_format`, `preservation_format`, `slug`) VALUES (NULL, 1, '2014-07-10 00:01:14', 'fd9e0851-78ff-407b-9ce2-4937b2c1edfa', 'e36355e4-b692-433a-bcea-a1509783fd08', '3.0a', 'fmt/224', 'Microsoft Works  Database for Windows', 0, 0, 'microsoft-works-database-for-windows-4');
INSERT INTO `fpr_formatversion` (`replaces_id`, `enabled`, `lastmodified`, `uuid`, `format_id`, `version`, `pronom_id`, `description`, `access_format`, `preservation_format`, `slug`) VALUES (NULL, 1, '2014-07-10 00:01:14', '8f9b1aaa-6346-4973-a159-814eeb8e6d06', 'e36355e4-b692-433a-bcea-a1509783fd08', '3.0b', 'fmt/225', 'Microsoft Works  Database for Windows', 0, 0, 'microsoft-works-database-for-windows-5');
INSERT INTO `fpr_formatversion` (`replaces_id`, `enabled`, `lastmodified`, `uuid`, `format_id`, `version`, `pronom_id`, `description`, `access_format`, `preservation_format`, `slug`) VALUES (NULL, 1, '2014-07-10 00:01:14', '893a6dc4-ec51-43e5-b2f9-212a71848ce4', 'e36355e4-b692-433a-bcea-a1509783fd08', '4.0', 'fmt/226', 'Microsoft Works  Database for Windows', 0, 0, 'microsoft-works-database-for-windows-6');
INSERT INTO `fpr_formatversion` (`replaces_id`, `enabled`, `lastmodified`, `uuid`, `format_id`, `version`, `pronom_id`, `description`, `access_format`, `preservation_format`, `slug`) VALUES (NULL, 1, '2014-07-10 00:01:14', '61ed04a7-693b-4e34-a67b-d3f36b8cff01', 'dad1f1f6-5534-4e21-9010-a7892557ffac', '2.0a', 'fmt/227', 'Microsoft Works Spreadsheet for Windows', 0, 0, 'microsoft-works-spreadsheet-for-windows-2');
INSERT INTO `fpr_formatversion` (`replaces_id`, `enabled`, `lastmodified`, `uuid`, `format_id`, `version`, `pronom_id`, `description`, `access_format`, `preservation_format`, `slug`) VALUES (NULL, 1, '2014-07-10 00:01:14', '9e7b73bc-3b48-4c94-a71c-c689d94f0112', 'dad1f1f6-5534-4e21-9010-a7892557ffac', '3.0', 'fmt/228', 'Microsoft Works Spreadsheet for Windows', 0, 0, 'microsoft-works-spreadsheet-for-windows-3');
INSERT INTO `fpr_formatversion` (`replaces_id`, `enabled`, `lastmodified`, `uuid`, `format_id`, `version`, `pronom_id`, `description`, `access_format`, `preservation_format`, `slug`) VALUES (NULL, 1, '2014-07-10 00:01:14', 'c20266ec-b230-4a6f-be48-c73eee89cc34', 'dad1f1f6-5534-4e21-9010-a7892557ffac', '3.0a', 'fmt/229', 'Microsoft Works Spreadsheet for Windows', 0, 0, 'microsoft-works-spreadsheet-for-windows-4');
INSERT INTO `fpr_formatversion` (`replaces_id`, `enabled`, `lastmodified`, `uuid`, `format_id`, `version`, `pronom_id`, `description`, `access_format`, `preservation_format`, `slug`) VALUES (NULL, 1, '2014-07-10 00:01:14', '1b27f8bd-ae4e-4820-af10-ab145d207615', 'dad1f1f6-5534-4e21-9010-a7892557ffac', '3.0b', 'fmt/230', 'Microsoft Works Spreadsheet for Windows', 0, 0, 'microsoft-works-spreadsheet-for-windows-5');
INSERT INTO `fpr_formatversion` (`replaces_id`, `enabled`, `lastmodified`, `uuid`, `format_id`, `version`, `pronom_id`, `description`, `access_format`, `preservation_format`, `slug`) VALUES (NULL, 1, '2014-07-10 00:01:14', '12c48670-fc4f-4315-92ab-fa422da34f0b', 'dad1f1f6-5534-4e21-9010-a7892557ffac', '4.0', 'fmt/231', 'Microsoft Works Spreadsheet for Windows', 0, 0, 'microsoft-works-spreadsheet-for-windows-6');
INSERT INTO `fpr_formatversion` (`replaces_id`, `enabled`, `lastmodified`, `uuid`, `format_id`, `version`, `pronom_id`, `description`, `access_format`, `preservation_format`, `slug`) VALUES (NULL, 1, '2014-07-10 00:01:14', '94674bea-0afe-4a32-bbed-c36494f92815', '4b60d653-2927-426f-9949-e702e4eac360', '2.0a', 'fmt/232', 'Microsoft Works Word Processor for Windows', 0, 0, 'microsoft-works-word-processor-for-windows-2');
INSERT INTO `fpr_formatversion` (`replaces_id`, `enabled`, `lastmodified`, `uuid`, `format_id`, `version`, `pronom_id`, `description`, `access_format`, `preservation_format`, `slug`) VALUES (NULL, 1, '2014-07-10 00:01:14', 'd04e43d9-0a1a-4c94-97d5-eaa2a6d665d4', '4b60d653-2927-426f-9949-e702e4eac360', '3.0a', 'fmt/234', 'Microsoft Works Word Processor for Windows', 0, 0, 'microsoft-works-word-processor-for-windows-3');
INSERT INTO `fpr_formatversion` (`replaces_id`, `enabled`, `lastmodified`, `uuid`, `format_id`, `version`, `pronom_id`, `description`, `access_format`, `preservation_format`, `slug`) VALUES (NULL, 1, '2014-07-10 00:01:14', '35af27d3-595f-4a14-8568-d5d98d2f7f89', '4b60d653-2927-426f-9949-e702e4eac360', '3.0b', 'fmt/235', 'Microsoft Works Word Processor for Windows', 0, 0, 'microsoft-works-word-processor-for-windows-4');
INSERT INTO `fpr_formatversion` (`replaces_id`, `enabled`, `lastmodified`, `uuid`, `format_id`, `version`, `pronom_id`, `description`, `access_format`, `preservation_format`, `slug`) VALUES (NULL, 1, '2014-07-10 00:01:14', 'ffe46b41-7f2c-4124-91da-d0e07eb8721b', '4b60d653-2927-426f-9949-e702e4eac360', '4.0', 'fmt/236', 'Microsoft Works Word Processor for Windows', 0, 0, 'microsoft-works-word-processor-for-windows-5');
INSERT INTO `fpr_format` (`uuid`, `description`, `group_id`, `slug`) VALUES ('ae880907-2842-4ec6-b38b-a36491feba15', 'Microsoft Office Binder File for Windows', '00abbdd0-51b3-4162-b93a-45deb4ed8654', 'microsoft-office-binder-file-for-windows');
INSERT INTO `fpr_formatversion` (`replaces_id`, `enabled`, `lastmodified`, `uuid`, `format_id`, `version`, `pronom_id`, `description`, `access_format`, `preservation_format`, `slug`) VALUES (NULL, 1, '2014-07-10 00:01:14', '2831a9a4-4209-405d-b1fa-c4106fb638b1', 'ae880907-2842-4ec6-b38b-a36491feba15', '95', 'fmt/237', 'Microsoft Office Binder File for Windows', 0, 0, 'microsoft-office-binder-file-for-windows');
INSERT INTO `fpr_idrule` (`replaces_id`, `enabled`, `lastmodified`, `uuid`, `command_id`, `format_id`, `command_output`) VALUES (NULL, 1, '2014-07-10 00:01:14', 'cf05ec00-bc63-4c88-a45a-47feae6df2a6', '41efbe1b-3fc7-4b24-9290-d0fb5d0ea9e9', '2831a9a4-4209-405d-b1fa-c4106fb638b1', '.obd');
INSERT INTO `fpr_format` (`uuid`, `description`, `group_id`, `slug`) VALUES ('495f7712-4ade-470f-8b84-f8673adbb205', 'Microsoft Office Binder Template for Windows', '00abbdd0-51b3-4162-b93a-45deb4ed8654', 'microsoft-office-binder-template-for-windows');
INSERT INTO `fpr_formatversion` (`replaces_id`, `enabled`, `lastmodified`, `uuid`, `format_id`, `version`, `pronom_id`, `description`, `access_format`, `preservation_format`, `slug`) VALUES (NULL, 1, '2014-07-10 00:01:14', 'd00d0d71-8708-406b-81c5-63a54a6dd553', '495f7712-4ade-470f-8b84-f8673adbb205', '95', 'fmt/238', 'Microsoft Office Binder Template for Windows', 0, 0, 'microsoft-office-binder-template-for-windows');
INSERT INTO `fpr_idrule` (`replaces_id`, `enabled`, `lastmodified`, `uuid`, `command_id`, `format_id`, `command_output`) VALUES (NULL, 1, '2014-07-10 00:01:14', '02428b44-41e3-4755-991a-d7480dee7275', '41efbe1b-3fc7-4b24-9290-d0fb5d0ea9e9', 'd00d0d71-8708-406b-81c5-63a54a6dd553', '.obt');
INSERT INTO `fpr_format` (`uuid`, `description`, `group_id`, `slug`) VALUES ('4e462705-8571-4924-9dcb-b145a87a580c', 'Microsoft Office Binder Wizard for Windows', '00abbdd0-51b3-4162-b93a-45deb4ed8654', 'microsoft-office-binder-wizard-for-windows');
INSERT INTO `fpr_formatversion` (`replaces_id`, `enabled`, `lastmodified`, `uuid`, `format_id`, `version`, `pronom_id`, `description`, `access_format`, `preservation_format`, `slug`) VALUES (NULL, 1, '2014-07-10 00:01:14', '92f58175-9920-46ca-91e8-11b54e16267f', '4e462705-8571-4924-9dcb-b145a87a580c', '95', 'fmt/239', 'Microsoft Office Binder Wizard for Windows', 0, 0, 'microsoft-office-binder-wizard-for-windows');
INSERT INTO `fpr_idrule` (`replaces_id`, `enabled`, `lastmodified`, `uuid`, `command_id`, `format_id`, `command_output`) VALUES (NULL, 1, '2014-07-10 00:01:14', 'a8796b29-7c7d-4004-b74b-cb278ba2a755', '41efbe1b-3fc7-4b24-9290-d0fb5d0ea9e9', '92f58175-9920-46ca-91e8-11b54e16267f', '.obz');
INSERT INTO `fpr_formatversion` (`replaces_id`, `enabled`, `lastmodified`, `uuid`, `format_id`, `version`, `pronom_id`, `description`, `access_format`, `preservation_format`, `slug`) VALUES (NULL, 1, '2014-07-10 00:01:14', '90ef91c2-6b91-43a9-96ba-b6580a9abc80', 'ae880907-2842-4ec6-b38b-a36491feba15', '97-2003', 'fmt/240', 'Microsoft Office Binder File for Windows', 0, 0, 'microsoft-office-binder-file-for-windows-2');
INSERT INTO `fpr_formatversion` (`replaces_id`, `enabled`, `lastmodified`, `uuid`, `format_id`, `version`, `pronom_id`, `description`, `access_format`, `preservation_format`, `slug`) VALUES (NULL, 1, '2014-07-10 00:01:14', '4388c834-96de-47d1-aa43-347e93e0c759', '495f7712-4ade-470f-8b84-f8673adbb205', '97-2003', 'fmt/241', 'Microsoft Office Binder Template for Windows', 0, 0, 'microsoft-office-binder-template-for-windows-2');
INSERT INTO `fpr_formatversion` (`replaces_id`, `enabled`, `lastmodified`, `uuid`, `format_id`, `version`, `pronom_id`, `description`, `access_format`, `preservation_format`, `slug`) VALUES (NULL, 1, '2014-07-10 00:01:14', 'e995a1e8-5bec-4a70-96e7-c900e7dd9acd', '4e462705-8571-4924-9dcb-b145a87a580c', '97-2003', 'fmt/242', 'Microsoft Office Binder Wizard for Windows', 0, 0, 'microsoft-office-binder-wizard-for-windows-2');
INSERT INTO `fpr_format` (`uuid`, `description`, `group_id`, `slug`) VALUES ('47a17240-942f-4017-87f2-1918cab1c929', 'GPS eXchange Format', '00abbdd0-51b3-4162-b93a-45deb4ed8654', 'gps-exchange-format');
INSERT INTO `fpr_formatversion` (`replaces_id`, `enabled`, `lastmodified`, `uuid`, `format_id`, `version`, `pronom_id`, `description`, `access_format`, `preservation_format`, `slug`) VALUES (NULL, 1, '2014-07-10 00:01:14', '81e68f92-45d2-4c68-a102-8b5cc8b5fa7a', '47a17240-942f-4017-87f2-1918cab1c929', NULL, 'fmt/243', 'GPS eXchange Format', 0, 0, 'gps-exchange-format');
INSERT INTO `fpr_idrule` (`replaces_id`, `enabled`, `lastmodified`, `uuid`, `command_id`, `format_id`, `command_output`) VALUES (NULL, 1, '2014-07-10 00:01:14', '776ca637-e4b4-4dbc-a02a-1a90f36f1751', '41efbe1b-3fc7-4b24-9290-d0fb5d0ea9e9', '81e68f92-45d2-4c68-a102-8b5cc8b5fa7a', '.gpx');
INSERT INTO `fpr_format` (`uuid`, `description`, `group_id`, `slug`) VALUES ('110b4fa0-0dab-4f11-8e36-ef555c45836f', 'Keyhole Markup Language', '00abbdd0-51b3-4162-b93a-45deb4ed8654', 'keyhole-markup-language');
INSERT INTO `fpr_formatversion` (`replaces_id`, `enabled`, `lastmodified`, `uuid`, `format_id`, `version`, `pronom_id`, `description`, `access_format`, `preservation_format`, `slug`) VALUES (NULL, 1, '2014-07-10 00:01:14', '83b6110c-82f0-4aa2-a875-bb3092baf471', '110b4fa0-0dab-4f11-8e36-ef555c45836f', NULL, 'fmt/244', 'Keyhole Markup Language', 0, 0, 'keyhole-markup-language');
INSERT INTO `fpr_idrule` (`replaces_id`, `enabled`, `lastmodified`, `uuid`, `command_id`, `format_id`, `command_output`) VALUES (NULL, 1, '2014-07-10 00:01:14', 'fcd9aa2d-069f-4642-9cac-fbfc612cc05a', '41efbe1b-3fc7-4b24-9290-d0fb5d0ea9e9', '83b6110c-82f0-4aa2-a875-bb3092baf471', '.kml');
INSERT INTO `fpr_format` (`uuid`, `description`, `group_id`, `slug`) VALUES ('2d5b6cc4-8739-40b2-8039-08dae90703f6', 'Structured Data Exchange Format', '00abbdd0-51b3-4162-b93a-45deb4ed8654', 'structured-data-exchange-format');
INSERT INTO `fpr_formatversion` (`replaces_id`, `enabled`, `lastmodified`, `uuid`, `format_id`, `version`, `pronom_id`, `description`, `access_format`, `preservation_format`, `slug`) VALUES (NULL, 1, '2014-07-10 00:01:14', '41a3a12c-264b-42b8-a91a-33dc3dbd5cf7', '2d5b6cc4-8739-40b2-8039-08dae90703f6', NULL, 'fmt/245', 'Structured Data Exchange Format', 0, 0, 'structured-data-exchange-format');
INSERT INTO `fpr_format` (`uuid`, `description`, `group_id`, `slug`) VALUES ('e84cb130-8f77-419e-8077-fc7f958b8ca9', 'Microsoft Works Database for Windows', '00abbdd0-51b3-4162-b93a-45deb4ed8654', 'microsoft-works-database-for-windows');
INSERT INTO `fpr_formatversion` (`replaces_id`, `enabled`, `lastmodified`, `uuid`, `format_id`, `version`, `pronom_id`, `description`, `access_format`, `preservation_format`, `slug`) VALUES (NULL, 1, '2014-07-10 00:01:14', '8833f1cc-d3f0-459b-ba6f-e74171a5a8a9', 'e84cb130-8f77-419e-8077-fc7f958b8ca9', '4.0a', 'fmt/246', 'Microsoft Works Database for Windows', 0, 0, 'microsoft-works-database-for-windows');
INSERT INTO `fpr_formatversion` (`replaces_id`, `enabled`, `lastmodified`, `uuid`, `format_id`, `version`, `pronom_id`, `description`, `access_format`, `preservation_format`, `slug`) VALUES (NULL, 1, '2014-07-10 00:01:14', '8c5510f6-1bdd-423d-9ec9-b3f90d706f92', 'dad1f1f6-5534-4e21-9010-a7892557ffac', '4.0a', 'fmt/247', 'Microsoft Works Spreadsheet for Windows', 0, 0, 'microsoft-works-spreadsheet-for-windows-7');
INSERT INTO `fpr_format` (`uuid`, `description`, `group_id`, `slug`) VALUES ('41b446c0-74f9-44ec-b5bb-68f20c4f3f66', 'Microsoft Works Word Processor Windows', '00abbdd0-51b3-4162-b93a-45deb4ed8654', 'microsoft-works-word-processor-windows');
INSERT INTO `fpr_formatversion` (`replaces_id`, `enabled`, `lastmodified`, `uuid`, `format_id`, `version`, `pronom_id`, `description`, `access_format`, `preservation_format`, `slug`) VALUES (NULL, 1, '2014-07-10 00:01:14', '6f34010d-24b7-43a1-8cdb-e044e9cc37c1', '41b446c0-74f9-44ec-b5bb-68f20c4f3f66', '4.0a', 'fmt/248', 'Microsoft Works Word Processor Windows', 0, 0, 'microsoft-works-word-processor-windows');
INSERT INTO `fpr_formatversion` (`replaces_id`, `enabled`, `lastmodified`, `uuid`, `format_id`, `version`, `pronom_id`, `description`, `access_format`, `preservation_format`, `slug`) VALUES (NULL, 1, '2014-07-10 00:01:14', '385923c1-559d-42bc-bce2-0419442179e8', 'e84cb130-8f77-419e-8077-fc7f958b8ca9', '4.5', 'fmt/249', 'Microsoft Works Database for Windows', 0, 0, 'microsoft-works-database-for-windows-2');
INSERT INTO `fpr_formatversion` (`replaces_id`, `enabled`, `lastmodified`, `uuid`, `format_id`, `version`, `pronom_id`, `description`, `access_format`, `preservation_format`, `slug`) VALUES (NULL, 1, '2014-07-10 00:01:14', 'd9cc04fa-f482-4d1a-8376-3af05b87417f', 'dad1f1f6-5534-4e21-9010-a7892557ffac', '4.5', 'fmt/250', 'Microsoft Works Spreadsheet for Windows', 0, 0, 'microsoft-works-spreadsheet-for-windows-8');
INSERT INTO `fpr_formatversion` (`replaces_id`, `enabled`, `lastmodified`, `uuid`, `format_id`, `version`, `pronom_id`, `description`, `access_format`, `preservation_format`, `slug`) VALUES (NULL, 1, '2014-07-10 00:01:14', '6aadc431-0dd5-4e90-9320-de3f9697d5f6', '41b446c0-74f9-44ec-b5bb-68f20c4f3f66', '4.5', 'fmt/251', 'Microsoft Works Word Processor Windows', 0, 0, 'microsoft-works-word-processor-windows-2');
INSERT INTO `fpr_formatversion` (`replaces_id`, `enabled`, `lastmodified`, `uuid`, `format_id`, `version`, `pronom_id`, `description`, `access_format`, `preservation_format`, `slug`) VALUES (NULL, 1, '2014-07-10 00:01:14', 'e3d1b2cf-6c0a-4637-99bb-291962eb4351', 'e84cb130-8f77-419e-8077-fc7f958b8ca9', '4.5a', 'fmt/252', 'Microsoft Works Database for Windows', 0, 0, 'microsoft-works-database-for-windows-3');
INSERT INTO `fpr_formatversion` (`replaces_id`, `enabled`, `lastmodified`, `uuid`, `format_id`, `version`, `pronom_id`, `description`, `access_format`, `preservation_format`, `slug`) VALUES (NULL, 1, '2014-07-10 00:01:14', 'dfd9daf7-a00a-428a-9a6b-f1e7ad115380', 'dad1f1f6-5534-4e21-9010-a7892557ffac', '4.5a', 'fmt/253', 'Microsoft Works Spreadsheet for Windows', 0, 0, 'microsoft-works-spreadsheet-for-windows-9');
INSERT INTO `fpr_formatversion` (`replaces_id`, `enabled`, `lastmodified`, `uuid`, `format_id`, `version`, `pronom_id`, `description`, `access_format`, `preservation_format`, `slug`) VALUES (NULL, 1, '2014-07-10 00:01:14', '4a198a8e-e7ce-44c6-b751-f9bfc0a5d18a', '41b446c0-74f9-44ec-b5bb-68f20c4f3f66', '4.5a', 'fmt/254', 'Microsoft Works Word Processor Windows', 0, 0, 'microsoft-works-word-processor-windows-3');
INSERT INTO `fpr_format` (`uuid`, `description`, `group_id`, `slug`) VALUES ('f23ab635-d148-4358-88b5-3600550a1811', 'DjVu File Format', '00abbdd0-51b3-4162-b93a-45deb4ed8654', 'djvu-file-format');
INSERT INTO `fpr_formatversion` (`replaces_id`, `enabled`, `lastmodified`, `uuid`, `format_id`, `version`, `pronom_id`, `description`, `access_format`, `preservation_format`, `slug`) VALUES (NULL, 1, '2014-07-10 00:01:14', '80a02b12-4567-4bd5-8cbe-883515d3b734', 'f23ab635-d148-4358-88b5-3600550a1811', NULL, 'fmt/255', 'DjVu File Format', 0, 0, 'djvu-file-format');
INSERT INTO `fpr_idrule` (`replaces_id`, `enabled`, `lastmodified`, `uuid`, `command_id`, `format_id`, `command_output`) VALUES (NULL, 1, '2014-07-10 00:01:14', '0be215c8-2750-4df5-83e7-0591cfbedb0c', '41efbe1b-3fc7-4b24-9290-d0fb5d0ea9e9', '80a02b12-4567-4bd5-8cbe-883515d3b734', '.djvu');
INSERT INTO `fpr_formatversion` (`replaces_id`, `enabled`, `lastmodified`, `uuid`, `format_id`, `version`, `pronom_id`, `description`, `access_format`, `preservation_format`, `slug`) VALUES (NULL, 1, '2014-07-10 00:01:14', '0dd3fd5f-7418-4bf4-85a9-cf5d0e197065', 'e84cb130-8f77-419e-8077-fc7f958b8ca9', '2000', 'fmt/256', 'Microsoft Works Database for Windows', 0, 0, 'microsoft-works-database-for-windows-4');
INSERT INTO `fpr_formatversion` (`replaces_id`, `enabled`, `lastmodified`, `uuid`, `format_id`, `version`, `pronom_id`, `description`, `access_format`, `preservation_format`, `slug`) VALUES (NULL, 1, '2014-07-10 00:01:14', 'cc004da3-d7c6-46c8-92a9-b33540b4d57e', 'dad1f1f6-5534-4e21-9010-a7892557ffac', '2000', 'fmt/257', 'Microsoft Works Spreadsheet for Windows', 0, 0, 'microsoft-works-spreadsheet-for-windows-10');
INSERT INTO `fpr_formatversion` (`replaces_id`, `enabled`, `lastmodified`, `uuid`, `format_id`, `version`, `pronom_id`, `description`, `access_format`, `preservation_format`, `slug`) VALUES (NULL, 1, '2014-07-10 00:01:14', '2005b964-5fef-4d1f-9ad6-ae8b4cec2962', '41597aa5-917e-4105-8b9c-521c7aea1805', '3', 'fmt/259', 'Microsoft Works Database for DOS', 0, 0, 'microsoft-works-database-for-dos-4');
INSERT INTO `fpr_formatversion` (`replaces_id`, `enabled`, `lastmodified`, `uuid`, `format_id`, `version`, `pronom_id`, `description`, `access_format`, `preservation_format`, `slug`) VALUES (NULL, 1, '2014-07-10 00:01:15', '21d1127e-8969-45b1-abbc-14000ad89201', '41597aa5-917e-4105-8b9c-521c7aea1805', '3a', 'fmt/260', 'Microsoft Works Database for DOS', 0, 0, 'microsoft-works-database-for-dos-5');
INSERT INTO `fpr_formatversion` (`replaces_id`, `enabled`, `lastmodified`, `uuid`, `format_id`, `version`, `pronom_id`, `description`, `access_format`, `preservation_format`, `slug`) VALUES (NULL, 1, '2014-07-10 00:01:15', '4d6a18f0-94c3-4813-bf86-334d10624a19', '41597aa5-917e-4105-8b9c-521c7aea1805', '3b', 'fmt/261', 'Microsoft Works Database for DOS', 0, 0, 'microsoft-works-database-for-dos-6');
INSERT INTO `fpr_formatversion` (`replaces_id`, `enabled`, `lastmodified`, `uuid`, `format_id`, `version`, `pronom_id`, `description`, `access_format`, `preservation_format`, `slug`) VALUES (NULL, 1, '2014-07-10 00:01:15', '9a170409-f3f2-40d1-a5d2-a64b0ab9661e', '67240dc8-a88f-4280-a69b-59d65138b967', '3', 'fmt/262', 'Microsoft Works Spreadsheet for DOS', 0, 0, 'microsoft-works-spreadsheet-for-dos-3');
INSERT INTO `fpr_formatversion` (`replaces_id`, `enabled`, `lastmodified`, `uuid`, `format_id`, `version`, `pronom_id`, `description`, `access_format`, `preservation_format`, `slug`) VALUES (NULL, 1, '2014-07-10 00:01:15', '27303348-5ff0-45ae-9705-a0a9b2e79b87', '67240dc8-a88f-4280-a69b-59d65138b967', '3a', 'fmt/263', 'Microsoft Works Spreadsheet for DOS', 0, 0, 'microsoft-works-spreadsheet-for-dos-4');
INSERT INTO `fpr_formatversion` (`replaces_id`, `enabled`, `lastmodified`, `uuid`, `format_id`, `version`, `pronom_id`, `description`, `access_format`, `preservation_format`, `slug`) VALUES (NULL, 1, '2014-07-10 00:01:15', 'bfe75bac-f637-4ea7-b34d-61cbbbb55d62', '67240dc8-a88f-4280-a69b-59d65138b967', '3b', 'fmt/264', 'Microsoft Works Spreadsheet for DOS', 0, 0, 'microsoft-works-spreadsheet-for-dos-5');
INSERT INTO `fpr_format` (`uuid`, `description`, `group_id`, `slug`) VALUES ('27ac1edc-ff73-4fe5-829f-32d45e76037f', 'Microsoft Works Word Processor DOS', '00abbdd0-51b3-4162-b93a-45deb4ed8654', 'microsoft-works-word-processor-dos');
INSERT INTO `fpr_formatversion` (`replaces_id`, `enabled`, `lastmodified`, `uuid`, `format_id`, `version`, `pronom_id`, `description`, `access_format`, `preservation_format`, `slug`) VALUES (NULL, 1, '2014-07-10 00:01:15', '2ddfae1d-f104-42cd-9164-a84a8908a496', '27ac1edc-ff73-4fe5-829f-32d45e76037f', '3', 'fmt/265', 'Microsoft Works Word Processor DOS', 0, 0, 'microsoft-works-word-processor-dos');
INSERT INTO `fpr_formatversion` (`replaces_id`, `enabled`, `lastmodified`, `uuid`, `format_id`, `version`, `pronom_id`, `description`, `access_format`, `preservation_format`, `slug`) VALUES (NULL, 1, '2014-07-10 00:01:15', 'baaef996-9080-4e44-a9ea-f6b26c13fed1', '27ac1edc-ff73-4fe5-829f-32d45e76037f', '3a', 'fmt/266', 'Microsoft Works Word Processor DOS', 0, 0, 'microsoft-works-word-processor-dos-2');
INSERT INTO `fpr_formatversion` (`replaces_id`, `enabled`, `lastmodified`, `uuid`, `format_id`, `version`, `pronom_id`, `description`, `access_format`, `preservation_format`, `slug`) VALUES (NULL, 1, '2014-07-10 00:01:15', 'fec2cc8c-13d6-4729-8cf5-3280a4bc77e4', '27ac1edc-ff73-4fe5-829f-32d45e76037f', '3b', 'fmt/267', 'Microsoft Works Word Processor DOS', 0, 0, 'microsoft-works-word-processor-dos-3');
INSERT INTO `fpr_format` (`uuid`, `description`, `group_id`, `slug`) VALUES ('e51bca32-e990-45d9-b5a9-abfde3c6fbdf', 'Microsoft Works Database for Macintosh', '00abbdd0-51b3-4162-b93a-45deb4ed8654', 'microsoft-works-database-for-macintosh');
INSERT INTO `fpr_formatversion` (`replaces_id`, `enabled`, `lastmodified`, `uuid`, `format_id`, `version`, `pronom_id`, `description`, `access_format`, `preservation_format`, `slug`) VALUES (NULL, 1, '2014-07-10 00:01:15', '33dae861-97eb-4086-b3f8-05f501c133a8', 'e51bca32-e990-45d9-b5a9-abfde3c6fbdf', '3', 'fmt/268', 'Microsoft Works Database for Macintosh', 0, 0, 'microsoft-works-database-for-macintosh');
INSERT INTO `fpr_formatversion` (`replaces_id`, `enabled`, `lastmodified`, `uuid`, `format_id`, `version`, `pronom_id`, `description`, `access_format`, `preservation_format`, `slug`) VALUES (NULL, 1, '2014-07-10 00:01:15', '55bbdc0b-2c16-4508-98db-afbdaa974034', 'e51bca32-e990-45d9-b5a9-abfde3c6fbdf', '4', 'fmt/269', 'Microsoft Works Database for Macintosh', 0, 0, 'microsoft-works-database-for-macintosh-2');
INSERT INTO `fpr_format` (`uuid`, `description`, `group_id`, `slug`) VALUES ('4bda18e2-0c17-4abc-962a-5b63b95d1104', 'Microsoft Works Spreadsheet for Macintosh', '00abbdd0-51b3-4162-b93a-45deb4ed8654', 'microsoft-works-spreadsheet-for-macintosh');
INSERT INTO `fpr_formatversion` (`replaces_id`, `enabled`, `lastmodified`, `uuid`, `format_id`, `version`, `pronom_id`, `description`, `access_format`, `preservation_format`, `slug`) VALUES (NULL, 1, '2014-07-10 00:01:15', '8e1fd489-4a8d-4f8f-872c-7a8d9a86a42a', '4bda18e2-0c17-4abc-962a-5b63b95d1104', '3', 'fmt/270', 'Microsoft Works Spreadsheet for Macintosh', 0, 0, 'microsoft-works-spreadsheet-for-macintosh');
INSERT INTO `fpr_formatversion` (`replaces_id`, `enabled`, `lastmodified`, `uuid`, `format_id`, `version`, `pronom_id`, `description`, `access_format`, `preservation_format`, `slug`) VALUES (NULL, 1, '2014-07-10 00:01:15', '9a59e985-0673-40b1-b310-24b7a6c1386e', '4bda18e2-0c17-4abc-962a-5b63b95d1104', '4', 'fmt/271', 'Microsoft Works Spreadsheet for Macintosh', 0, 0, 'microsoft-works-spreadsheet-for-macintosh-2');
INSERT INTO `fpr_format` (`uuid`, `description`, `group_id`, `slug`) VALUES ('9450eace-f2df-411d-8341-c477c103f5ba', 'SPSS Output File (spv)', '00abbdd0-51b3-4162-b93a-45deb4ed8654', 'spss-output-file-spv');
INSERT INTO `fpr_formatversion` (`replaces_id`, `enabled`, `lastmodified`, `uuid`, `format_id`, `version`, `pronom_id`, `description`, `access_format`, `preservation_format`, `slug`) VALUES (NULL, 1, '2014-07-10 00:01:15', 'b1389111-a023-4b0e-8157-f78805989a71', '9450eace-f2df-411d-8341-c477c103f5ba', NULL, 'fmt/274', 'SPSS Output File (spv)', 0, 0, 'spss-output-file-spv');
INSERT INTO `fpr_idrule` (`replaces_id`, `enabled`, `lastmodified`, `uuid`, `command_id`, `format_id`, `command_output`) VALUES (NULL, 1, '2014-07-10 00:01:15', '4a2ea1cd-56ef-4892-977b-36f21d66a704', '41efbe1b-3fc7-4b24-9290-d0fb5d0ea9e9', 'b1389111-a023-4b0e-8157-f78805989a71', '.spv');
INSERT INTO `fpr_formatversion` (`replaces_id`, `enabled`, `lastmodified`, `uuid`, `format_id`, `version`, `pronom_id`, `description`, `access_format`, `preservation_format`, `slug`) VALUES (NULL, 1, '2014-07-10 00:01:15', 'e011e396-7c18-4919-b4ba-bf582742dc4c', 'db2287bd-4ca0-4e91-9a2e-17ab4dfd1c9b', '2007', 'fmt/275', 'MS Access 2007', 0, 0, 'ms-access-2007');
INSERT INTO `fpr_idrule` (`replaces_id`, `enabled`, `lastmodified`, `uuid`, `command_id`, `format_id`, `command_output`) VALUES (NULL, 1, '2014-07-10 00:01:15', '19bcd8ea-9c3d-4347-9a7b-1b8b3c7e52dd', '41efbe1b-3fc7-4b24-9290-d0fb5d0ea9e9', 'e011e396-7c18-4919-b4ba-bf582742dc4c', '.accdb');
INSERT INTO `fpr_format` (`uuid`, `description`, `group_id`, `slug`) VALUES ('d4c3cdc2-ffd2-4946-86c7-6a337e381bfd', 'ESRI Arc/View Shapefile Index', '00abbdd0-51b3-4162-b93a-45deb4ed8654', 'esri-arcview-shapefile-index');
INSERT INTO `fpr_formatversion` (`replaces_id`, `enabled`, `lastmodified`, `uuid`, `format_id`, `version`, `pronom_id`, `description`, `access_format`, `preservation_format`, `slug`) VALUES (NULL, 1, '2014-07-10 00:01:15', '35859f48-f7c2-47b0-8f31-9f564c592d93', 'd4c3cdc2-ffd2-4946-86c7-6a337e381bfd', NULL, 'fmt/277', 'ESRI Arc/View ShapeFile Index', 0, 0, 'esri-arcview-shapefile-index');
INSERT INTO `fpr_format` (`uuid`, `description`, `group_id`, `slug`) VALUES ('ca2ac8b4-a3ed-47fe-a07f-7eefc0254909', 'Internet Message Format', '00abbdd0-51b3-4162-b93a-45deb4ed8654', 'internet-message-format');
INSERT INTO `fpr_formatversion` (`replaces_id`, `enabled`, `lastmodified`, `uuid`, `format_id`, `version`, `pronom_id`, `description`, `access_format`, `preservation_format`, `slug`) VALUES (NULL, 1, '2014-07-10 00:01:15', 'a72c1a05-2eb1-41ac-b973-612b08410757', 'ca2ac8b4-a3ed-47fe-a07f-7eefc0254909', NULL, 'fmt/278', 'Outlook Express Mail Message', 0, 0, 'outlook-express-mail-message');
INSERT INTO `fpr_idrule` (`replaces_id`, `enabled`, `lastmodified`, `uuid`, `command_id`, `format_id`, `command_output`) VALUES (NULL, 1, '2014-07-10 00:01:15', '282fe760-9d91-42ab-92e9-e9f3dbeaf0b4', '41efbe1b-3fc7-4b24-9290-d0fb5d0ea9e9', 'a72c1a05-2eb1-41ac-b973-612b08410757', '.eml');
INSERT INTO `fpr_format` (`uuid`, `description`, `group_id`, `slug`) VALUES ('65ad4b1f-c523-4956-9d7d-5a7a970c6cd4', 'FLAC (Free Lossless Audio Codec)', '00abbdd0-51b3-4162-b93a-45deb4ed8654', 'flac-free-lossless-audio-codec');
INSERT INTO `fpr_formatversion` (`replaces_id`, `enabled`, `lastmodified`, `uuid`, `format_id`, `version`, `pronom_id`, `description`, `access_format`, `preservation_format`, `slug`) VALUES (NULL, 1, '2014-07-10 00:01:15', '9f673856-2b68-4549-b24c-ed0173553a39', '65ad4b1f-c523-4956-9d7d-5a7a970c6cd4', '1.2.1', 'fmt/279', 'FLAC (Free Lossless Audio Codec)', 0, 0, 'flac-free-lossless-audio-codec');
INSERT INTO `fpr_idrule` (`replaces_id`, `enabled`, `lastmodified`, `uuid`, `command_id`, `format_id`, `command_output`) VALUES (NULL, 1, '2014-07-10 00:01:15', 'd6277821-97c4-430e-abc1-3b6e0558b811', '41efbe1b-3fc7-4b24-9290-d0fb5d0ea9e9', '9f673856-2b68-4549-b24c-ed0173553a39', '.flac');
INSERT INTO `fpr_format` (`uuid`, `description`, `group_id`, `slug`) VALUES ('a6aabede-e7ca-4946-937f-5b90b76fb3a9', 'LaTeX (Master document)', '00abbdd0-51b3-4162-b93a-45deb4ed8654', 'latex-master-document');
INSERT INTO `fpr_formatversion` (`replaces_id`, `enabled`, `lastmodified`, `uuid`, `format_id`, `version`, `pronom_id`, `description`, `access_format`, `preservation_format`, `slug`) VALUES (NULL, 1, '2014-07-10 00:01:15', 'a0d9935c-0ffa-46e0-97ee-bc35f1852bd1', 'a6aabede-e7ca-4946-937f-5b90b76fb3a9', NULL, 'fmt/280', 'LaTeX (Master document)', 0, 0, 'latex-master-document');
INSERT INTO `fpr_format` (`uuid`, `description`, `group_id`, `slug`) VALUES ('4cb732b5-8ae6-4cfd-bdd6-267d84437fd7', 'LaTeX (Subdocument)', '00abbdd0-51b3-4162-b93a-45deb4ed8654', 'latex-subdocument');
INSERT INTO `fpr_formatversion` (`replaces_id`, `enabled`, `lastmodified`, `uuid`, `format_id`, `version`, `pronom_id`, `description`, `access_format`, `preservation_format`, `slug`) VALUES (NULL, 1, '2014-07-10 00:01:15', '5da3218d-50be-4732-bc4a-286565fe2cf2', '4cb732b5-8ae6-4cfd-bdd6-267d84437fd7', NULL, 'fmt/281', 'LaTeX (Subdocument)', 0, 0, 'latex-subdocument');
INSERT INTO `fpr_format` (`uuid`, `description`, `group_id`, `slug`) VALUES ('2113b675-f5da-42ef-84ae-81494b74c084', 'netCDF-3 Classic', '00abbdd0-51b3-4162-b93a-45deb4ed8654', 'netcdf-3-classic');
INSERT INTO `fpr_formatversion` (`replaces_id`, `enabled`, `lastmodified`, `uuid`, `format_id`, `version`, `pronom_id`, `description`, `access_format`, `preservation_format`, `slug`) VALUES (NULL, 1, '2014-07-10 00:01:15', 'a04566bc-fefb-46db-9ceb-7d50fe004bfa', '2113b675-f5da-42ef-84ae-81494b74c084', NULL, 'fmt/282', 'netCDF-3 Classic', 0, 0, 'netcdf-3-classic');
INSERT INTO `fpr_idrule` (`replaces_id`, `enabled`, `lastmodified`, `uuid`, `command_id`, `format_id`, `command_output`) VALUES (NULL, 1, '2014-07-10 00:01:15', '6836fced-2a0b-4ec9-9362-f4b87bc84822', '41efbe1b-3fc7-4b24-9290-d0fb5d0ea9e9', 'a04566bc-fefb-46db-9ceb-7d50fe004bfa', '.nc');
INSERT INTO `fpr_format` (`uuid`, `description`, `group_id`, `slug`) VALUES ('5ea22365-547c-4ebd-99d7-274aed203127', 'netCDF-3 64-bit', '00abbdd0-51b3-4162-b93a-45deb4ed8654', 'netcdf-3-64-bit');
INSERT INTO `fpr_formatversion` (`replaces_id`, `enabled`, `lastmodified`, `uuid`, `format_id`, `version`, `pronom_id`, `description`, `access_format`, `preservation_format`, `slug`) VALUES (NULL, 1, '2014-07-10 00:01:15', 'e96554e4-de46-47ce-a265-e3b464184ca3', '5ea22365-547c-4ebd-99d7-274aed203127', NULL, 'fmt/283', 'netCDF-3 64-bit', 0, 0, 'netcdf-3-64-bit');
INSERT INTO `fpr_format` (`uuid`, `description`, `group_id`, `slug`) VALUES ('6ddca118-da72-48a5-8eb7-904c4cf7c505', 'Gridded Binary', '00abbdd0-51b3-4162-b93a-45deb4ed8654', 'gridded-binary');
INSERT INTO `fpr_formatversion` (`replaces_id`, `enabled`, `lastmodified`, `uuid`, `format_id`, `version`, `pronom_id`, `description`, `access_format`, `preservation_format`, `slug`) VALUES (NULL, 1, '2014-07-10 00:01:15', '851666e3-6a75-44d4-b2fa-d7479ca7eb07', '6ddca118-da72-48a5-8eb7-904c4cf7c505', '1.0', 'fmt/284', 'Gridded Binary 1.0', 0, 0, 'gridded-binary-10');
INSERT INTO `fpr_idrule` (`replaces_id`, `enabled`, `lastmodified`, `uuid`, `command_id`, `format_id`, `command_output`) VALUES (NULL, 1, '2014-07-10 00:01:15', 'eb3e207a-2779-4223-b937-afbacad3e40e', '41efbe1b-3fc7-4b24-9290-d0fb5d0ea9e9', '851666e3-6a75-44d4-b2fa-d7479ca7eb07', '.grb');
INSERT INTO `fpr_formatversion` (`replaces_id`, `enabled`, `lastmodified`, `uuid`, `format_id`, `version`, `pronom_id`, `description`, `access_format`, `preservation_format`, `slug`) VALUES (NULL, 1, '2014-07-10 00:01:15', '6348e3b5-75d5-4ed9-bdaa-b72bc5b10edd', '6ddca118-da72-48a5-8eb7-904c4cf7c505', '2.0', 'fmt/285', 'Gridded Binary 2.0', 0, 0, 'gridded-binary-20');
INSERT INTO `fpr_format` (`uuid`, `description`, `group_id`, `slug`) VALUES ('08e1b3c1-427e-4758-a95d-f969c0a3c494', 'HDF5', '00abbdd0-51b3-4162-b93a-45deb4ed8654', 'hdf5');
INSERT INTO `fpr_formatversion` (`replaces_id`, `enabled`, `lastmodified`, `uuid`, `format_id`, `version`, `pronom_id`, `description`, `access_format`, `preservation_format`, `slug`) VALUES (NULL, 1, '2014-07-10 00:01:15', '5f434438-fc3f-4b42-b33e-935ad00e9166', '08e1b3c1-427e-4758-a95d-f969c0a3c494', '1.0', 'fmt/286', 'HDF5 1.0', 0, 0, 'hdf5-10');
INSERT INTO `fpr_idrule` (`replaces_id`, `enabled`, `lastmodified`, `uuid`, `command_id`, `format_id`, `command_output`) VALUES (NULL, 1, '2014-07-10 00:01:15', 'a0c2e9ae-16f0-493b-8ed1-f99b0e3facf9', '41efbe1b-3fc7-4b24-9290-d0fb5d0ea9e9', '5f434438-fc3f-4b42-b33e-935ad00e9166', '.hdf5');
INSERT INTO `fpr_formatversion` (`replaces_id`, `enabled`, `lastmodified`, `uuid`, `format_id`, `version`, `pronom_id`, `description`, `access_format`, `preservation_format`, `slug`) VALUES (NULL, 1, '2014-07-10 00:01:15', 'c02817d1-0098-44d9-b7bb-dddab2cb9efb', '08e1b3c1-427e-4758-a95d-f969c0a3c494', '2.0', 'fmt/287', 'HDF5 2.0', 0, 0, 'hdf5-20');
INSERT INTO `fpr_format` (`uuid`, `description`, `group_id`, `slug`) VALUES ('12a779fa-4a33-4ade-9877-0a9621b18bfc', 'Microsoft Front Page Server Extension Configuration', '00abbdd0-51b3-4162-b93a-45deb4ed8654', 'microsoft-front-page-server-extension-configuratio');
INSERT INTO `fpr_formatversion` (`replaces_id`, `enabled`, `lastmodified`, `uuid`, `format_id`, `version`, `pronom_id`, `description`, `access_format`, `preservation_format`, `slug`) VALUES (NULL, 1, '2014-07-10 00:01:15', 'b2422e8b-3252-459d-87fe-efaa2b6bd6ed', '12a779fa-4a33-4ade-9877-0a9621b18bfc', NULL, 'fmt/288', 'Microsoft Front Page Server Extension Configuration', 0, 0, 'microsoft-front-page-server-extension-configuratio');
INSERT INTO `fpr_format` (`uuid`, `description`, `group_id`, `slug`) VALUES ('abc6545f-0248-45c5-98c2-d5311cae758c', 'Autodesk Animator Pro FLIC', '00abbdd0-51b3-4162-b93a-45deb4ed8654', 'autodesk-animator-pro-flic');
INSERT INTO `fpr_formatversion` (`replaces_id`, `enabled`, `lastmodified`, `uuid`, `format_id`, `version`, `pronom_id`, `description`, `access_format`, `preservation_format`, `slug`) VALUES (NULL, 1, '2014-07-10 00:01:15', '70274690-dffc-4052-848b-949c6321422f', 'abc6545f-0248-45c5-98c2-d5311cae758c', NULL, 'fmt/298', 'Autodesk Animator Pro FLIC', 0, 0, 'autodesk-animator-pro-flic');
INSERT INTO `fpr_idrule` (`replaces_id`, `enabled`, `lastmodified`, `uuid`, `command_id`, `format_id`, `command_output`) VALUES (NULL, 1, '2014-07-10 00:01:15', '298d3893-23cc-4a01-9e16-1fc888f9bca0', '41efbe1b-3fc7-4b24-9290-d0fb5d0ea9e9', '70274690-dffc-4052-848b-949c6321422f', '.flc');
INSERT INTO `fpr_format` (`uuid`, `description`, `group_id`, `slug`) VALUES ('d2dcffab-7cdc-487a-b4d0-8d5276905492', 'Autodesk Animator (FlicLib)', '00abbdd0-51b3-4162-b93a-45deb4ed8654', 'autodesk-animator-fliclib');
INSERT INTO `fpr_formatversion` (`replaces_id`, `enabled`, `lastmodified`, `uuid`, `format_id`, `version`, `pronom_id`, `description`, `access_format`, `preservation_format`, `slug`) VALUES (NULL, 1, '2014-07-10 00:01:15', '50af62c4-5eaa-4070-80ab-3504498437cb', 'd2dcffab-7cdc-487a-b4d0-8d5276905492', NULL, 'fmt/299', 'Autodesk Animator (FlicLib development library)', 0, 0, 'autodesk-animator-fliclib-development-library');
INSERT INTO `fpr_formatversion` (`replaces_id`, `enabled`, `lastmodified`, `uuid`, `format_id`, `version`, `pronom_id`, `description`, `access_format`, `preservation_format`, `slug`) VALUES (NULL, 1, '2014-07-10 00:01:15', 'c6e11e13-e740-4bb7-b5cb-9320de763953', 'cf7a297a-b518-4f65-adea-670dc33c73f9', '4', 'fmt/300', 'Chiwriter Document V4', 0, 0, 'chiwriter-document-v4');
INSERT INTO `fpr_formatversion` (`replaces_id`, `enabled`, `lastmodified`, `uuid`, `format_id`, `version`, `pronom_id`, `description`, `access_format`, `preservation_format`, `slug`) VALUES (NULL, 1, '2014-07-10 00:01:15', 'b169395e-db7f-4452-a122-1e32b0af977a', 'c8e1b32d-2710-44d9-ba4f-a17559d3453b', '3', 'fmt/301', 'Computer Graphics Metafile (Clear Text) Version 3 No.1', 0, 0, 'computer-graphics-metafile-clear-text-version-3-no');
INSERT INTO `fpr_formatversion` (`replaces_id`, `enabled`, `lastmodified`, `uuid`, `format_id`, `version`, `pronom_id`, `description`, `access_format`, `preservation_format`, `slug`) VALUES (NULL, 1, '2014-07-10 00:01:15', '02101de3-e821-40b8-9784-21d51b290e9f', 'c8e1b32d-2710-44d9-ba4f-a17559d3453b', '4', 'fmt/302', 'Computer Graphics Metafile (Clear Text) Version 4 No.1', 0, 0, 'computer-graphics-metafile-clear-text-version-4-no');
INSERT INTO `fpr_format` (`uuid`, `description`, `group_id`, `slug`) VALUES ('01e5ecd6-4b2d-4510-a4c6-47a17e9611a8', 'Computer Graphics Metafile (Binary)', '00abbdd0-51b3-4162-b93a-45deb4ed8654', 'computer-graphics-metafile-binary');
INSERT INTO `fpr_formatversion` (`replaces_id`, `enabled`, `lastmodified`, `uuid`, `format_id`, `version`, `pronom_id`, `description`, `access_format`, `preservation_format`, `slug`) VALUES (NULL, 1, '2014-07-10 00:01:15', '127acd0c-3f4e-42ce-853c-3785ec45f0a4', '01e5ecd6-4b2d-4510-a4c6-47a17e9611a8', '1', 'fmt/303', 'Computer Graphics Metafile (Binary) Version 1', 0, 0, 'computer-graphics-metafile-binary-version-1');
INSERT INTO `fpr_formatversion` (`replaces_id`, `enabled`, `lastmodified`, `uuid`, `format_id`, `version`, `pronom_id`, `description`, `access_format`, `preservation_format`, `slug`) VALUES (NULL, 1, '2014-07-10 00:01:15', '4ca1f30f-e7ea-4691-af76-054eb24c1b25', '01e5ecd6-4b2d-4510-a4c6-47a17e9611a8', '2', 'fmt/304', 'Computer Graphics Metafile (Binary) Version 2', 0, 0, 'computer-graphics-metafile-binary-version-2');
INSERT INTO `fpr_formatversion` (`replaces_id`, `enabled`, `lastmodified`, `uuid`, `format_id`, `version`, `pronom_id`, `description`, `access_format`, `preservation_format`, `slug`) VALUES (NULL, 1, '2014-07-10 00:01:15', '6c27adf2-9652-459c-879e-a3335a94cf94', '01e5ecd6-4b2d-4510-a4c6-47a17e9611a8', '3', 'fmt/305', 'Computer Graphics Metafile (Binary) Version 3', 0, 0, 'computer-graphics-metafile-binary-version-3');
INSERT INTO `fpr_formatversion` (`replaces_id`, `enabled`, `lastmodified`, `uuid`, `format_id`, `version`, `pronom_id`, `description`, `access_format`, `preservation_format`, `slug`) VALUES (NULL, 1, '2014-07-10 00:01:15', '015a16cc-65e7-4e8e-a9a5-4a02e733e614', '01e5ecd6-4b2d-4510-a4c6-47a17e9611a8', '4', 'fmt/306', 'Computer Graphics Metafile (Binary) Version 4', 0, 0, 'computer-graphics-metafile-binary-version-4');
INSERT INTO `fpr_format` (`uuid`, `description`, `group_id`, `slug`) VALUES ('ae91f259-0a29-4b81-8837-321cc73c5d0b', 'Quicken Interchange Format', '00abbdd0-51b3-4162-b93a-45deb4ed8654', 'quicken-interchange-format');
INSERT INTO `fpr_formatversion` (`replaces_id`, `enabled`, `lastmodified`, `uuid`, `format_id`, `version`, `pronom_id`, `description`, `access_format`, `preservation_format`, `slug`) VALUES (NULL, 1, '2014-07-10 00:01:15', '54f2cc34-8d77-469d-9020-8531909bec29', 'ae91f259-0a29-4b81-8837-321cc73c5d0b', NULL, 'fmt/307', 'Quicken Interchange Format', 0, 0, 'quicken-interchange-format');
INSERT INTO `fpr_idrule` (`replaces_id`, `enabled`, `lastmodified`, `uuid`, `command_id`, `format_id`, `command_output`) VALUES (NULL, 1, '2014-07-10 00:01:15', '5a88ad00-1cab-4fe4-a389-d787ab91b33e', '41efbe1b-3fc7-4b24-9290-d0fb5d0ea9e9', '54f2cc34-8d77-469d-9020-8531909bec29', '.qif');
INSERT INTO `fpr_format` (`uuid`, `description`, `group_id`, `slug`) VALUES ('9ae22a0b-7794-4030-bb12-9baae7c45ec0', 'Quicken Data Format', '00abbdd0-51b3-4162-b93a-45deb4ed8654', 'quicken-data-format');
INSERT INTO `fpr_formatversion` (`replaces_id`, `enabled`, `lastmodified`, `uuid`, `format_id`, `version`, `pronom_id`, `description`, `access_format`, `preservation_format`, `slug`) VALUES (NULL, 1, '2014-07-10 00:01:15', 'f7fef1b3-8fe6-4f03-b683-afb96c51435c', '9ae22a0b-7794-4030-bb12-9baae7c45ec0', NULL, 'fmt/308', 'Quicken Data Format', 0, 0, 'quicken-data-format');
INSERT INTO `fpr_idrule` (`replaces_id`, `enabled`, `lastmodified`, `uuid`, `command_id`, `format_id`, `command_output`) VALUES (NULL, 1, '2014-07-10 00:01:15', 'f9bc6493-c21c-4c67-9ebd-761716c4950f', '41efbe1b-3fc7-4b24-9290-d0fb5d0ea9e9', 'f7fef1b3-8fe6-4f03-b683-afb96c51435c', '.qdf');
INSERT INTO `fpr_format` (`uuid`, `description`, `group_id`, `slug`) VALUES ('eae65cfd-fcc5-4999-bedb-ff6b40f6bbc3', 'Open Financial Exchange', '00abbdd0-51b3-4162-b93a-45deb4ed8654', 'open-financial-exchange');
INSERT INTO `fpr_formatversion` (`replaces_id`, `enabled`, `lastmodified`, `uuid`, `format_id`, `version`, `pronom_id`, `description`, `access_format`, `preservation_format`, `slug`) VALUES (NULL, 1, '2014-07-10 00:01:15', 'fb7372b4-28b8-4e53-8845-f8240ed796fa', 'eae65cfd-fcc5-4999-bedb-ff6b40f6bbc3', '1.02', 'fmt/309', 'Open Financial Exchange 1.02', 0, 0, 'open-financial-exchange-102');
INSERT INTO `fpr_idrule` (`replaces_id`, `enabled`, `lastmodified`, `uuid`, `command_id`, `format_id`, `command_output`) VALUES (NULL, 1, '2014-07-10 00:01:15', '56ac3795-cb6f-44ce-ab7a-1d5c8a97f2d5', '41efbe1b-3fc7-4b24-9290-d0fb5d0ea9e9', 'fb7372b4-28b8-4e53-8845-f8240ed796fa', '.ofx');
INSERT INTO `fpr_formatversion` (`replaces_id`, `enabled`, `lastmodified`, `uuid`, `format_id`, `version`, `pronom_id`, `description`, `access_format`, `preservation_format`, `slug`) VALUES (NULL, 1, '2014-07-10 00:01:15', '8def00ab-95fa-452b-98c1-ac5aae5f67c7', 'eae65cfd-fcc5-4999-bedb-ff6b40f6bbc3', '1.03', 'fmt/310', 'Open Financial Exchange 1.03', 0, 0, 'open-financial-exchange-103');
INSERT INTO `fpr_formatversion` (`replaces_id`, `enabled`, `lastmodified`, `uuid`, `format_id`, `version`, `pronom_id`, `description`, `access_format`, `preservation_format`, `slug`) VALUES (NULL, 1, '2014-07-10 00:01:15', 'b2c48cfd-5082-4c02-a1fe-b3e77300638a', 'eae65cfd-fcc5-4999-bedb-ff6b40f6bbc3', '1.6', 'fmt/311', 'Open Financial Exchange 1.6', 0, 0, 'open-financial-exchange-16');
INSERT INTO `fpr_formatversion` (`replaces_id`, `enabled`, `lastmodified`, `uuid`, `format_id`, `version`, `pronom_id`, `description`, `access_format`, `preservation_format`, `slug`) VALUES (NULL, 1, '2014-07-10 00:01:15', '3cdd63d7-2794-43c1-8af6-f220e0f1f455', 'eae65cfd-fcc5-4999-bedb-ff6b40f6bbc3', '2.0.3', 'fmt/312', 'Open Financial Exchange 2.03', 0, 0, 'open-financial-exchange-203');
INSERT INTO `fpr_formatversion` (`replaces_id`, `enabled`, `lastmodified`, `uuid`, `format_id`, `version`, `pronom_id`, `description`, `access_format`, `preservation_format`, `slug`) VALUES (NULL, 1, '2014-07-10 00:01:15', '5dee509f-0be0-4ad5-9711-e762338bc50e', 'eae65cfd-fcc5-4999-bedb-ff6b40f6bbc3', '2.1.1', 'fmt/313', 'Open Financial Exchange 2.1.1', 0, 0, 'open-financial-exchange-211');
INSERT INTO `fpr_format` (`uuid`, `description`, `group_id`, `slug`) VALUES ('f06b515a-359e-44bd-bfda-158e63fb5ada', 'Play SID Audio', '00abbdd0-51b3-4162-b93a-45deb4ed8654', 'play-sid-audio');
INSERT INTO `fpr_formatversion` (`replaces_id`, `enabled`, `lastmodified`, `uuid`, `format_id`, `version`, `pronom_id`, `description`, `access_format`, `preservation_format`, `slug`) VALUES (NULL, 1, '2014-07-10 00:01:15', '39343941-c1b9-4438-bc08-15a31d7eebe9', 'f06b515a-359e-44bd-bfda-158e63fb5ada', '1', 'fmt/314', 'Play Sid Audio Version 1', 0, 0, 'play-sid-audio-version-1');
INSERT INTO `fpr_idrule` (`replaces_id`, `enabled`, `lastmodified`, `uuid`, `command_id`, `format_id`, `command_output`) VALUES (NULL, 1, '2014-07-10 00:01:15', '9cbe4a6f-5fd9-4216-afb6-b7525751ff32', '41efbe1b-3fc7-4b24-9290-d0fb5d0ea9e9', '39343941-c1b9-4438-bc08-15a31d7eebe9', '.dxr');
INSERT INTO `fpr_formatversion` (`replaces_id`, `enabled`, `lastmodified`, `uuid`, `format_id`, `version`, `pronom_id`, `description`, `access_format`, `preservation_format`, `slug`) VALUES (NULL, 1, '2014-07-10 00:01:15', '05c9768c-2398-431d-86db-21b7e63b3e43', 'f06b515a-359e-44bd-bfda-158e63fb5ada', '2', 'fmt/315', 'Play Sid Audio Version 2', 0, 0, 'play-sid-audio-version-2');
INSERT INTO `fpr_format` (`uuid`, `description`, `group_id`, `slug`) VALUES ('0ccd6169-a29e-4d63-8191-de42a4ebee7c', 'Real SID Audio', '00abbdd0-51b3-4162-b93a-45deb4ed8654', 'real-sid-audio');
INSERT INTO `fpr_formatversion` (`replaces_id`, `enabled`, `lastmodified`, `uuid`, `format_id`, `version`, `pronom_id`, `description`, `access_format`, `preservation_format`, `slug`) VALUES (NULL, 1, '2014-07-10 00:01:15', 'c98cd594-101d-46ba-88a6-d62a09a688d5', '0ccd6169-a29e-4d63-8191-de42a4ebee7c', NULL, 'fmt/316', 'Real Sid Audio', 0, 0, 'real-sid-audio');
INSERT INTO `fpr_formatversion` (`replaces_id`, `enabled`, `lastmodified`, `uuid`, `format_id`, `version`, `pronom_id`, `description`, `access_format`, `preservation_format`, `slug`) VALUES (NULL, 1, '2014-07-10 00:01:15', '75daf941-5d9a-4baa-9871-3b7dca28b576', 'a7631f13-3409-455f-b949-2980dd77c2d0', 'Macintosh', 'fmt/317', 'Macromedia Director Macintosh', 0, 0, 'macromedia-director-macintosh');
INSERT INTO `fpr_format` (`uuid`, `description`, `group_id`, `slug`) VALUES ('fc6d93fa-efd9-4d45-a475-07206a143107', 'Secure DjVU', '00abbdd0-51b3-4162-b93a-45deb4ed8654', 'secure-djvu');
INSERT INTO `fpr_formatversion` (`replaces_id`, `enabled`, `lastmodified`, `uuid`, `format_id`, `version`, `pronom_id`, `description`, `access_format`, `preservation_format`, `slug`) VALUES (NULL, 1, '2014-07-10 00:01:15', 'b78e675e-2c4e-4901-81a5-b0ce22e8cfbc', 'fc6d93fa-efd9-4d45-a475-07206a143107', NULL, 'fmt/318', 'Secure DjVu', 0, 0, 'secure-djvu');
INSERT INTO `fpr_format` (`uuid`, `description`, `group_id`, `slug`) VALUES ('e7841dee-c513-4731-8660-5a20d4a18872', 'ESRI Spatial Index File', '00abbdd0-51b3-4162-b93a-45deb4ed8654', 'esri-spatial-index-file');
INSERT INTO `fpr_formatversion` (`replaces_id`, `enabled`, `lastmodified`, `uuid`, `format_id`, `version`, `pronom_id`, `description`, `access_format`, `preservation_format`, `slug`) VALUES (NULL, 1, '2014-07-10 00:01:15', '29f6a6d5-cd38-46bd-8930-3d98d04b8225', 'e7841dee-c513-4731-8660-5a20d4a18872', NULL, 'fmt/319', 'ESRI Spatial Index File', 0, 0, 'esri-spatial-index-file');
INSERT INTO `fpr_idrule` (`replaces_id`, `enabled`, `lastmodified`, `uuid`, `command_id`, `format_id`, `command_output`) VALUES (NULL, 1, '2014-07-10 00:01:15', 'e70408ab-a4b0-44f5-bc9b-92be93c1ba15', '41efbe1b-3fc7-4b24-9290-d0fb5d0ea9e9', '29f6a6d5-cd38-46bd-8930-3d98d04b8225', '.sbn');
INSERT INTO `fpr_format` (`uuid`, `description`, `group_id`, `slug`) VALUES ('c07ae5e6-8865-4520-9ea5-c8c53529256b', 'ESRI Shapefile Projection (Well-Known Text) Format', '00abbdd0-51b3-4162-b93a-45deb4ed8654', 'esri-shapefile-projection-well-known-text-format');
INSERT INTO `fpr_formatversion` (`replaces_id`, `enabled`, `lastmodified`, `uuid`, `format_id`, `version`, `pronom_id`, `description`, `access_format`, `preservation_format`, `slug`) VALUES (NULL, 1, '2014-07-10 00:01:15', 'a61de193-d39b-486c-bca0-c7acb556270f', 'c07ae5e6-8865-4520-9ea5-c8c53529256b', NULL, 'fmt/320', 'ESRI Shapefile Projection (Well-Known Text) Format', 0, 0, 'esri-shapefile-projection-well-known-text-format');
INSERT INTO `fpr_idrule` (`replaces_id`, `enabled`, `lastmodified`, `uuid`, `command_id`, `format_id`, `command_output`) VALUES (NULL, 1, '2014-07-10 00:01:15', 'fe4fc206-e923-4775-8392-caae8019509d', '41efbe1b-3fc7-4b24-9290-d0fb5d0ea9e9', 'a61de193-d39b-486c-bca0-c7acb556270f', '.prj');
INSERT INTO `fpr_format` (`uuid`, `description`, `group_id`, `slug`) VALUES ('048e931a-cfdc-4f8a-806a-44953e8d0611', 'ESRI Shapefile Header Index', '00abbdd0-51b3-4162-b93a-45deb4ed8654', 'esri-shapefile-header-index');
INSERT INTO `fpr_formatversion` (`replaces_id`, `enabled`, `lastmodified`, `uuid`, `format_id`, `version`, `pronom_id`, `description`, `access_format`, `preservation_format`, `slug`) VALUES (NULL, 1, '2014-07-10 00:01:15', '17658104-c2d2-446d-9594-7f4ff40523a3', '048e931a-cfdc-4f8a-806a-44953e8d0611', NULL, 'fmt/321', 'ESRI Shapefile Header Index', 0, 0, 'esri-shapefile-header-index');
INSERT INTO `fpr_idrule` (`replaces_id`, `enabled`, `lastmodified`, `uuid`, `command_id`, `format_id`, `command_output`) VALUES (NULL, 1, '2014-07-10 00:01:15', 'a9a34c53-8898-4c0a-a0c5-94f688b371e3', '41efbe1b-3fc7-4b24-9290-d0fb5d0ea9e9', '17658104-c2d2-446d-9594-7f4ff40523a3', '.aih');
INSERT INTO `fpr_format` (`uuid`, `description`, `group_id`, `slug`) VALUES ('484c11fd-12fe-47f9-99c1-7a208452c6aa', 'Portable Form File', '00abbdd0-51b3-4162-b93a-45deb4ed8654', 'portable-form-file');
INSERT INTO `fpr_formatversion` (`replaces_id`, `enabled`, `lastmodified`, `uuid`, `format_id`, `version`, `pronom_id`, `description`, `access_format`, `preservation_format`, `slug`) VALUES (NULL, 1, '2014-07-10 00:01:15', '0c92e29f-6037-4a23-b812-b229ab17083d', '484c11fd-12fe-47f9-99c1-7a208452c6aa', NULL, 'fmt/322', 'Portable Form File', 0, 0, 'portable-form-file');
INSERT INTO `fpr_idrule` (`replaces_id`, `enabled`, `lastmodified`, `uuid`, `command_id`, `format_id`, `command_output`) VALUES (NULL, 1, '2014-07-10 00:01:15', '0fbb841e-d5b5-4bb3-a857-cbe2fee43d9f', '41efbe1b-3fc7-4b24-9290-d0fb5d0ea9e9', '0c92e29f-6037-4a23-b812-b229ab17083d', '.pff');
INSERT INTO `fpr_format` (`uuid`, `description`, `group_id`, `slug`) VALUES ('7e75ffaa-6bcc-461c-ab17-270e5f99d595', 'Extended Module Audio File', '00abbdd0-51b3-4162-b93a-45deb4ed8654', 'extended-module-audio-file');
INSERT INTO `fpr_formatversion` (`replaces_id`, `enabled`, `lastmodified`, `uuid`, `format_id`, `version`, `pronom_id`, `description`, `access_format`, `preservation_format`, `slug`) VALUES (NULL, 1, '2014-07-10 00:01:15', '6575d95e-9f4f-4e15-bab2-7299f8ac9117', '7e75ffaa-6bcc-461c-ab17-270e5f99d595', NULL, 'fmt/323', 'Extended Module Audio', 0, 0, 'extended-module-audio');
INSERT INTO `fpr_idrule` (`replaces_id`, `enabled`, `lastmodified`, `uuid`, `command_id`, `format_id`, `command_output`) VALUES (NULL, 1, '2014-07-10 00:01:15', 'fad4581a-f259-487a-bc3e-11551a823d42', '41efbe1b-3fc7-4b24-9290-d0fb5d0ea9e9', '6575d95e-9f4f-4e15-bab2-7299f8ac9117', '.xm');
INSERT INTO `fpr_format` (`uuid`, `description`, `group_id`, `slug`) VALUES ('b5f90bbd-e61e-46e5-8a9b-d4c4ecd95105', 'EndNote Style File', '00abbdd0-51b3-4162-b93a-45deb4ed8654', 'endnote-style-file');
INSERT INTO `fpr_formatversion` (`replaces_id`, `enabled`, `lastmodified`, `uuid`, `format_id`, `version`, `pronom_id`, `description`, `access_format`, `preservation_format`, `slug`) VALUES (NULL, 1, '2014-07-10 00:01:15', 'b9ca43cb-973d-4806-8c70-7352d9e9b5d2', 'b5f90bbd-e61e-46e5-8a9b-d4c4ecd95105', NULL, 'fmt/324', 'EndNote Style (RSFTSTYL variant)', 0, 0, 'endnote-style-rsftstyl-variant');
INSERT INTO `fpr_idrule` (`replaces_id`, `enabled`, `lastmodified`, `uuid`, `command_id`, `format_id`, `command_output`) VALUES (NULL, 1, '2014-07-10 00:01:15', '401251dc-6783-4b89-9fe2-55078426838f', '41efbe1b-3fc7-4b24-9290-d0fb5d0ea9e9', 'b9ca43cb-973d-4806-8c70-7352d9e9b5d2', '.ens');
INSERT INTO `fpr_format` (`uuid`, `description`, `group_id`, `slug`) VALUES ('b29a881f-4d21-40fc-a8dc-105e4ae74b81', 'EndNote Library', '00abbdd0-51b3-4162-b93a-45deb4ed8654', 'endnote-library');
INSERT INTO `fpr_formatversion` (`replaces_id`, `enabled`, `lastmodified`, `uuid`, `format_id`, `version`, `pronom_id`, `description`, `access_format`, `preservation_format`, `slug`) VALUES (NULL, 1, '2014-07-10 00:01:15', '69ce3a0f-789b-4a91-9bf3-d788a637fee0', 'b29a881f-4d21-40fc-a8dc-105e4ae74b81', NULL, 'fmt/325', 'EndNote Library No. 1', 0, 0, 'endnote-library-no-1');
INSERT INTO `fpr_idrule` (`replaces_id`, `enabled`, `lastmodified`, `uuid`, `command_id`, `format_id`, `command_output`) VALUES (NULL, 1, '2014-07-10 00:01:15', 'f59f2096-fe5e-497e-8509-8ae094c839c8', '41efbe1b-3fc7-4b24-9290-d0fb5d0ea9e9', '69ce3a0f-789b-4a91-9bf3-d788a637fee0', '.enl');
INSERT INTO `fpr_format` (`uuid`, `description`, `group_id`, `slug`) VALUES ('1a4655b7-2a29-400a-a312-5fca604000ef', 'EndNote Connection File', '00abbdd0-51b3-4162-b93a-45deb4ed8654', 'endnote-connection-file');
INSERT INTO `fpr_formatversion` (`replaces_id`, `enabled`, `lastmodified`, `uuid`, `format_id`, `version`, `pronom_id`, `description`, `access_format`, `preservation_format`, `slug`) VALUES (NULL, 1, '2014-07-10 00:01:15', 'c46fb996-0e3a-493f-9468-18d2491cad98', '1a4655b7-2a29-400a-a312-5fca604000ef', NULL, 'fmt/326', 'EndNote Connection File', 0, 0, 'endnote-connection-file');
INSERT INTO `fpr_idrule` (`replaces_id`, `enabled`, `lastmodified`, `uuid`, `command_id`, `format_id`, `command_output`) VALUES (NULL, 1, '2014-07-10 00:01:15', '44876f8a-634f-4fd8-80ae-497e7ddb5e91', '41efbe1b-3fc7-4b24-9290-d0fb5d0ea9e9', 'c46fb996-0e3a-493f-9468-18d2491cad98', '.enz');
INSERT INTO `fpr_format` (`uuid`, `description`, `group_id`, `slug`) VALUES ('f22f1efc-db6c-44f5-bdb9-21cbf2c692fd', 'EndNote Filter File', '00abbdd0-51b3-4162-b93a-45deb4ed8654', 'endnote-filter-file');
INSERT INTO `fpr_formatversion` (`replaces_id`, `enabled`, `lastmodified`, `uuid`, `format_id`, `version`, `pronom_id`, `description`, `access_format`, `preservation_format`, `slug`) VALUES (NULL, 1, '2014-07-10 00:01:15', '49b1a77c-e564-4081-89e9-6cc1e4621c93', 'f22f1efc-db6c-44f5-bdb9-21cbf2c692fd', NULL, 'fmt/327', 'EndNote Filter File', 0, 0, 'endnote-filter-file');
INSERT INTO `fpr_idrule` (`replaces_id`, `enabled`, `lastmodified`, `uuid`, `command_id`, `format_id`, `command_output`) VALUES (NULL, 1, '2014-07-10 00:01:15', 'b9b7f846-27c6-4d96-930f-f29b108fcf8f', '41efbe1b-3fc7-4b24-9290-d0fb5d0ea9e9', '49b1a77c-e564-4081-89e9-6cc1e4621c93', '.enf');
INSERT INTO `fpr_format` (`uuid`, `description`, `group_id`, `slug`) VALUES ('f44bca0d-636b-4293-ada1-c0eff42508ed', 'EndNote Import File', '00abbdd0-51b3-4162-b93a-45deb4ed8654', 'endnote-import-file');
INSERT INTO `fpr_formatversion` (`replaces_id`, `enabled`, `lastmodified`, `uuid`, `format_id`, `version`, `pronom_id`, `description`, `access_format`, `preservation_format`, `slug`) VALUES (NULL, 1, '2014-07-10 00:01:15', '18b2d7fc-00fa-458b-b245-7546e7a09af0', 'f44bca0d-636b-4293-ada1-c0eff42508ed', NULL, 'fmt/328', 'EndNote Import File No.1', 0, 0, 'endnote-import-file-no1');
INSERT INTO `fpr_idrule` (`replaces_id`, `enabled`, `lastmodified`, `uuid`, `command_id`, `format_id`, `command_output`) VALUES (NULL, 1, '2014-07-10 00:01:15', '8e447bfc-151a-4781-9285-5115ae6401fe', '41efbe1b-3fc7-4b24-9290-d0fb5d0ea9e9', '18b2d7fc-00fa-458b-b245-7546e7a09af0', '.enw');
INSERT INTO `fpr_format` (`uuid`, `description`, `group_id`, `slug`) VALUES ('fbad517e-b6de-4ccb-989e-f316d1682ee7', 'Shell Archive Format', '00abbdd0-51b3-4162-b93a-45deb4ed8654', 'shell-archive-format');
INSERT INTO `fpr_formatversion` (`replaces_id`, `enabled`, `lastmodified`, `uuid`, `format_id`, `version`, `pronom_id`, `description`, `access_format`, `preservation_format`, `slug`) VALUES (NULL, 1, '2014-07-10 00:01:15', '912553ed-58df-44d9-8d4c-2201ee98a108', 'fbad517e-b6de-4ccb-989e-f316d1682ee7', NULL, 'fmt/329', 'Shell Archive No. 1', 0, 0, 'shell-archive-no-1');
INSERT INTO `fpr_idrule` (`replaces_id`, `enabled`, `lastmodified`, `uuid`, `command_id`, `format_id`, `command_output`) VALUES (NULL, 1, '2014-07-10 00:01:15', '4f694879-2117-45c0-8729-8d1710ef8502', '41efbe1b-3fc7-4b24-9290-d0fb5d0ea9e9', '912553ed-58df-44d9-8d4c-2201ee98a108', '.shar');
INSERT INTO `fpr_format` (`uuid`, `description`, `group_id`, `slug`) VALUES ('ca1bbe90-7143-44fb-8189-72c22c8a9b64', 'Peak Graphical Waveform File', '00abbdd0-51b3-4162-b93a-45deb4ed8654', 'peak-graphical-waveform-file');
INSERT INTO `fpr_formatversion` (`replaces_id`, `enabled`, `lastmodified`, `uuid`, `format_id`, `version`, `pronom_id`, `description`, `access_format`, `preservation_format`, `slug`) VALUES (NULL, 1, '2014-07-10 00:01:15', '5233c519-2435-43a7-beb7-93f6dbaf6fe2', 'ca1bbe90-7143-44fb-8189-72c22c8a9b64', NULL, 'fmt/330', 'Peak File', 0, 0, 'peak-file');
INSERT INTO `fpr_idrule` (`replaces_id`, `enabled`, `lastmodified`, `uuid`, `command_id`, `format_id`, `command_output`) VALUES (NULL, 1, '2014-07-10 00:01:15', 'f68afbaa-b317-4eb9-bc94-d266b8895579', '41efbe1b-3fc7-4b24-9290-d0fb5d0ea9e9', '5233c519-2435-43a7-beb7-93f6dbaf6fe2', '.pk');
INSERT INTO `fpr_format` (`uuid`, `description`, `group_id`, `slug`) VALUES ('8eaf969e-d9fb-4d9a-8dc6-62bd23a20aa4', 'Autorun Configuration File', '00abbdd0-51b3-4162-b93a-45deb4ed8654', 'autorun-configuration-file');
INSERT INTO `fpr_formatversion` (`replaces_id`, `enabled`, `lastmodified`, `uuid`, `format_id`, `version`, `pronom_id`, `description`, `access_format`, `preservation_format`, `slug`) VALUES (NULL, 1, '2014-07-10 00:01:15', '5e1dea65-a8bb-4be2-805d-f3f664194323', '8eaf969e-d9fb-4d9a-8dc6-62bd23a20aa4', NULL, 'fmt/331', 'Autorun Configuration File', 0, 0, 'autorun-configuration-file');
INSERT INTO `fpr_formatversion` (`replaces_id`, `enabled`, `lastmodified`, `uuid`, `format_id`, `version`, `pronom_id`, `description`, `access_format`, `preservation_format`, `slug`) VALUES (NULL, 1, '2014-07-10 00:01:15', 'b6615ed1-a0c0-4425-b44a-ddaffff58ec0', 'd27a4450-f9c4-4460-9c5a-2d8796634eb9', '3.x', 'fmt/332', 'ESRI Arc/View Project Version 3.x', 0, 0, 'esri-arcview-project-version-3x');
INSERT INTO `fpr_format` (`uuid`, `description`, `group_id`, `slug`) VALUES ('2ad435b2-5d39-445c-a56a-b7841ef7fc30', 'Chemical Markup Language', '00abbdd0-51b3-4162-b93a-45deb4ed8654', 'chemical-markup-language');
INSERT INTO `fpr_formatversion` (`replaces_id`, `enabled`, `lastmodified`, `uuid`, `format_id`, `version`, `pronom_id`, `description`, `access_format`, `preservation_format`, `slug`) VALUES (NULL, 1, '2014-07-10 00:01:15', '218677bd-859e-46b8-8d02-0ded9d4a6ce5', '2ad435b2-5d39-445c-a56a-b7841ef7fc30', NULL, 'fmt/333', 'Chemical Markup Language', 0, 0, 'chemical-markup-language');
INSERT INTO `fpr_idrule` (`replaces_id`, `enabled`, `lastmodified`, `uuid`, `command_id`, `format_id`, `command_output`) VALUES (NULL, 1, '2014-07-10 00:01:15', '0094ddfe-bd65-4f6d-afa9-05c01dc60825', '41efbe1b-3fc7-4b24-9290-d0fb5d0ea9e9', '218677bd-859e-46b8-8d02-0ded9d4a6ce5', '.cml');
INSERT INTO `fpr_format` (`uuid`, `description`, `group_id`, `slug`) VALUES ('0c237bfe-69b5-44cc-8ccd-f335f824de5f', 'Crystallographic Information Framework', '00abbdd0-51b3-4162-b93a-45deb4ed8654', 'crystallographic-information-framework');
INSERT INTO `fpr_formatversion` (`replaces_id`, `enabled`, `lastmodified`, `uuid`, `format_id`, `version`, `pronom_id`, `description`, `access_format`, `preservation_format`, `slug`) VALUES (NULL, 1, '2014-07-10 00:01:15', '421c76a9-b839-463b-a836-28e940d7ed71', '0c237bfe-69b5-44cc-8ccd-f335f824de5f', NULL, 'fmt/334', 'CIF (Crystallographic Information File)', 0, 0, 'cif-crystallographic-information-file');
INSERT INTO `fpr_idrule` (`replaces_id`, `enabled`, `lastmodified`, `uuid`, `command_id`, `format_id`, `command_output`) VALUES (NULL, 1, '2014-07-10 00:01:15', 'e6167a75-109b-4d7f-9e1e-be2a9b702878', '41efbe1b-3fc7-4b24-9290-d0fb5d0ea9e9', '421c76a9-b839-463b-a836-28e940d7ed71', '.cif');
INSERT INTO `fpr_format` (`uuid`, `description`, `group_id`, `slug`) VALUES ('4f4af425-0d60-4487-9b73-6ba579c89df1', 'Dreamweaver Lock File', '00abbdd0-51b3-4162-b93a-45deb4ed8654', 'dreamweaver-lock-file');
INSERT INTO `fpr_formatversion` (`replaces_id`, `enabled`, `lastmodified`, `uuid`, `format_id`, `version`, `pronom_id`, `description`, `access_format`, `preservation_format`, `slug`) VALUES (NULL, 1, '2014-07-10 00:01:15', 'cc4b12b4-d5f1-4f39-83cf-bfaef9cf6944', '4f4af425-0d60-4487-9b73-6ba579c89df1', NULL, 'fmt/335', 'Dreamweaver Lock File', 0, 0, 'dreamweaver-lock-file');
INSERT INTO `fpr_format` (`uuid`, `description`, `group_id`, `slug`) VALUES ('94322c35-a699-4889-842c-d3d3bee61b03', 'Graphic Workshop for Windows Thumbnail File', '00abbdd0-51b3-4162-b93a-45deb4ed8654', 'graphic-workshop-for-windows-thumbnail-file');
INSERT INTO `fpr_formatversion` (`replaces_id`, `enabled`, `lastmodified`, `uuid`, `format_id`, `version`, `pronom_id`, `description`, `access_format`, `preservation_format`, `slug`) VALUES (NULL, 1, '2014-07-10 00:01:15', 'bb2924ca-0367-433f-bbbb-cb9bb2efc2ab', '94322c35-a699-4889-842c-d3d3bee61b03', NULL, 'fmt/336', 'Graphic Workshop Thumbnail File', 0, 0, 'graphic-workshop-thumbnail-file');
INSERT INTO `fpr_idrule` (`replaces_id`, `enabled`, `lastmodified`, `uuid`, `command_id`, `format_id`, `command_output`) VALUES (NULL, 1, '2014-07-10 00:01:15', '9809ac24-a60d-426d-ad31-4faa778f40ce', '41efbe1b-3fc7-4b24-9290-d0fb5d0ea9e9', 'bb2924ca-0367-433f-bbbb-cb9bb2efc2ab', '.thn');
INSERT INTO `fpr_format` (`uuid`, `description`, `group_id`, `slug`) VALUES ('01763374-8120-4224-8e4a-edd236a98883', 'MJ2 (Motion JPEG 2000)', '00abbdd0-51b3-4162-b93a-45deb4ed8654', 'mj2-motion-jpeg-2000');
INSERT INTO `fpr_formatversion` (`replaces_id`, `enabled`, `lastmodified`, `uuid`, `format_id`, `version`, `pronom_id`, `description`, `access_format`, `preservation_format`, `slug`) VALUES (NULL, 1, '2014-07-10 00:01:15', 'e9bd3791-b34b-4c02-861d-9b69b0b9f4d9', '01763374-8120-4224-8e4a-edd236a98883', NULL, 'fmt/337', 'Motion JPEG 2000', 0, 0, 'motion-jpeg-2000');
INSERT INTO `fpr_idrule` (`replaces_id`, `enabled`, `lastmodified`, `uuid`, `command_id`, `format_id`, `command_output`) VALUES (NULL, 1, '2014-07-10 00:01:15', 'ee79d39f-9f3f-4c6d-9d66-7354edb50913', '41efbe1b-3fc7-4b24-9290-d0fb5d0ea9e9', 'e9bd3791-b34b-4c02-861d-9b69b0b9f4d9', '.mj2');
INSERT INTO `fpr_format` (`uuid`, `description`, `group_id`, `slug`) VALUES ('a4b138c6-43aa-4652-b710-381023cc9831', 'Interchange File Format Interleaved Bitmap', '00abbdd0-51b3-4162-b93a-45deb4ed8654', 'interchange-file-format-interleaved-bitmap');
INSERT INTO `fpr_formatversion` (`replaces_id`, `enabled`, `lastmodified`, `uuid`, `format_id`, `version`, `pronom_id`, `description`, `access_format`, `preservation_format`, `slug`) VALUES (NULL, 1, '2014-07-10 00:01:15', 'bf52e410-9b5a-45e5-9746-006c0bbbe2d3', 'a4b138c6-43aa-4652-b710-381023cc9831', NULL, 'fmt/338', 'Interchange File Format Interleaved Bitmap', 0, 0, 'interchange-file-format-interleaved-bitmap');
INSERT INTO `fpr_format` (`uuid`, `description`, `group_id`, `slug`) VALUES ('9ae60671-919e-4914-87a8-5582f8a1d89e', 'Interchange File Format 8-bit Sampled Voice', '00abbdd0-51b3-4162-b93a-45deb4ed8654', 'interchange-file-format-8-bit-sampled-voice');
INSERT INTO `fpr_formatversion` (`replaces_id`, `enabled`, `lastmodified`, `uuid`, `format_id`, `version`, `pronom_id`, `description`, `access_format`, `preservation_format`, `slug`) VALUES (NULL, 1, '2014-07-10 00:01:15', '2ee595de-fd0b-409a-a99b-c029c7087695', '9ae60671-919e-4914-87a8-5582f8a1d89e', NULL, 'fmt/339', 'Interchange Format File 8-bit Sampled Voice', 0, 0, 'interchange-format-file-8-bit-sampled-voice');
INSERT INTO `fpr_formatversion` (`replaces_id`, `enabled`, `lastmodified`, `uuid`, `format_id`, `version`, `pronom_id`, `description`, `access_format`, `preservation_format`, `slug`) VALUES (NULL, 1, '2014-07-10 00:01:15', '2ff18815-4c0c-489f-8b51-b7fae28b9a23', 'c9e5fc6c-aba2-4dad-ae4a-3ae52e1c2aa8', '', 'fmt/340', 'Lotus WordPro 97/Millennium', 0, 0, 'lotus-wordpro-97millennium');
INSERT INTO `fpr_formatversion` (`replaces_id`, `enabled`, `lastmodified`, `uuid`, `format_id`, `version`, `pronom_id`, `description`, `access_format`, `preservation_format`, `slug`) VALUES (NULL, 1, '2014-07-10 00:01:15', 'dc7d006e-4de7-4b9c-a1a1-4dd4d0ac8f26', '7ace35d0-f681-4c8f-9347-38b1368d5614', '4.0', 'fmt/342', 'Microsoft Project Export File 4.0', 0, 0, 'microsoft-project-export-file-40');
INSERT INTO `fpr_formatversion` (`replaces_id`, `enabled`, `lastmodified`, `uuid`, `format_id`, `version`, `pronom_id`, `description`, `access_format`, `preservation_format`, `slug`) VALUES (NULL, 1, '2014-07-10 00:01:15', 'e25e4eb9-49d3-4118-a1f8-8f288134d76b', '7ace35d0-f681-4c8f-9347-38b1368d5614', '3.0', 'fmt/343', 'Microsoft Project Export File 3.0', 0, 0, 'microsoft-project-export-file-30');
INSERT INTO `fpr_formatversion` (`replaces_id`, `enabled`, `lastmodified`, `uuid`, `format_id`, `version`, `pronom_id`, `description`, `access_format`, `preservation_format`, `slug`) VALUES (NULL, 1, '2014-07-10 00:01:15', 'bb52ad21-e1c7-4512-bba3-6f0d61326368', '3f2c334e-3926-41f3-bc82-9451309e50d1', '2.0', 'fmt/344', 'Microsoft Windows Enhanced Metafile 2.0 (Variation 1)', 0, 0, 'microsoft-windows-enhanced-metafile-20-variation-1');
INSERT INTO `fpr_formatversion` (`replaces_id`, `enabled`, `lastmodified`, `uuid`, `format_id`, `version`, `pronom_id`, `description`, `access_format`, `preservation_format`, `slug`) VALUES (NULL, 1, '2014-07-10 00:01:15', 'd7f2fb6a-f2b0-4a51-83e7-076418e179bb', '3f2c334e-3926-41f3-bc82-9451309e50d1', '3.0', 'fmt/345', 'Microsoft Windows Enhanced Metafile 3.0 (Variation 1)', 0, 0, 'microsoft-windows-enhanced-metafile-30-variation-1');
INSERT INTO `fpr_formatversion` (`replaces_id`, `enabled`, `lastmodified`, `uuid`, `format_id`, `version`, `pronom_id`, `description`, `access_format`, `preservation_format`, `slug`) VALUES (NULL, 1, '2014-07-10 00:01:15', '8ee6d2e8-65a8-45f1-ad5c-107e467d6fdb', 'b76ca95e-bf15-4e76-b5fc-c6277838e8ad', '1.0', 'fmt/346', 'Microsoft Word for Macintosh Document 1.0', 0, 0, 'microsoft-word-for-macintosh-document-10');
INSERT INTO `fpr_formatversion` (`replaces_id`, `enabled`, `lastmodified`, `uuid`, `format_id`, `version`, `pronom_id`, `description`, `access_format`, `preservation_format`, `slug`) VALUES (NULL, 1, '2014-07-10 00:01:15', 'c5de1885-7998-4658-952e-a7e6a1ca939d', '366bc17b-59cd-4826-907d-a0a45d84d73b', '9', 'fmt/348', 'Paint Shop Pro Image 9', 0, 0, 'paint-shop-pro-image-9');
INSERT INTO `fpr_formatversion` (`replaces_id`, `enabled`, `lastmodified`, `uuid`, `format_id`, `version`, `pronom_id`, `description`, `access_format`, `preservation_format`, `slug`) VALUES (NULL, 1, '2014-07-10 00:01:15', '50fa2b2f-7dad-4871-af92-b0b000665cc4', '366bc17b-59cd-4826-907d-a0a45d84d73b', '10', 'fmt/349', 'Paint Shop Pro Image 10', 0, 0, 'paint-shop-pro-image-10');
INSERT INTO `fpr_formatversion` (`replaces_id`, `enabled`, `lastmodified`, `uuid`, `format_id`, `version`, `pronom_id`, `description`, `access_format`, `preservation_format`, `slug`) VALUES (NULL, 1, '2014-07-10 00:01:15', '31f5269a-ca0a-4834-8633-f59dd30655ae', 'e0f09e75-b9e9-44ca-90a5-d6d280a357dc', '3.0', 'fmt/350', 'Paradox Database Table 3.0', 0, 0, 'paradox-database-table-30');
INSERT INTO `fpr_formatversion` (`replaces_id`, `enabled`, `lastmodified`, `uuid`, `format_id`, `version`, `pronom_id`, `description`, `access_format`, `preservation_format`, `slug`) VALUES (NULL, 1, '2014-07-10 00:01:15', 'e888ecb8-cba4-4c56-bc8f-b322f14dcabb', 'e0f09e75-b9e9-44ca-90a5-d6d280a357dc', '4.0', 'fmt/351', 'Paradox Database Table 4.0', 0, 0, 'paradox-database-table-40');
INSERT INTO `fpr_formatversion` (`replaces_id`, `enabled`, `lastmodified`, `uuid`, `format_id`, `version`, `pronom_id`, `description`, `access_format`, `preservation_format`, `slug`) VALUES (NULL, 1, '2014-07-10 00:01:15', 'd2816f7a-7c7d-46f7-b025-d377ee02c2e7', 'e0f09e75-b9e9-44ca-90a5-d6d280a357dc', '5.0', 'fmt/352', 'Paradox Database Table 5.0', 0, 0, 'paradox-database-table-50');
INSERT INTO `fpr_format` (`uuid`, `description`, `group_id`, `slug`) VALUES ('e85a6321-484c-48f4-b28e-71ddca626a97', 'Adaptive Multi-Rate Audio', '00abbdd0-51b3-4162-b93a-45deb4ed8654', 'adaptive-multi-rate-audio');
INSERT INTO `fpr_formatversion` (`replaces_id`, `enabled`, `lastmodified`, `uuid`, `format_id`, `version`, `pronom_id`, `description`, `access_format`, `preservation_format`, `slug`) VALUES (NULL, 1, '2014-07-10 00:01:15', '5c17c327-c66c-428a-aaa5-b1dd3f41a5dc', 'e85a6321-484c-48f4-b28e-71ddca626a97', NULL, 'fmt/356', 'Adaptive Multi-Rate Audio', 0, 0, 'adaptive-multi-rate-audio');
INSERT INTO `fpr_idrule` (`replaces_id`, `enabled`, `lastmodified`, `uuid`, `command_id`, `format_id`, `command_output`) VALUES (NULL, 1, '2014-07-10 00:01:15', '49abe958-f6e7-4ef3-9e0d-d3e59ce2eb2f', '41efbe1b-3fc7-4b24-9290-d0fb5d0ea9e9', '5c17c327-c66c-428a-aaa5-b1dd3f41a5dc', '.amr');
INSERT INTO `fpr_format` (`uuid`, `description`, `group_id`, `slug`) VALUES ('3fbeb0e9-493a-4751-98df-c90129d2ca2a', '3GPP Audio/Video File', '00abbdd0-51b3-4162-b93a-45deb4ed8654', '3gpp-audiovideo-file');
INSERT INTO `fpr_formatversion` (`replaces_id`, `enabled`, `lastmodified`, `uuid`, `format_id`, `version`, `pronom_id`, `description`, `access_format`, `preservation_format`, `slug`) VALUES (NULL, 1, '2014-07-10 00:01:15', '2f6fc164-29e6-4746-b4b1-db4b4b66c7bc', '3fbeb0e9-493a-4751-98df-c90129d2ca2a', NULL, 'fmt/357', '3GPP Audio/Video File', 0, 0, '3gpp-audiovideo-file');
INSERT INTO `fpr_idrule` (`replaces_id`, `enabled`, `lastmodified`, `uuid`, `command_id`, `format_id`, `command_output`) VALUES (NULL, 1, '2014-07-10 00:01:15', '8584e316-c536-48f6-a049-2362fd38cd8c', '41efbe1b-3fc7-4b24-9290-d0fb5d0ea9e9', '2f6fc164-29e6-4746-b4b1-db4b4b66c7bc', '.3gp');
INSERT INTO `fpr_format` (`uuid`, `description`, `group_id`, `slug`) VALUES ('bb7af89a-4ad0-41db-9aa4-dfee88003ba9', 'Internet Data Query File', '00abbdd0-51b3-4162-b93a-45deb4ed8654', 'internet-data-query-file');
INSERT INTO `fpr_formatversion` (`replaces_id`, `enabled`, `lastmodified`, `uuid`, `format_id`, `version`, `pronom_id`, `description`, `access_format`, `preservation_format`, `slug`) VALUES (NULL, 1, '2014-07-10 00:01:15', 'e4d994f5-8a10-4639-80f7-f3af731092e2', 'bb7af89a-4ad0-41db-9aa4-dfee88003ba9', NULL, 'fmt/358', 'Internet Data Query file', 0, 0, 'internet-data-query-file');
INSERT INTO `fpr_idrule` (`replaces_id`, `enabled`, `lastmodified`, `uuid`, `command_id`, `format_id`, `command_output`) VALUES (NULL, 1, '2014-07-10 00:01:15', 'ff743a7e-8e53-4b66-992c-6f2ff9b84e2a', '41efbe1b-3fc7-4b24-9290-d0fb5d0ea9e9', 'e4d994f5-8a10-4639-80f7-f3af731092e2', '.idq');
INSERT INTO `fpr_format` (`uuid`, `description`, `group_id`, `slug`) VALUES ('9880d87a-2618-4bff-a717-8c3acd7c3c4a', 'Microsoft Front Page Binary Tree Index', '00abbdd0-51b3-4162-b93a-45deb4ed8654', 'microsoft-front-page-binary-tree-index');
INSERT INTO `fpr_formatversion` (`replaces_id`, `enabled`, `lastmodified`, `uuid`, `format_id`, `version`, `pronom_id`, `description`, `access_format`, `preservation_format`, `slug`) VALUES (NULL, 1, '2014-07-10 00:01:15', 'd72c60e6-846c-4ba3-8c04-78df71d06412', '9880d87a-2618-4bff-a717-8c3acd7c3c4a', NULL, 'fmt/359', 'Microsoft FrontPage Binary Tree Index', 0, 0, 'microsoft-frontpage-binary-tree-index');
INSERT INTO `fpr_format` (`uuid`, `description`, `group_id`, `slug`) VALUES ('27d2f18c-eb84-4a33-b862-d1bcb359b036', 'pulse EKKO data file', '00abbdd0-51b3-4162-b93a-45deb4ed8654', 'pulse-ekko-data-file');
INSERT INTO `fpr_formatversion` (`replaces_id`, `enabled`, `lastmodified`, `uuid`, `format_id`, `version`, `pronom_id`, `description`, `access_format`, `preservation_format`, `slug`) VALUES (NULL, 1, '2014-07-10 00:01:15', 'cb37ecb5-3f0b-4e0d-8978-d164b77fd66e', '27d2f18c-eb84-4a33-b862-d1bcb359b036', NULL, 'fmt/360', 'pulse EKKO data file', 0, 0, 'pulse-ekko-data-file');
INSERT INTO `fpr_idrule` (`replaces_id`, `enabled`, `lastmodified`, `uuid`, `command_id`, `format_id`, `command_output`) VALUES (NULL, 1, '2014-07-10 00:01:15', '460bc998-fefa-4e84-89a5-251c65adf217', '41efbe1b-3fc7-4b24-9290-d0fb5d0ea9e9', 'cb37ecb5-3f0b-4e0d-8978-d164b77fd66e', '.dt1');
INSERT INTO `fpr_format` (`uuid`, `description`, `group_id`, `slug`) VALUES ('496bda63-86b5-4789-9aa6-855e2c631704', 'pulse EKKO header file', '00abbdd0-51b3-4162-b93a-45deb4ed8654', 'pulse-ekko-header-file');
INSERT INTO `fpr_formatversion` (`replaces_id`, `enabled`, `lastmodified`, `uuid`, `format_id`, `version`, `pronom_id`, `description`, `access_format`, `preservation_format`, `slug`) VALUES (NULL, 1, '2014-07-10 00:01:15', 'f2aada82-68f8-4a42-9f85-45088509e447', '496bda63-86b5-4789-9aa6-855e2c631704', NULL, 'fmt/361', 'pulse EKKO header file', 0, 0, 'pulse-ekko-header-file');
INSERT INTO `fpr_idrule` (`replaces_id`, `enabled`, `lastmodified`, `uuid`, `command_id`, `format_id`, `command_output`) VALUES (NULL, 1, '2014-07-10 00:01:15', 'bac97a68-717b-423f-920d-e75b261c0a56', '41efbe1b-3fc7-4b24-9290-d0fb5d0ea9e9', 'f2aada82-68f8-4a42-9f85-45088509e447', '.hd');
INSERT INTO `fpr_format` (`uuid`, `description`, `group_id`, `slug`) VALUES ('63f81eb0-4842-4e8c-8081-e5edc423b0cf', 'GSSI SIR-10 RADAN data file', '00abbdd0-51b3-4162-b93a-45deb4ed8654', 'gssi-sir-10-radan-data-file');
INSERT INTO `fpr_formatversion` (`replaces_id`, `enabled`, `lastmodified`, `uuid`, `format_id`, `version`, `pronom_id`, `description`, `access_format`, `preservation_format`, `slug`) VALUES (NULL, 1, '2014-07-10 00:01:15', 'aa4727c3-1fe7-4a87-af3a-963693539e06', '63f81eb0-4842-4e8c-8081-e5edc423b0cf', NULL, 'fmt/362', 'GSSI SIR-10 RADAN data file', 0, 0, 'gssi-sir-10-radan-data-file');
INSERT INTO `fpr_idrule` (`replaces_id`, `enabled`, `lastmodified`, `uuid`, `command_id`, `format_id`, `command_output`) VALUES (NULL, 1, '2014-07-10 00:01:15', '31432205-7dd1-4fff-bca1-9a89e17f27b2', '41efbe1b-3fc7-4b24-9290-d0fb5d0ea9e9', 'aa4727c3-1fe7-4a87-af3a-963693539e06', '.dzt');
INSERT INTO `fpr_format` (`uuid`, `description`, `group_id`, `slug`) VALUES ('7a9f2c8b-99cd-4fc4-928c-fae88cd58e8d', 'SEG Y Data Exchange Format', '00abbdd0-51b3-4162-b93a-45deb4ed8654', 'seg-y-data-exchange-format');
INSERT INTO `fpr_formatversion` (`replaces_id`, `enabled`, `lastmodified`, `uuid`, `format_id`, `version`, `pronom_id`, `description`, `access_format`, `preservation_format`, `slug`) VALUES (NULL, 1, '2014-07-10 00:01:15', '16c0bcaf-c617-4036-b614-8ddfc0f525a8', '7a9f2c8b-99cd-4fc4-928c-fae88cd58e8d', 'Generic', 'fmt/363', 'SEG Y Data Exchange Format (Generic 1)', 0, 0, 'seg-y-data-exchange-format-generic-1');
INSERT INTO `fpr_idrule` (`replaces_id`, `enabled`, `lastmodified`, `uuid`, `command_id`, `format_id`, `command_output`) VALUES (NULL, 1, '2014-07-10 00:01:15', '39c12980-5d1d-4945-bc15-b8e0cd37c655', '41efbe1b-3fc7-4b24-9290-d0fb5d0ea9e9', '16c0bcaf-c617-4036-b614-8ddfc0f525a8', '.segy');
INSERT INTO `fpr_format` (`uuid`, `description`, `group_id`, `slug`) VALUES ('3d7c8072-24f4-4a90-9d9f-b8edd7e495ad', 'National Imagery Transmission Format', '00abbdd0-51b3-4162-b93a-45deb4ed8654', 'national-imagery-transmission-format');
INSERT INTO `fpr_formatversion` (`replaces_id`, `enabled`, `lastmodified`, `uuid`, `format_id`, `version`, `pronom_id`, `description`, `access_format`, `preservation_format`, `slug`) VALUES (NULL, 1, '2014-07-10 00:01:15', '2aafc6e3-a02a-4d6f-9c4a-d3b260abc787', '3d7c8072-24f4-4a90-9d9f-b8edd7e495ad', '1.0', 'fmt/364', 'National Imagery Transmission Format 1.0', 0, 0, 'national-imagery-transmission-format-10');
INSERT INTO `fpr_idrule` (`replaces_id`, `enabled`, `lastmodified`, `uuid`, `command_id`, `format_id`, `command_output`) VALUES (NULL, 1, '2014-07-10 00:01:15', 'bd576e0f-6b80-46c2-986f-01e95bb351e7', '41efbe1b-3fc7-4b24-9290-d0fb5d0ea9e9', '2aafc6e3-a02a-4d6f-9c4a-d3b260abc787', '.ntf');
INSERT INTO `fpr_formatversion` (`replaces_id`, `enabled`, `lastmodified`, `uuid`, `format_id`, `version`, `pronom_id`, `description`, `access_format`, `preservation_format`, `slug`) VALUES (NULL, 1, '2014-07-10 00:01:15', 'a92be3a9-917b-44e2-ab7b-03a79a71fd4e', '3d7c8072-24f4-4a90-9d9f-b8edd7e495ad', '2.0', 'fmt/365', 'National Imagery Transmission Format 2.0', 0, 0, 'national-imagery-transmission-format-20');
INSERT INTO `fpr_formatversion` (`replaces_id`, `enabled`, `lastmodified`, `uuid`, `format_id`, `version`, `pronom_id`, `description`, `access_format`, `preservation_format`, `slug`) VALUES (NULL, 1, '2014-07-10 00:01:15', '92d897ac-5215-437a-be57-dec4e1575c8d', '3d7c8072-24f4-4a90-9d9f-b8edd7e495ad', '2.1', 'fmt/366', 'National Imagery Transmission Format 2.1', 0, 0, 'national-imagery-transmission-format-21');
INSERT INTO `fpr_format` (`uuid`, `description`, `group_id`, `slug`) VALUES ('e0359e97-494e-44e8-a61e-dbc775d1d0b8', 'ASPRS Lidar Data Exchange Format', '00abbdd0-51b3-4162-b93a-45deb4ed8654', 'asprs-lidar-data-exchange-format');
INSERT INTO `fpr_formatversion` (`replaces_id`, `enabled`, `lastmodified`, `uuid`, `format_id`, `version`, `pronom_id`, `description`, `access_format`, `preservation_format`, `slug`) VALUES (NULL, 1, '2014-07-10 00:01:15', '9a077932-8ade-4d43-a3b9-b3ac5233c46d', 'e0359e97-494e-44e8-a61e-dbc775d1d0b8', '1.0', 'fmt/368', 'ASPRS Lidar Data Exchange Format 1.0', 0, 0, 'asprs-lidar-data-exchange-format-10');
INSERT INTO `fpr_formatversion` (`replaces_id`, `enabled`, `lastmodified`, `uuid`, `format_id`, `version`, `pronom_id`, `description`, `access_format`, `preservation_format`, `slug`) VALUES (NULL, 1, '2014-07-10 00:01:15', 'ae63d859-a920-4cb4-bed3-8836500b2592', 'e0359e97-494e-44e8-a61e-dbc775d1d0b8', '1.1', 'fmt/369', 'ASPRS Lidar Data Exchange Format 1.1', 0, 0, 'asprs-lidar-data-exchange-format-11');
INSERT INTO `fpr_formatversion` (`replaces_id`, `enabled`, `lastmodified`, `uuid`, `format_id`, `version`, `pronom_id`, `description`, `access_format`, `preservation_format`, `slug`) VALUES (NULL, 1, '2014-07-10 00:01:15', '41b740f9-d1a7-4830-9834-66a36856162e', 'e0359e97-494e-44e8-a61e-dbc775d1d0b8', '1.2', 'fmt/370', 'ASPRS Lidar Data Exchange Format 1.2', 0, 0, 'asprs-lidar-data-exchange-format-12');
INSERT INTO `fpr_format` (`uuid`, `description`, `group_id`, `slug`) VALUES ('940aef4f-c1c1-4c98-94b1-4a9468963951', 'Enhanced Compression Wavelet', '00abbdd0-51b3-4162-b93a-45deb4ed8654', 'enhanced-compression-wavelet');
INSERT INTO `fpr_formatversion` (`replaces_id`, `enabled`, `lastmodified`, `uuid`, `format_id`, `version`, `pronom_id`, `description`, `access_format`, `preservation_format`, `slug`) VALUES (NULL, 1, '2014-07-10 00:01:15', '61bf524f-02c0-4733-ae7f-57b9b6d3ff16', '940aef4f-c1c1-4c98-94b1-4a9468963951', NULL, 'fmt/371', 'Enhanced Compression Wavelet', 0, 0, 'enhanced-compression-wavelet');
INSERT INTO `fpr_idrule` (`replaces_id`, `enabled`, `lastmodified`, `uuid`, `command_id`, `format_id`, `command_output`) VALUES (NULL, 1, '2014-07-10 00:01:15', 'd9641959-0eb4-495f-abef-d8dd12ce4190', '41efbe1b-3fc7-4b24-9290-d0fb5d0ea9e9', '61bf524f-02c0-4733-ae7f-57b9b6d3ff16', '.ecw');
INSERT INTO `fpr_format` (`uuid`, `description`, `group_id`, `slug`) VALUES ('09109f45-3864-4225-a30e-7f0f2fa40d80', 'Earth Resource Satellite image header format', '00abbdd0-51b3-4162-b93a-45deb4ed8654', 'earth-resource-satellite-image-header-format');
INSERT INTO `fpr_formatversion` (`replaces_id`, `enabled`, `lastmodified`, `uuid`, `format_id`, `version`, `pronom_id`, `description`, `access_format`, `preservation_format`, `slug`) VALUES (NULL, 1, '2014-07-10 00:01:15', 'fb31d28f-e061-451f-8b53-626b2a0a7bb5', '09109f45-3864-4225-a30e-7f0f2fa40d80', NULL, 'fmt/372', 'Earth Resource Satellite image header format', 0, 0, 'earth-resource-satellite-image-header-format');
INSERT INTO `fpr_idrule` (`replaces_id`, `enabled`, `lastmodified`, `uuid`, `command_id`, `format_id`, `command_output`) VALUES (NULL, 1, '2014-07-10 00:01:15', '913021a5-6581-4d69-b9e9-c912ff8dd341', '41efbe1b-3fc7-4b24-9290-d0fb5d0ea9e9', 'fb31d28f-e061-451f-8b53-626b2a0a7bb5', '.ers');
INSERT INTO `fpr_formatversion` (`replaces_id`, `enabled`, `lastmodified`, `uuid`, `format_id`, `version`, `pronom_id`, `description`, `access_format`, `preservation_format`, `slug`) VALUES (NULL, 1, '2014-07-10 00:01:15', 'ed90229c-e120-4c04-9346-63ebe3fd3600', '3a086089-bd6c-43a2-9348-6272c39c15f7', '2.x', 'fmt/373', 'Fox Pro Database 2.x', 0, 0, 'fox-pro-database-2x');
INSERT INTO `fpr_format` (`uuid`, `description`, `group_id`, `slug`) VALUES ('baab5075-88fa-4267-b03d-a195bf6f3610', 'Microsoft Visual FoxPro Database Table File', '00abbdd0-51b3-4162-b93a-45deb4ed8654', 'microsoft-visual-foxpro-database-table-file');
INSERT INTO `fpr_formatversion` (`replaces_id`, `enabled`, `lastmodified`, `uuid`, `format_id`, `version`, `pronom_id`, `description`, `access_format`, `preservation_format`, `slug`) VALUES (NULL, 1, '2014-07-10 00:01:15', '84f20330-d680-4898-b9bc-d3df68e35491', 'baab5075-88fa-4267-b03d-a195bf6f3610', NULL, 'fmt/374', 'Microsoft Visual FoxPro Database table file', 0, 0, 'microsoft-visual-foxpro-database-table-file');
INSERT INTO `fpr_format` (`uuid`, `description`, `group_id`, `slug`) VALUES ('2b38a484-a11c-4794-a8b1-204ca07f90b8', 'FoxPro Compound Index File', '00abbdd0-51b3-4162-b93a-45deb4ed8654', 'foxpro-compound-index-file');
INSERT INTO `fpr_formatversion` (`replaces_id`, `enabled`, `lastmodified`, `uuid`, `format_id`, `version`, `pronom_id`, `description`, `access_format`, `preservation_format`, `slug`) VALUES (NULL, 1, '2014-07-10 00:01:15', '9a335307-a97d-4d00-9b0a-bc8cff2f1d79', '2b38a484-a11c-4794-a8b1-204ca07f90b8', NULL, 'fmt/375', 'FoxPro Compound Index File', 0, 0, 'foxpro-compound-index-file');
INSERT INTO `fpr_format` (`uuid`, `description`, `group_id`, `slug`) VALUES ('103945a2-3562-4fff-9c5c-91edd3c902a3', 'FoxPro Report', '00abbdd0-51b3-4162-b93a-45deb4ed8654', 'foxpro-report');
INSERT INTO `fpr_formatversion` (`replaces_id`, `enabled`, `lastmodified`, `uuid`, `format_id`, `version`, `pronom_id`, `description`, `access_format`, `preservation_format`, `slug`) VALUES (NULL, 1, '2014-07-10 00:01:15', '725a98a2-48ab-4fe6-b6d8-da338c961111', '103945a2-3562-4fff-9c5c-91edd3c902a3', NULL, 'fmt/376', 'FoxPro Report', 0, 0, 'foxpro-report');
INSERT INTO `fpr_idrule` (`replaces_id`, `enabled`, `lastmodified`, `uuid`, `command_id`, `format_id`, `command_output`) VALUES (NULL, 1, '2014-07-10 00:01:15', '4e6555ee-f1c4-45c2-b81d-01452a9a407b', '41efbe1b-3fc7-4b24-9290-d0fb5d0ea9e9', '725a98a2-48ab-4fe6-b6d8-da338c961111', '.frx');
INSERT INTO `fpr_format` (`uuid`, `description`, `group_id`, `slug`) VALUES ('0495f632-8e4b-496b-ab93-0a27371e0cf6', 'Microsoft Visual FoxPro Report', '00abbdd0-51b3-4162-b93a-45deb4ed8654', 'microsoft-visual-foxpro-report');
INSERT INTO `fpr_formatversion` (`replaces_id`, `enabled`, `lastmodified`, `uuid`, `format_id`, `version`, `pronom_id`, `description`, `access_format`, `preservation_format`, `slug`) VALUES (NULL, 1, '2014-07-10 00:01:15', '454c5e3b-b436-4b09-b86c-e327d16c1604', '0495f632-8e4b-496b-ab93-0a27371e0cf6', NULL, 'fmt/377', 'Microsoft Visual FoxPro Report', 0, 0, 'microsoft-visual-foxpro-report');
INSERT INTO `fpr_format` (`uuid`, `description`, `group_id`, `slug`) VALUES ('d21b886d-5f10-4262-badd-13943ed8e101', 'Chemical Draw Exchange Format', '00abbdd0-51b3-4162-b93a-45deb4ed8654', 'chemical-draw-exchange-format');
INSERT INTO `fpr_formatversion` (`replaces_id`, `enabled`, `lastmodified`, `uuid`, `format_id`, `version`, `pronom_id`, `description`, `access_format`, `preservation_format`, `slug`) VALUES (NULL, 1, '2014-07-10 00:01:15', 'e04fee1d-7824-4d15-a98f-bc8867d5fd9a', 'd21b886d-5f10-4262-badd-13943ed8e101', NULL, 'fmt/378', 'Chemical Draw Exchange format', 0, 0, 'chemical-draw-exchange-format');
INSERT INTO `fpr_format` (`uuid`, `description`, `group_id`, `slug`) VALUES ('bd0b0d28-e858-424f-ae9f-51761195a7d9', 'Microsoft Visual FoxPro Class Library', '00abbdd0-51b3-4162-b93a-45deb4ed8654', 'microsoft-visual-foxpro-class-library');
INSERT INTO `fpr_formatversion` (`replaces_id`, `enabled`, `lastmodified`, `uuid`, `format_id`, `version`, `pronom_id`, `description`, `access_format`, `preservation_format`, `slug`) VALUES (NULL, 1, '2014-07-10 00:01:15', '2749647b-e56a-4b77-9e74-9a669c220d83', 'bd0b0d28-e858-424f-ae9f-51761195a7d9', NULL, 'fmt/379', 'Microsoft Visual FoxPro Class Library', 0, 0, 'microsoft-visual-foxpro-class-library');
INSERT INTO `fpr_idrule` (`replaces_id`, `enabled`, `lastmodified`, `uuid`, `command_id`, `format_id`, `command_output`) VALUES (NULL, 1, '2014-07-10 00:01:15', 'b1292d5b-7609-4085-b943-5bc53634864f', '41efbe1b-3fc7-4b24-9290-d0fb5d0ea9e9', '2749647b-e56a-4b77-9e74-9a669c220d83', '.vcx');
INSERT INTO `fpr_format` (`uuid`, `description`, `group_id`, `slug`) VALUES ('288fa31f-3d94-4517-907e-8817cda95860', 'Microsoft Visual FoxPro Project', '00abbdd0-51b3-4162-b93a-45deb4ed8654', 'microsoft-visual-foxpro-project');
INSERT INTO `fpr_formatversion` (`replaces_id`, `enabled`, `lastmodified`, `uuid`, `format_id`, `version`, `pronom_id`, `description`, `access_format`, `preservation_format`, `slug`) VALUES (NULL, 1, '2014-07-10 00:01:15', '976e14ca-1ee2-46c8-96a8-baec15ddf6a5', '288fa31f-3d94-4517-907e-8817cda95860', NULL, 'fmt/380', 'Microsoft Visual FoxPro Project', 0, 0, 'microsoft-visual-foxpro-project');
INSERT INTO `fpr_idrule` (`replaces_id`, `enabled`, `lastmodified`, `uuid`, `command_id`, `format_id`, `command_output`) VALUES (NULL, 1, '2014-07-10 00:01:15', 'de72622c-d5fc-4516-9a6c-f7a1e6918ccf', '41efbe1b-3fc7-4b24-9290-d0fb5d0ea9e9', '976e14ca-1ee2-46c8-96a8-baec15ddf6a5', '.pjx');
INSERT INTO `fpr_format` (`uuid`, `description`, `group_id`, `slug`) VALUES ('9f33d7c4-8875-4f18-906c-c546cd969da3', 'FoxPro Project', '00abbdd0-51b3-4162-b93a-45deb4ed8654', 'foxpro-project');
INSERT INTO `fpr_formatversion` (`replaces_id`, `enabled`, `lastmodified`, `uuid`, `format_id`, `version`, `pronom_id`, `description`, `access_format`, `preservation_format`, `slug`) VALUES (NULL, 1, '2014-07-10 00:01:15', 'b4536691-2a7a-47c2-9398-44d04c85fc62', '9f33d7c4-8875-4f18-906c-c546cd969da3', NULL, 'fmt/381', 'FoxPro Project', 0, 0, 'foxpro-project');
INSERT INTO `fpr_format` (`uuid`, `description`, `group_id`, `slug`) VALUES ('a89f9c94-ef07-486f-90fd-015470e067d0', 'Microsoft Visual FoxPro database container (table files)', '00abbdd0-51b3-4162-b93a-45deb4ed8654', 'microsoft-visual-foxpro-database-container-table-f');
INSERT INTO `fpr_formatversion` (`replaces_id`, `enabled`, `lastmodified`, `uuid`, `format_id`, `version`, `pronom_id`, `description`, `access_format`, `preservation_format`, `slug`) VALUES (NULL, 1, '2014-07-10 00:01:15', '41ebc885-a6a1-43b0-97b7-3410f67b4414', 'a89f9c94-ef07-486f-90fd-015470e067d0', NULL, 'fmt/382', 'Microsoft Visual FoxPro database container (table files)', 0, 0, 'microsoft-visual-foxpro-database-container-table-f');
INSERT INTO `fpr_idrule` (`replaces_id`, `enabled`, `lastmodified`, `uuid`, `command_id`, `format_id`, `command_output`) VALUES (NULL, 1, '2014-07-10 00:01:15', 'db83221a-49c2-4bc0-a5dd-de555461849f', '41efbe1b-3fc7-4b24-9290-d0fb5d0ea9e9', '41ebc885-a6a1-43b0-97b7-3410f67b4414', '.dbc');
INSERT INTO `fpr_format` (`uuid`, `description`, `group_id`, `slug`) VALUES ('fcf4c3e8-1406-4923-b72f-f58bad6af1ec', 'Microsoft Visual FoxPro database container (memo files)', '00abbdd0-51b3-4162-b93a-45deb4ed8654', 'microsoft-visual-foxpro-database-container-memo-fi');
INSERT INTO `fpr_formatversion` (`replaces_id`, `enabled`, `lastmodified`, `uuid`, `format_id`, `version`, `pronom_id`, `description`, `access_format`, `preservation_format`, `slug`) VALUES (NULL, 1, '2014-07-10 00:01:15', 'b01467a5-81fc-4417-987e-9eaeacd01d4c', 'fcf4c3e8-1406-4923-b72f-f58bad6af1ec', NULL, 'fmt/384', 'Microsoft Visual FoxPro database container (memo files)', 0, 0, 'microsoft-visual-foxpro-database-container-memo-fi');
INSERT INTO `fpr_idrule` (`replaces_id`, `enabled`, `lastmodified`, `uuid`, `command_id`, `format_id`, `command_output`) VALUES (NULL, 1, '2014-07-10 00:01:15', '38d7be6a-4bfc-4222-a44a-b2f27c39b2ee', '41efbe1b-3fc7-4b24-9290-d0fb5d0ea9e9', 'b01467a5-81fc-4417-987e-9eaeacd01d4c', '.dct');
INSERT INTO `fpr_format` (`uuid`, `description`, `group_id`, `slug`) VALUES ('fc6e4ce6-1126-4857-9fba-619a75dd8405', 'VICAR (Video Image Communication and Retrieval) Planetary File Format', '00abbdd0-51b3-4162-b93a-45deb4ed8654', 'vicar-video-image-communication-and-retrieval-plan');
INSERT INTO `fpr_formatversion` (`replaces_id`, `enabled`, `lastmodified`, `uuid`, `format_id`, `version`, `pronom_id`, `description`, `access_format`, `preservation_format`, `slug`) VALUES (NULL, 1, '2014-07-10 00:01:15', 'b492faf9-0ec5-40d3-bb1b-887d250d483f', 'fc6e4ce6-1126-4857-9fba-619a75dd8405', NULL, 'fmt/383', 'VICAR Planetary File Format', 0, 0, 'vicar-planetary-file-format');
INSERT INTO `fpr_format` (`uuid`, `description`, `group_id`, `slug`) VALUES ('7f5d35cd-dab8-4cf7-b345-97bb44cb82aa', 'Microsoft Windows Cursor', '00abbdd0-51b3-4162-b93a-45deb4ed8654', 'microsoft-windows-cursor');
INSERT INTO `fpr_formatversion` (`replaces_id`, `enabled`, `lastmodified`, `uuid`, `format_id`, `version`, `pronom_id`, `description`, `access_format`, `preservation_format`, `slug`) VALUES (NULL, 1, '2014-07-10 00:01:15', '3bc7274c-2edb-442a-af00-d88416a095fb', '7f5d35cd-dab8-4cf7-b345-97bb44cb82aa', NULL, 'fmt/385', 'Microsoft Windows Cursor', 0, 0, 'microsoft-windows-cursor');
INSERT INTO `fpr_idrule` (`replaces_id`, `enabled`, `lastmodified`, `uuid`, `command_id`, `format_id`, `command_output`) VALUES (NULL, 1, '2014-07-10 00:01:15', '13788819-2d1f-402c-99ec-af3083418200', '41efbe1b-3fc7-4b24-9290-d0fb5d0ea9e9', '3bc7274c-2edb-442a-af00-d88416a095fb', '.cur');
INSERT INTO `fpr_format` (`uuid`, `description`, `group_id`, `slug`) VALUES ('68294c0b-22f4-4cc0-9b86-537e583bb0e5', 'Microsoft Animated Cursor Format', '00abbdd0-51b3-4162-b93a-45deb4ed8654', 'microsoft-animated-cursor-format');
INSERT INTO `fpr_formatversion` (`replaces_id`, `enabled`, `lastmodified`, `uuid`, `format_id`, `version`, `pronom_id`, `description`, `access_format`, `preservation_format`, `slug`) VALUES (NULL, 1, '2014-07-10 00:01:15', '96ca2439-7541-4156-bab9-9416b2377850', '68294c0b-22f4-4cc0-9b86-537e583bb0e5', NULL, 'fmt/386', 'Microsoft Animated Cursor Format', 0, 0, 'microsoft-animated-cursor-format');
INSERT INTO `fpr_idrule` (`replaces_id`, `enabled`, `lastmodified`, `uuid`, `command_id`, `format_id`, `command_output`) VALUES (NULL, 1, '2014-07-10 00:01:15', 'bfbdef74-d430-49be-bb5c-bf72c34f32d6', '41efbe1b-3fc7-4b24-9290-d0fb5d0ea9e9', '96ca2439-7541-4156-bab9-9416b2377850', '.ani');
INSERT INTO `fpr_format` (`uuid`, `description`, `group_id`, `slug`) VALUES ('fdfd4cd5-dd67-43c5-856d-b87015a30947', 'VCalendar format', '00abbdd0-51b3-4162-b93a-45deb4ed8654', 'vcalendar-format');
INSERT INTO `fpr_formatversion` (`replaces_id`, `enabled`, `lastmodified`, `uuid`, `format_id`, `version`, `pronom_id`, `description`, `access_format`, `preservation_format`, `slug`) VALUES (NULL, 1, '2014-07-10 00:01:15', 'e97ec6d6-1941-4e08-8d8a-bbe053dbe2ef', 'fdfd4cd5-dd67-43c5-856d-b87015a30947', NULL, 'fmt/387', 'VCalendar format', 0, 0, 'vcalendar-format');
INSERT INTO `fpr_idrule` (`replaces_id`, `enabled`, `lastmodified`, `uuid`, `command_id`, `format_id`, `command_output`) VALUES (NULL, 1, '2014-07-10 00:01:15', 'e668de10-6cd5-43b5-a53c-685b85835d31', '41efbe1b-3fc7-4b24-9290-d0fb5d0ea9e9', 'e97ec6d6-1941-4e08-8d8a-bbe053dbe2ef', '.vcs');
INSERT INTO `fpr_format` (`uuid`, `description`, `group_id`, `slug`) VALUES ('2441cd07-d46b-400f-9a54-3aa15f93e0b2', 'Internet Calendar and Scheduling format', '00abbdd0-51b3-4162-b93a-45deb4ed8654', 'internet-calendar-and-scheduling-format');
INSERT INTO `fpr_formatversion` (`replaces_id`, `enabled`, `lastmodified`, `uuid`, `format_id`, `version`, `pronom_id`, `description`, `access_format`, `preservation_format`, `slug`) VALUES (NULL, 1, '2014-07-10 00:01:15', '9212f212-baa1-49e3-af84-3e06c941cc59', '2441cd07-d46b-400f-9a54-3aa15f93e0b2', NULL, 'fmt/388', 'Internet Calendar and Scheduling format', 0, 0, 'internet-calendar-and-scheduling-format');
INSERT INTO `fpr_idrule` (`replaces_id`, `enabled`, `lastmodified`, `uuid`, `command_id`, `format_id`, `command_output`) VALUES (NULL, 1, '2014-07-10 00:01:15', '74f9e026-b33a-4c02-a4e8-358cbd526759', '41efbe1b-3fc7-4b24-9290-d0fb5d0ea9e9', '9212f212-baa1-49e3-af84-3e06c941cc59', '.ics');
INSERT INTO `fpr_format` (`uuid`, `description`, `group_id`, `slug`) VALUES ('5d6abb18-c52e-4118-b110-47ce1aec7e0a', 'Log ASCII Standard Format', '00abbdd0-51b3-4162-b93a-45deb4ed8654', 'log-ascii-standard-format');
INSERT INTO `fpr_formatversion` (`replaces_id`, `enabled`, `lastmodified`, `uuid`, `format_id`, `version`, `pronom_id`, `description`, `access_format`, `preservation_format`, `slug`) VALUES (NULL, 1, '2014-07-10 00:01:15', '0258c720-79f4-4782-b61b-1a8b73f11bbd', '5d6abb18-c52e-4118-b110-47ce1aec7e0a', '1.2', 'fmt/389', 'Log ASCII Standard 1.2', 0, 0, 'log-ascii-standard-12');
INSERT INTO `fpr_formatversion` (`replaces_id`, `enabled`, `lastmodified`, `uuid`, `format_id`, `version`, `pronom_id`, `description`, `access_format`, `preservation_format`, `slug`) VALUES (NULL, 1, '2014-07-10 00:01:15', 'b48f70e1-80e8-4d7f-9e85-3b63454ebc70', '5d6abb18-c52e-4118-b110-47ce1aec7e0a', '2.0', 'fmt/390', 'Log ASCII Standard 2.0', 0, 0, 'log-ascii-standard-20');
INSERT INTO `fpr_formatversion` (`replaces_id`, `enabled`, `lastmodified`, `uuid`, `format_id`, `version`, `pronom_id`, `description`, `access_format`, `preservation_format`, `slug`) VALUES (NULL, 1, '2014-07-10 00:01:15', 'ddcf494b-3978-487b-bcf1-06f2b9f38b89', '5d6abb18-c52e-4118-b110-47ce1aec7e0a', '3.0', 'fmt/391', 'Log ASCII Standard 3.0', 0, 0, 'log-ascii-standard-30');
INSERT INTO `fpr_format` (`uuid`, `description`, `group_id`, `slug`) VALUES ('67c6d1de-268c-49e3-b94f-86acab0dd29e', 'MrSID Image Format (Multi-resolution Seamless Image Database)', '00abbdd0-51b3-4162-b93a-45deb4ed8654', 'mrsid-image-format-multi-resolution-seamless-image');
INSERT INTO `fpr_formatversion` (`replaces_id`, `enabled`, `lastmodified`, `uuid`, `format_id`, `version`, `pronom_id`, `description`, `access_format`, `preservation_format`, `slug`) VALUES (NULL, 1, '2014-07-10 00:01:15', '07b35579-1b08-42d9-9f61-8aaf1cf002ac', '67c6d1de-268c-49e3-b94f-86acab0dd29e', NULL, 'fmt/392', 'MrSID Image Format (Multi-resolution Seamless Image Database)', 0, 0, 'mrsid-image-format-multi-resolution-seamless-image');
INSERT INTO `fpr_format` (`uuid`, `description`, `group_id`, `slug`) VALUES ('b68e627d-5042-4f3c-ba8b-2376dc9a4123', 'Borland Reflex flat datafile', '00abbdd0-51b3-4162-b93a-45deb4ed8654', 'borland-reflex-flat-datafile');
INSERT INTO `fpr_formatversion` (`replaces_id`, `enabled`, `lastmodified`, `uuid`, `format_id`, `version`, `pronom_id`, `description`, `access_format`, `preservation_format`, `slug`) VALUES (NULL, 1, '2014-07-10 00:01:15', '90f0f05b-fceb-4c84-bc7f-8acb5777be4e', 'b68e627d-5042-4f3c-ba8b-2376dc9a4123', NULL, 'fmt/393', 'Borland Reflex flat datafile', 0, 0, 'borland-reflex-flat-datafile');
INSERT INTO `fpr_idrule` (`replaces_id`, `enabled`, `lastmodified`, `uuid`, `command_id`, `format_id`, `command_output`) VALUES (NULL, 1, '2014-07-10 00:01:15', '9a6ec5cb-91af-4e4e-a768-5c7e6ba74b6b', '41efbe1b-3fc7-4b24-9290-d0fb5d0ea9e9', '90f0f05b-fceb-4c84-bc7f-8acb5777be4e', '.rxd');
INSERT INTO `fpr_format` (`uuid`, `description`, `group_id`, `slug`) VALUES ('9622f356-05b7-48b3-a0ef-ceeb38020dd0', 'DS_store file (MAC)', '00abbdd0-51b3-4162-b93a-45deb4ed8654', 'ds_store-file-mac');
INSERT INTO `fpr_formatversion` (`replaces_id`, `enabled`, `lastmodified`, `uuid`, `format_id`, `version`, `pronom_id`, `description`, `access_format`, `preservation_format`, `slug`) VALUES (NULL, 1, '2014-07-10 00:01:15', '9d5d01c7-a7fc-4d5b-8ecd-5ce26ea59e6f', '9622f356-05b7-48b3-a0ef-ceeb38020dd0', NULL, 'fmt/394', 'DS_Store', 0, 0, 'ds_store');
INSERT INTO `fpr_idrule` (`replaces_id`, `enabled`, `lastmodified`, `uuid`, `command_id`, `format_id`, `command_output`) VALUES (NULL, 1, '2014-07-10 00:01:15', 'f7c58a15-eb3e-4041-94bd-6c4c7dff6dfb', '41efbe1b-3fc7-4b24-9290-d0fb5d0ea9e9', '9d5d01c7-a7fc-4d5b-8ecd-5ce26ea59e6f', '.ds_store');
INSERT INTO `fpr_format` (`uuid`, `description`, `group_id`, `slug`) VALUES ('25fa7054-4b8c-420d-8d9b-814b343e103f', 'PocketMobi (Palm Resource) File', '00abbdd0-51b3-4162-b93a-45deb4ed8654', 'pocketmobi-palm-resource-file');
INSERT INTO `fpr_formatversion` (`replaces_id`, `enabled`, `lastmodified`, `uuid`, `format_id`, `version`, `pronom_id`, `description`, `access_format`, `preservation_format`, `slug`) VALUES (NULL, 1, '2014-07-10 00:01:15', '59608885-79ed-4938-9d49-e2e8aaa09739', '25fa7054-4b8c-420d-8d9b-814b343e103f', NULL, 'fmt/396', 'mobi/prc \'BOOKMOBI\'', 0, 0, 'mobiprc-bookmobi');
INSERT INTO `fpr_idrule` (`replaces_id`, `enabled`, `lastmodified`, `uuid`, `command_id`, `format_id`, `command_output`) VALUES (NULL, 1, '2014-07-10 00:01:15', 'f26ae0ed-c7dc-4dc5-b42f-35f46f48e16b', '41efbe1b-3fc7-4b24-9290-d0fb5d0ea9e9', '59608885-79ed-4938-9d49-e2e8aaa09739', '.mobi');
INSERT INTO `fpr_format` (`uuid`, `description`, `group_id`, `slug`) VALUES ('c269901a-a61b-4790-99ce-af6d9dbe79f5', 'Enigma Binary File (Finale)', '00abbdd0-51b3-4162-b93a-45deb4ed8654', 'enigma-binary-file-finale');
INSERT INTO `fpr_formatversion` (`replaces_id`, `enabled`, `lastmodified`, `uuid`, `format_id`, `version`, `pronom_id`, `description`, `access_format`, `preservation_format`, `slug`) VALUES (NULL, 1, '2014-07-10 00:01:15', '0b285112-85ea-4f68-81d7-0909aa7b7fe3', 'c269901a-a61b-4790-99ce-af6d9dbe79f5', NULL, 'fmt/397', 'Enigma Binary File (Finale)', 0, 0, 'enigma-binary-file-finale');
INSERT INTO `fpr_idrule` (`replaces_id`, `enabled`, `lastmodified`, `uuid`, `command_id`, `format_id`, `command_output`) VALUES (NULL, 1, '2014-07-10 00:01:15', '52cb1311-a903-4869-ad95-0c0f02f62dab', '41efbe1b-3fc7-4b24-9290-d0fb5d0ea9e9', '0b285112-85ea-4f68-81d7-0909aa7b7fe3', '.mus');
INSERT INTO `fpr_format` (`uuid`, `description`, `group_id`, `slug`) VALUES ('a8c571c6-bd28-4c3e-a664-563e02b4a9fb', 'Enigma Transportable File (Finale)', '00abbdd0-51b3-4162-b93a-45deb4ed8654', 'enigma-transportable-file-finale');
INSERT INTO `fpr_formatversion` (`replaces_id`, `enabled`, `lastmodified`, `uuid`, `format_id`, `version`, `pronom_id`, `description`, `access_format`, `preservation_format`, `slug`) VALUES (NULL, 1, '2014-07-10 00:01:15', '0118f2bf-0329-44ca-8ad1-dbd644c147ff', 'a8c571c6-bd28-4c3e-a664-563e02b4a9fb', NULL, 'fmt/398', 'Enigma Transporter File (Finale)', 0, 0, 'enigma-transporter-file-finale');
INSERT INTO `fpr_idrule` (`replaces_id`, `enabled`, `lastmodified`, `uuid`, `command_id`, `format_id`, `command_output`) VALUES (NULL, 1, '2014-07-10 00:01:15', 'd518dad0-615e-49e0-a145-dc8aedb6cb27', '41efbe1b-3fc7-4b24-9290-d0fb5d0ea9e9', '0118f2bf-0329-44ca-8ad1-dbd644c147ff', '.etf');
INSERT INTO `fpr_format` (`uuid`, `description`, `group_id`, `slug`) VALUES ('eb03dd01-4f3d-4c78-abbb-aa555838e78b', 'Stuffit X Archive File', '00abbdd0-51b3-4162-b93a-45deb4ed8654', 'stuffit-x-archive-file');
INSERT INTO `fpr_formatversion` (`replaces_id`, `enabled`, `lastmodified`, `uuid`, `format_id`, `version`, `pronom_id`, `description`, `access_format`, `preservation_format`, `slug`) VALUES (NULL, 1, '2014-07-10 00:01:15', 'fc3e0b08-b41a-41ae-b66b-d418b6c5aad0', 'eb03dd01-4f3d-4c78-abbb-aa555838e78b', NULL, 'fmt/399', 'StuffIt X', 0, 0, 'stuffit-x');
INSERT INTO `fpr_idrule` (`replaces_id`, `enabled`, `lastmodified`, `uuid`, `command_id`, `format_id`, `command_output`) VALUES (NULL, 1, '2014-07-10 00:01:15', 'd51d059f-0f9f-462c-8039-04bcdcfd018d', '41efbe1b-3fc7-4b24-9290-d0fb5d0ea9e9', 'fc3e0b08-b41a-41ae-b66b-d418b6c5aad0', '.sitx');
INSERT INTO `fpr_format` (`uuid`, `description`, `group_id`, `slug`) VALUES ('7caab96d-b492-4bd7-8c39-a7a66b61370e', 'Macromedia FreeHand MX', '00abbdd0-51b3-4162-b93a-45deb4ed8654', 'macromedia-freehand-mx');
INSERT INTO `fpr_formatversion` (`replaces_id`, `enabled`, `lastmodified`, `uuid`, `format_id`, `version`, `pronom_id`, `description`, `access_format`, `preservation_format`, `slug`) VALUES (NULL, 1, '2014-07-10 00:01:15', '6158d44f-9c2c-4711-b14f-f9f711a85985', '7caab96d-b492-4bd7-8c39-a7a66b61370e', '11', 'fmt/400', 'FreeHand 11', 0, 0, 'freehand-11');
INSERT INTO `fpr_idrule` (`replaces_id`, `enabled`, `lastmodified`, `uuid`, `command_id`, `format_id`, `command_output`) VALUES (NULL, 1, '2014-07-10 00:01:15', '1c14f10e-1ff9-4cbd-a486-2cc9013bd58a', '41efbe1b-3fc7-4b24-9290-d0fb5d0ea9e9', '6158d44f-9c2c-4711-b14f-f9f711a85985', '.fh11');
INSERT INTO `fpr_format` (`uuid`, `description`, `group_id`, `slug`) VALUES ('7b0a577c-adf3-4de6-98a5-9d4c8f201168', 'X-Windows Screen Dump', '00abbdd0-51b3-4162-b93a-45deb4ed8654', 'x-windows-screen-dump');
INSERT INTO `fpr_formatversion` (`replaces_id`, `enabled`, `lastmodified`, `uuid`, `format_id`, `version`, `pronom_id`, `description`, `access_format`, `preservation_format`, `slug`) VALUES (NULL, 1, '2014-07-10 00:01:15', '1084e350-26b9-4fdb-b43a-d652bf9e35f8', '7b0a577c-adf3-4de6-98a5-9d4c8f201168', 'X11', 'fmt/401', 'X-Windows Screen Dump X11', 0, 0, 'x-windows-screen-dump-x11');
INSERT INTO `fpr_formatversion` (`replaces_id`, `enabled`, `lastmodified`, `uuid`, `format_id`, `version`, `pronom_id`, `description`, `access_format`, `preservation_format`, `slug`) VALUES (NULL, 1, '2014-07-10 00:01:15', '2eb0d0d3-9c5f-45e7-9c16-91c45e059b9f', '8711d691-1dcf-46a9-9b24-8bd67ad21158', '1', 'fmt/403', 'SuperCalc Spreadsheet 1', 0, 0, 'supercalc-spreadsheet-1');
INSERT INTO `fpr_formatversion` (`replaces_id`, `enabled`, `lastmodified`, `uuid`, `format_id`, `version`, `pronom_id`, `description`, `access_format`, `preservation_format`, `slug`) VALUES (NULL, 1, '2014-07-10 00:01:15', '87f56ebf-4019-48cd-b22d-ebf36b7ddbfe', 'ae0b1059-a495-4ce7-b91a-66063b031003', '4', 'fmt/404', 'RealAudio 4', 0, 0, 'realaudio-4');
INSERT INTO `fpr_format` (`uuid`, `description`, `group_id`, `slug`) VALUES ('b67a4683-0027-4563-aa11-75c302501810', 'Portable Any Map', '00abbdd0-51b3-4162-b93a-45deb4ed8654', 'portable-any-map');
INSERT INTO `fpr_formatversion` (`replaces_id`, `enabled`, `lastmodified`, `uuid`, `format_id`, `version`, `pronom_id`, `description`, `access_format`, `preservation_format`, `slug`) VALUES (NULL, 1, '2014-07-10 00:01:15', '342dd813-26c5-42f7-bcad-c2ef0a55b606', 'b67a4683-0027-4563-aa11-75c302501810', NULL, 'fmt/405', 'Portable Any Map', 0, 0, 'portable-any-map');
INSERT INTO `fpr_idrule` (`replaces_id`, `enabled`, `lastmodified`, `uuid`, `command_id`, `format_id`, `command_output`) VALUES (NULL, 1, '2014-07-10 00:01:15', 'dce057f2-2b96-4729-9f93-0c3efc772cf4', '41efbe1b-3fc7-4b24-9290-d0fb5d0ea9e9', '342dd813-26c5-42f7-bcad-c2ef0a55b606', '.pam');
INSERT INTO `fpr_format` (`uuid`, `description`, `group_id`, `slug`) VALUES ('8192c1a2-b370-4e76-a831-b61fbb6c4b8b', 'Portable Grey Map - Binary', '00abbdd0-51b3-4162-b93a-45deb4ed8654', 'portable-grey-map-binary');
INSERT INTO `fpr_formatversion` (`replaces_id`, `enabled`, `lastmodified`, `uuid`, `format_id`, `version`, `pronom_id`, `description`, `access_format`, `preservation_format`, `slug`) VALUES (NULL, 1, '2014-07-10 00:01:15', '4b184890-d306-407b-b498-fe3f902e43cd', '8192c1a2-b370-4e76-a831-b61fbb6c4b8b', NULL, 'fmt/406', 'Portable Grey Map - Binary with comment', 0, 0, 'portable-grey-map-binary-with-comment');
INSERT INTO `fpr_idrule` (`replaces_id`, `enabled`, `lastmodified`, `uuid`, `command_id`, `format_id`, `command_output`) VALUES (NULL, 1, '2014-07-10 00:01:15', '915bc0cf-ce17-4904-afde-ec1700eef51b', '41efbe1b-3fc7-4b24-9290-d0fb5d0ea9e9', '4b184890-d306-407b-b498-fe3f902e43cd', '.pgmb');
INSERT INTO `fpr_format` (`uuid`, `description`, `group_id`, `slug`) VALUES ('8321c3c0-0d42-4fd1-acec-1adeefb09609', 'Portable Grey Map - ASCII', '00abbdd0-51b3-4162-b93a-45deb4ed8654', 'portable-grey-map-ascii');
INSERT INTO `fpr_formatversion` (`replaces_id`, `enabled`, `lastmodified`, `uuid`, `format_id`, `version`, `pronom_id`, `description`, `access_format`, `preservation_format`, `slug`) VALUES (NULL, 1, '2014-07-10 00:01:15', '677a7ff4-897d-4638-8492-ae9d43c8c4f9', '8321c3c0-0d42-4fd1-acec-1adeefb09609', NULL, 'fmt/407', 'Portable Grey Map - ASCII', 0, 0, 'portable-grey-map-ascii');
INSERT INTO `fpr_idrule` (`replaces_id`, `enabled`, `lastmodified`, `uuid`, `command_id`, `format_id`, `command_output`) VALUES (NULL, 1, '2014-07-10 00:01:15', '4c68c3c1-dcbc-4407-a06e-03e786241e48', '41efbe1b-3fc7-4b24-9290-d0fb5d0ea9e9', '677a7ff4-897d-4638-8492-ae9d43c8c4f9', '.pgma');
INSERT INTO `fpr_format` (`uuid`, `description`, `group_id`, `slug`) VALUES ('cb5eb3ee-00d4-400f-b201-552afd824876', 'Portable Pixel Map - Binary', '00abbdd0-51b3-4162-b93a-45deb4ed8654', 'portable-pixel-map-binary');
INSERT INTO `fpr_formatversion` (`replaces_id`, `enabled`, `lastmodified`, `uuid`, `format_id`, `version`, `pronom_id`, `description`, `access_format`, `preservation_format`, `slug`) VALUES (NULL, 1, '2014-07-10 00:01:15', '1a0b5c05-e3b0-43e5-958a-7cf90cc3f911', 'cb5eb3ee-00d4-400f-b201-552afd824876', NULL, 'fmt/408', 'Portable Pixel Map - Binary with comment', 0, 0, 'portable-pixel-map-binary-with-comment');
INSERT INTO `fpr_format` (`uuid`, `description`, `group_id`, `slug`) VALUES ('4545bbae-bf91-4aab-bf6b-865e6bdf048e', 'Portable Bitmap Image - Binary', '00abbdd0-51b3-4162-b93a-45deb4ed8654', 'portable-bitmap-image-binary');
INSERT INTO `fpr_formatversion` (`replaces_id`, `enabled`, `lastmodified`, `uuid`, `format_id`, `version`, `pronom_id`, `description`, `access_format`, `preservation_format`, `slug`) VALUES (NULL, 1, '2014-07-10 00:01:15', 'c8b7499f-75bc-496f-8833-9476e4c23116', '4545bbae-bf91-4aab-bf6b-865e6bdf048e', NULL, 'fmt/409', 'Portable Bitmap Image - Binary with comment', 0, 0, 'portable-bitmap-image-binary-with-comment');
INSERT INTO `fpr_idrule` (`replaces_id`, `enabled`, `lastmodified`, `uuid`, `command_id`, `format_id`, `command_output`) VALUES (NULL, 1, '2014-07-10 00:01:15', '266d4f7f-6f81-4764-91da-3425d23d26b1', '41efbe1b-3fc7-4b24-9290-d0fb5d0ea9e9', 'c8b7499f-75bc-496f-8833-9476e4c23116', '.pbmb');
INSERT INTO `fpr_format` (`uuid`, `description`, `group_id`, `slug`) VALUES ('b72f6e08-b7b7-48cb-a922-f2de16da8fe8', 'Cinema 4D', '00abbdd0-51b3-4162-b93a-45deb4ed8654', 'cinema-4d');
INSERT INTO `fpr_formatversion` (`replaces_id`, `enabled`, `lastmodified`, `uuid`, `format_id`, `version`, `pronom_id`, `description`, `access_format`, `preservation_format`, `slug`) VALUES (NULL, 1, '2014-07-10 00:01:15', 'a4c9f48d-a772-4019-9470-ebeb278c1589', 'b72f6e08-b7b7-48cb-a922-f2de16da8fe8', '4.x', 'fmt/415', 'Cinema 4D 4.x', 0, 0, 'cinema-4d-4x');
INSERT INTO `fpr_idrule` (`replaces_id`, `enabled`, `lastmodified`, `uuid`, `command_id`, `format_id`, `command_output`) VALUES (NULL, 1, '2014-07-10 00:01:15', '5d66a12f-83e3-4c96-b5e3-6c1401230a51', '41efbe1b-3fc7-4b24-9290-d0fb5d0ea9e9', 'a4c9f48d-a772-4019-9470-ebeb278c1589', '.c4d');
INSERT INTO `fpr_format` (`uuid`, `description`, `group_id`, `slug`) VALUES ('af35b705-ccf1-43b9-a68d-8f17a34b4a51', 'Apple Core Audio Format', '00abbdd0-51b3-4162-b93a-45deb4ed8654', 'apple-core-audio-format');
INSERT INTO `fpr_formatversion` (`replaces_id`, `enabled`, `lastmodified`, `uuid`, `format_id`, `version`, `pronom_id`, `description`, `access_format`, `preservation_format`, `slug`) VALUES (NULL, 1, '2014-07-10 00:01:15', 'f233ba11-ab3c-438f-8a7e-12b231e6869c', 'af35b705-ccf1-43b9-a68d-8f17a34b4a51', '1.0', 'fmt/416', 'Apple Core Audio Format 1', 0, 0, 'apple-core-audio-format-1');
INSERT INTO `fpr_idrule` (`replaces_id`, `enabled`, `lastmodified`, `uuid`, `command_id`, `format_id`, `command_output`) VALUES (NULL, 1, '2014-07-10 00:01:15', '93357a8c-d120-4c78-9ba3-9f4f8c1409ea', '41efbe1b-3fc7-4b24-9290-d0fb5d0ea9e9', 'f233ba11-ab3c-438f-8a7e-12b231e6869c', '.caf');
INSERT INTO `fpr_formatversion` (`replaces_id`, `enabled`, `lastmodified`, `uuid`, `format_id`, `version`, `pronom_id`, `description`, `access_format`, `preservation_format`, `slug`) VALUES (NULL, 1, '2014-07-10 00:01:15', 'b225b3bb-f118-404c-af54-3dfacf41ecce', '4d9708b2-c42c-4aeb-8c8d-901ba4818db2', '1.2', 'fmt/424', 'OpenDocument Database Format', 0, 0, 'opendocument-database-format');
INSERT INTO `fpr_format` (`uuid`, `description`, `group_id`, `slug`) VALUES ('061f606b-7c55-4431-96d4-be105f4cd051', 'Video Object File (MPEG-2 subset)', '00abbdd0-51b3-4162-b93a-45deb4ed8654', 'video-object-file-mpeg-2-subset');
INSERT INTO `fpr_formatversion` (`replaces_id`, `enabled`, `lastmodified`, `uuid`, `format_id`, `version`, `pronom_id`, `description`, `access_format`, `preservation_format`, `slug`) VALUES (NULL, 1, '2014-07-10 00:01:15', 'da984f58-f056-4c2a-bad6-f7c8db0fcf6b', '061f606b-7c55-4431-96d4-be105f4cd051', NULL, 'fmt/425', 'Video Object File', 0, 0, 'video-object-file');
INSERT INTO `fpr_idrule` (`replaces_id`, `enabled`, `lastmodified`, `uuid`, `command_id`, `format_id`, `command_output`) VALUES (NULL, 1, '2014-07-10 00:01:15', 'f60cf92f-9aab-4e5b-aded-f43d75d1c36e', '41efbe1b-3fc7-4b24-9290-d0fb5d0ea9e9', 'da984f58-f056-4c2a-bad6-f7c8db0fcf6b', '.vob');
INSERT INTO `fpr_format` (`uuid`, `description`, `group_id`, `slug`) VALUES ('763ccbaf-6a6b-4b2e-903d-8ca64db7aed7', 'Harris Matrix', '00abbdd0-51b3-4162-b93a-45deb4ed8654', 'harris-matrix');
INSERT INTO `fpr_formatversion` (`replaces_id`, `enabled`, `lastmodified`, `uuid`, `format_id`, `version`, `pronom_id`, `description`, `access_format`, `preservation_format`, `slug`) VALUES (NULL, 1, '2014-07-10 00:01:15', '1a1f0bd4-57fb-4552-ad28-0cc9a8256b86', '763ccbaf-6a6b-4b2e-903d-8ca64db7aed7', NULL, 'fmt/426', 'Harris Matrix', 0, 0, 'harris-matrix');
INSERT INTO `fpr_idrule` (`replaces_id`, `enabled`, `lastmodified`, `uuid`, `command_id`, `format_id`, `command_output`) VALUES (NULL, 1, '2014-07-10 00:01:15', '5f1970e1-f474-4258-a674-ba4986374556', '41efbe1b-3fc7-4b24-9290-d0fb5d0ea9e9', '1a1f0bd4-57fb-4552-ad28-0cc9a8256b86', '.hm');
INSERT INTO `fpr_formatversion` (`replaces_id`, `enabled`, `lastmodified`, `uuid`, `format_id`, `version`, `pronom_id`, `description`, `access_format`, `preservation_format`, `slug`) VALUES (NULL, 1, '2014-07-10 00:01:15', 'b1b529ed-f070-479e-b965-9e2cd35ce510', 'ae029f61-d3f1-4252-8a13-2739a863d0e9', '12.0', 'fmt/427', 'CorelDraw Version 12', 0, 0, 'coreldraw-version-12');
INSERT INTO `fpr_formatversion` (`replaces_id`, `enabled`, `lastmodified`, `uuid`, `format_id`, `version`, `pronom_id`, `description`, `access_format`, `preservation_format`, `slug`) VALUES (NULL, 1, '2014-07-10 00:01:15', '1dc65f80-3b05-4710-93f7-e71a85a0de38', 'ae029f61-d3f1-4252-8a13-2739a863d0e9', 'X3', 'fmt/428', 'CorelDraw X3', 0, 0, 'coreldraw-x3');
INSERT INTO `fpr_formatversion` (`replaces_id`, `enabled`, `lastmodified`, `uuid`, `format_id`, `version`, `pronom_id`, `description`, `access_format`, `preservation_format`, `slug`) VALUES (NULL, 1, '2014-07-10 00:01:15', 'f01a2358-34ed-4c6b-81bd-05a0aa85fc0f', 'ae029f61-d3f1-4252-8a13-2739a863d0e9', 'X4', 'fmt/429', 'CorelDraw X4', 0, 0, 'coreldraw-x4');
INSERT INTO `fpr_formatversion` (`replaces_id`, `enabled`, `lastmodified`, `uuid`, `format_id`, `version`, `pronom_id`, `description`, `access_format`, `preservation_format`, `slug`) VALUES (NULL, 1, '2014-07-10 00:01:15', '8d24cafa-254a-4251-9b20-ca394530b605', 'ae029f61-d3f1-4252-8a13-2739a863d0e9', 'X5', 'fmt/430', 'CorelDraw X5', 0, 0, 'coreldraw-x5');
INSERT INTO `fpr_formatversion` (`replaces_id`, `enabled`, `lastmodified`, `uuid`, `format_id`, `version`, `pronom_id`, `description`, `access_format`, `preservation_format`, `slug`) VALUES (NULL, 1, '2014-07-10 00:01:15', '03d30f60-49de-48b2-ad1b-d76cbf629007', '2055f9f5-23bb-4073-ba71-487a0f28950d', '2', 'fmt/431', 'Corel R.A.V.E version 2', 0, 0, 'corel-rave-version-2');
INSERT INTO `fpr_formatversion` (`replaces_id`, `enabled`, `lastmodified`, `uuid`, `format_id`, `version`, `pronom_id`, `description`, `access_format`, `preservation_format`, `slug`) VALUES (NULL, 1, '2014-07-10 00:01:15', 'b0d8c436-f505-4d1d-bf50-256b6d5446d2', '2055f9f5-23bb-4073-ba71-487a0f28950d', '3', 'fmt/432', 'Corel R.A.V.E version 3', 0, 0, 'corel-rave-version-3');
INSERT INTO `fpr_formatversion` (`replaces_id`, `enabled`, `lastmodified`, `uuid`, `format_id`, `version`, `pronom_id`, `description`, `access_format`, `preservation_format`, `slug`) VALUES (NULL, 1, '2014-07-10 00:01:15', '48bac7aa-a4f0-4567-8525-40d882c03629', 'e4acd398-3b0a-41f4-b206-3aedc8977851', '', 'fmt/433', 'Drawing Interchange File Format (ASCII) 2007/2008/2009', 0, 0, 'drawing-interchange-file-format-ascii-200720082009');
INSERT INTO `fpr_formatversion` (`replaces_id`, `enabled`, `lastmodified`, `uuid`, `format_id`, `version`, `pronom_id`, `description`, `access_format`, `preservation_format`, `slug`) VALUES (NULL, 1, '2014-07-10 00:01:15', '9c7cc0cb-7a6d-4eb3-9c82-4bb476c08e99', 'd8220665-e552-4c19-8536-0fb4b0b3de7e', '', 'fmt/434', 'AutoCAD Drawing Format 2010/2011/2012', 0, 0, 'autocad-drawing-format-201020112012');
INSERT INTO `fpr_formatversion` (`replaces_id`, `enabled`, `lastmodified`, `uuid`, `format_id`, `version`, `pronom_id`, `description`, `access_format`, `preservation_format`, `slug`) VALUES (NULL, 1, '2014-07-10 00:01:15', 'd2acffda-90bf-4a30-97d9-d7ccd932b98f', 'e4acd398-3b0a-41f4-b206-3aedc8977851', '', 'fmt/435', 'Drawing Interchange File Format 2010/2011/2012', 0, 0, 'drawing-interchange-file-format-201020112012');
INSERT INTO `fpr_format` (`uuid`, `description`, `group_id`, `slug`) VALUES ('e91e17a0-8a5d-42d4-a795-9972bf7c410d', 'BSDIFF', '00abbdd0-51b3-4162-b93a-45deb4ed8654', 'bsdiff');
INSERT INTO `fpr_formatversion` (`replaces_id`, `enabled`, `lastmodified`, `uuid`, `format_id`, `version`, `pronom_id`, `description`, `access_format`, `preservation_format`, `slug`) VALUES (NULL, 1, '2014-07-10 00:01:15', '164ceed0-1c6a-4288-a0d5-397bd3fe5d61', 'e91e17a0-8a5d-42d4-a795-9972bf7c410d', '4.0', 'fmt/439', 'BSDIFF4.0', 0, 0, 'bsdiff40');
INSERT INTO `fpr_idrule` (`replaces_id`, `enabled`, `lastmodified`, `uuid`, `command_id`, `format_id`, `command_output`) VALUES (NULL, 1, '2014-07-10 00:01:15', 'f9f9b8c0-4fc2-4fa5-884f-eb37e9eddb4d', '41efbe1b-3fc7-4b24-9290-d0fb5d0ea9e9', '164ceed0-1c6a-4288-a0d5-397bd3fe5d61', '.bsdiff');
INSERT INTO `fpr_formatversion` (`replaces_id`, `enabled`, `lastmodified`, `uuid`, `format_id`, `version`, `pronom_id`, `description`, `access_format`, `preservation_format`, `slug`) VALUES (NULL, 1, '2014-07-10 00:01:15', 'aa5cf692-073c-4ee9-99b3-92b87126ddd2', 'efe751be-6225-469f-96d8-4abb25ba0302', '2007', 'fmt/440', 'Microsoft Project', 0, 0, 'microsoft-project-6');
INSERT INTO `fpr_format` (`uuid`, `description`, `group_id`, `slug`) VALUES ('45216ce5-0f20-4627-9f3c-5648bc77e372', 'Microsoft Visio (generic)', '00abbdd0-51b3-4162-b93a-45deb4ed8654', 'microsoft-visio-generic');
INSERT INTO `fpr_formatversion` (`replaces_id`, `enabled`, `lastmodified`, `uuid`, `format_id`, `version`, `pronom_id`, `description`, `access_format`, `preservation_format`, `slug`) VALUES (NULL, 1, '2014-07-10 00:01:15', '41c57271-05c1-4c92-aec1-5de6662aba93', '45216ce5-0f20-4627-9f3c-5648bc77e372', NULL, 'fmt/442', 'Microsoft Visio (generic)', 0, 0, 'microsoft-visio-generic');
INSERT INTO `fpr_formatversion` (`replaces_id`, `enabled`, `lastmodified`, `uuid`, `format_id`, `version`, `pronom_id`, `description`, `access_format`, `preservation_format`, `slug`) VALUES (NULL, 1, '2014-07-10 00:01:15', '544eac07-da1f-44a7-9b44-0cb675015fa0', 'd1554240-5e6a-45f4-bc28-917c07dfb83b', '2003', 'fmt/443', 'Microsoft Visio Drawing', 0, 0, 'microsoft-visio-drawing-4');
INSERT INTO `fpr_formatversion` (`replaces_id`, `enabled`, `lastmodified`, `uuid`, `format_id`, `version`, `pronom_id`, `description`, `access_format`, `preservation_format`, `slug`) VALUES (NULL, 1, '2014-07-10 00:01:15', '345815bf-c6f8-4f79-9e6d-87ff9872be25', '4d9708b2-c42c-4aeb-8c8d-901ba4818db2', '1.1', 'fmt/444', 'OpenDocument Database Format', 0, 0, 'opendocument-database-format-2');
INSERT INTO `fpr_format` (`uuid`, `description`, `group_id`, `slug`) VALUES ('f3b45d1a-fe42-4e1f-a30e-340ca1a89367', 'Adobe Portable Document Catalog Index File', '00abbdd0-51b3-4162-b93a-45deb4ed8654', 'adobe-portable-document-catalog-index-file');
INSERT INTO `fpr_formatversion` (`replaces_id`, `enabled`, `lastmodified`, `uuid`, `format_id`, `version`, `pronom_id`, `description`, `access_format`, `preservation_format`, `slug`) VALUES (NULL, 1, '2014-07-10 00:01:15', '4787099f-4e53-4db6-aecf-4015a61c8865', 'f3b45d1a-fe42-4e1f-a30e-340ca1a89367', '2.0', 'fmt/446', 'Adobe PDX 2.0', 0, 0, 'adobe-pdx-20');
INSERT INTO `fpr_idrule` (`replaces_id`, `enabled`, `lastmodified`, `uuid`, `command_id`, `format_id`, `command_output`) VALUES (NULL, 1, '2014-07-10 00:01:15', '23d02742-29c7-446c-9905-59f08a817172', '41efbe1b-3fc7-4b24-9290-d0fb5d0ea9e9', '4787099f-4e53-4db6-aecf-4015a61c8865', '.pdx');
INSERT INTO `fpr_formatversion` (`replaces_id`, `enabled`, `lastmodified`, `uuid`, `format_id`, `version`, `pronom_id`, `description`, `access_format`, `preservation_format`, `slug`) VALUES (NULL, 1, '2014-07-10 00:01:15', '5590ee10-0364-442c-9a67-0acfeef09400', 'f3b45d1a-fe42-4e1f-a30e-340ca1a89367', '3.0', 'fmt/447', 'Adobe PDX 3.0', 0, 0, 'adobe-pdx-30');
INSERT INTO `fpr_formatversion` (`replaces_id`, `enabled`, `lastmodified`, `uuid`, `format_id`, `version`, `pronom_id`, `description`, `access_format`, `preservation_format`, `slug`) VALUES (NULL, 1, '2014-07-10 00:01:15', '4e6ec6e9-3693-4f61-baf9-ab59cd63e54d', 'f3b45d1a-fe42-4e1f-a30e-340ca1a89367', '3.1', 'fmt/448', 'Adobe PDX 3.1 Version 1', 0, 0, 'adobe-pdx-31-version-1');
INSERT INTO `fpr_formatversion` (`replaces_id`, `enabled`, `lastmodified`, `uuid`, `format_id`, `version`, `pronom_id`, `description`, `access_format`, `preservation_format`, `slug`) VALUES (NULL, 1, '2014-07-10 00:01:15', '36dec567-4d35-4b7c-aa53-d70dd1d2aa47', 'f3b45d1a-fe42-4e1f-a30e-340ca1a89367', '3.2', 'fmt/449', 'Adobe PDX 3.2 Version 1', 0, 0, 'adobe-pdx-32-version-1');
INSERT INTO `fpr_format` (`uuid`, `description`, `group_id`, `slug`) VALUES ('adac767d-00e6-48f9-ae3b-50408b90c03b', 'VectorWorks', '00abbdd0-51b3-4162-b93a-45deb4ed8654', 'vectorworks');
INSERT INTO `fpr_formatversion` (`replaces_id`, `enabled`, `lastmodified`, `uuid`, `format_id`, `version`, `pronom_id`, `description`, `access_format`, `preservation_format`, `slug`) VALUES (NULL, 1, '2014-07-10 00:01:15', '6dd5b279-c5b6-41f6-9083-0b349e46adec', 'adac767d-00e6-48f9-ae3b-50408b90c03b', '12.5', 'fmt/450', 'VectorWorks 12.5', 0, 0, 'vectorworks-125');
INSERT INTO `fpr_idrule` (`replaces_id`, `enabled`, `lastmodified`, `uuid`, `command_id`, `format_id`, `command_output`) VALUES (NULL, 1, '2014-07-10 00:01:15', 'c4182602-e687-4ff2-ba25-f424f251c768', '41efbe1b-3fc7-4b24-9290-d0fb5d0ea9e9', '6dd5b279-c5b6-41f6-9083-0b349e46adec', '.vwx');
INSERT INTO `fpr_formatversion` (`replaces_id`, `enabled`, `lastmodified`, `uuid`, `format_id`, `version`, `pronom_id`, `description`, `access_format`, `preservation_format`, `slug`) VALUES (NULL, 1, '2014-07-10 00:01:16', '88f500f0-1fa2-4407-b427-022a5cc6a932', 'adac767d-00e6-48f9-ae3b-50408b90c03b', '2009', 'fmt/451', 'VectorWorks 2009', 0, 0, 'vectorworks-2009');
INSERT INTO `fpr_format` (`uuid`, `description`, `group_id`, `slug`) VALUES ('db2451b3-f3fe-4cab-9d5a-ac6a4f9b7e62', 'Acrobat Catalog Cat File', '00abbdd0-51b3-4162-b93a-45deb4ed8654', 'acrobat-catalog-cat-file');
INSERT INTO `fpr_formatversion` (`replaces_id`, `enabled`, `lastmodified`, `uuid`, `format_id`, `version`, `pronom_id`, `description`, `access_format`, `preservation_format`, `slug`) VALUES (NULL, 1, '2014-07-10 00:01:16', '746dfecd-53cc-4e9d-905b-5f2dc9debdbd', 'db2451b3-f3fe-4cab-9d5a-ac6a4f9b7e62', NULL, 'fmt/452', 'Acrobat Catalog Cat File', 0, 0, 'acrobat-catalog-cat-file');
INSERT INTO `fpr_idrule` (`replaces_id`, `enabled`, `lastmodified`, `uuid`, `command_id`, `format_id`, `command_output`) VALUES (NULL, 1, '2014-07-10 00:01:16', '8d6586f4-d596-411a-a756-640812ac6718', '41efbe1b-3fc7-4b24-9290-d0fb5d0ea9e9', '746dfecd-53cc-4e9d-905b-5f2dc9debdbd', '.cat');
INSERT INTO `fpr_format` (`uuid`, `description`, `group_id`, `slug`) VALUES ('d4bfbd9b-15fc-4992-98cb-7cea13879307', 'Verity Collection Stop List', '00abbdd0-51b3-4162-b93a-45deb4ed8654', 'verity-collection-stop-list');
INSERT INTO `fpr_formatversion` (`replaces_id`, `enabled`, `lastmodified`, `uuid`, `format_id`, `version`, `pronom_id`, `description`, `access_format`, `preservation_format`, `slug`) VALUES (NULL, 1, '2014-07-10 00:01:16', '198713c5-5faf-428b-9e8e-8a2aa3e6ffe8', 'd4bfbd9b-15fc-4992-98cb-7cea13879307', NULL, 'fmt/453', 'Verity Collection Stop List', 0, 0, 'verity-collection-stop-list');
INSERT INTO `fpr_idrule` (`replaces_id`, `enabled`, `lastmodified`, `uuid`, `command_id`, `format_id`, `command_output`) VALUES (NULL, 1, '2014-07-10 00:01:16', '3bc10b93-3734-4c34-b432-8b4eae00864f', '41efbe1b-3fc7-4b24-9290-d0fb5d0ea9e9', '198713c5-5faf-428b-9e8e-8a2aa3e6ffe8', '.stp');
INSERT INTO `fpr_format` (`uuid`, `description`, `group_id`, `slug`) VALUES ('204309aa-fd1a-47a3-9759-cc5dd5e5a5cc', 'Verity Collection Index About File', '00abbdd0-51b3-4162-b93a-45deb4ed8654', 'verity-collection-index-about-file');
INSERT INTO `fpr_formatversion` (`replaces_id`, `enabled`, `lastmodified`, `uuid`, `format_id`, `version`, `pronom_id`, `description`, `access_format`, `preservation_format`, `slug`) VALUES (NULL, 1, '2014-07-10 00:01:16', '76829aab-8220-4121-be49-7a69e3fec11a', '204309aa-fd1a-47a3-9759-cc5dd5e5a5cc', NULL, 'fmt/454', 'Verity Collection Index About File', 0, 0, 'verity-collection-index-about-file');
INSERT INTO `fpr_idrule` (`replaces_id`, `enabled`, `lastmodified`, `uuid`, `command_id`, `format_id`, `command_output`) VALUES (NULL, 1, '2014-07-10 00:01:16', '105760ce-d9f5-4b08-ac6c-6fb916d678b2', '41efbe1b-3fc7-4b24-9290-d0fb5d0ea9e9', '76829aab-8220-4121-be49-7a69e3fec11a', '.abt');
INSERT INTO `fpr_format` (`uuid`, `description`, `group_id`, `slug`) VALUES ('51cc4e02-c7ef-404e-b8e7-025f60f3efea', 'Verity Collection Index Pending Transaction File', '00abbdd0-51b3-4162-b93a-45deb4ed8654', 'verity-collection-index-pending-transaction-file');
INSERT INTO `fpr_formatversion` (`replaces_id`, `enabled`, `lastmodified`, `uuid`, `format_id`, `version`, `pronom_id`, `description`, `access_format`, `preservation_format`, `slug`) VALUES (NULL, 1, '2014-07-10 00:01:16', '52ce8d20-8240-4657-af35-7df061c502e9', '51cc4e02-c7ef-404e-b8e7-025f60f3efea', NULL, 'fmt/455', 'Verity Collection Index Pending Transaction File', 0, 0, 'verity-collection-index-pending-transaction-file');
INSERT INTO `fpr_idrule` (`replaces_id`, `enabled`, `lastmodified`, `uuid`, `command_id`, `format_id`, `command_output`) VALUES (NULL, 1, '2014-07-10 00:01:16', '010ac864-0af3-4b30-9d35-c6612c5e3484', '41efbe1b-3fc7-4b24-9290-d0fb5d0ea9e9', '52ce8d20-8240-4657-af35-7df061c502e9', '.trn');
INSERT INTO `fpr_format` (`uuid`, `description`, `group_id`, `slug`) VALUES ('618739c5-fe0a-4728-883f-0c3ed27f1bd9', 'Verity Collection Index Style Policy', '00abbdd0-51b3-4162-b93a-45deb4ed8654', 'verity-collection-index-style-policy');
INSERT INTO `fpr_formatversion` (`replaces_id`, `enabled`, `lastmodified`, `uuid`, `format_id`, `version`, `pronom_id`, `description`, `access_format`, `preservation_format`, `slug`) VALUES (NULL, 1, '2014-07-10 00:01:16', '55c73066-4311-4e82-bbb1-914eeb4fbc1d', '618739c5-fe0a-4728-883f-0c3ed27f1bd9', NULL, 'fmt/456', 'Verity Collection Index Style Policy', 0, 0, 'verity-collection-index-style-policy');
INSERT INTO `fpr_idrule` (`replaces_id`, `enabled`, `lastmodified`, `uuid`, `command_id`, `format_id`, `command_output`) VALUES (NULL, 1, '2014-07-10 00:01:16', 'a8daa3a1-9efb-4b3c-8371-b1fbaebbfccb', '41efbe1b-3fc7-4b24-9290-d0fb5d0ea9e9', '55c73066-4311-4e82-bbb1-914eeb4fbc1d', '.plc');
INSERT INTO `fpr_format` (`uuid`, `description`, `group_id`, `slug`) VALUES ('082c3b92-4940-4b77-8df2-d04be20f3a9b', 'Verity Collection Document Dataset Descriptor Style Set', '00abbdd0-51b3-4162-b93a-45deb4ed8654', 'verity-collection-document-dataset-descriptor-styl');
INSERT INTO `fpr_formatversion` (`replaces_id`, `enabled`, `lastmodified`, `uuid`, `format_id`, `version`, `pronom_id`, `description`, `access_format`, `preservation_format`, `slug`) VALUES (NULL, 1, '2014-07-10 00:01:16', '506466d6-5403-4aa8-a01e-b2c1a49bcecb', '082c3b92-4940-4b77-8df2-d04be20f3a9b', NULL, 'fmt/457', 'Verity Collection Document Dataset Descriptor Style Set', 0, 0, 'verity-collection-document-dataset-descriptor-styl');
INSERT INTO `fpr_idrule` (`replaces_id`, `enabled`, `lastmodified`, `uuid`, `command_id`, `format_id`, `command_output`) VALUES (NULL, 1, '2014-07-10 00:01:16', 'd5f4cbea-dd44-430c-a530-5ff46f034bcf', '41efbe1b-3fc7-4b24-9290-d0fb5d0ea9e9', '506466d6-5403-4aa8-a01e-b2c1a49bcecb', '.ddd');
INSERT INTO `fpr_format` (`uuid`, `description`, `group_id`, `slug`) VALUES ('996b0720-d6a5-47b5-acaa-3acab09e0a5c', 'Verity Collection Document Index Descriptor Style Set', '00abbdd0-51b3-4162-b93a-45deb4ed8654', 'verity-collection-document-index-descriptor-style-');
INSERT INTO `fpr_formatversion` (`replaces_id`, `enabled`, `lastmodified`, `uuid`, `format_id`, `version`, `pronom_id`, `description`, `access_format`, `preservation_format`, `slug`) VALUES (NULL, 1, '2014-07-10 00:01:16', '276d403c-126e-4cb3-8f0b-dddb53ec2f97', '996b0720-d6a5-47b5-acaa-3acab09e0a5c', NULL, 'fmt/458', 'Verity Collection Document Index Descriptor Style Set', 0, 0, 'verity-collection-document-index-descriptor-style-');
INSERT INTO `fpr_idrule` (`replaces_id`, `enabled`, `lastmodified`, `uuid`, `command_id`, `format_id`, `command_output`) VALUES (NULL, 1, '2014-07-10 00:01:16', 'ed8214c2-5eda-4e4a-9f6b-de1f7d153be6', '41efbe1b-3fc7-4b24-9290-d0fb5d0ea9e9', '276d403c-126e-4cb3-8f0b-dddb53ec2f97', '.did');
INSERT INTO `fpr_format` (`uuid`, `description`, `group_id`, `slug`) VALUES ('376dbe02-6986-4ec5-b643-947ac7ad948d', 'Verity Collection Word List Descriptor Style Set', '00abbdd0-51b3-4162-b93a-45deb4ed8654', 'verity-collection-word-list-descriptor-style-set');
INSERT INTO `fpr_formatversion` (`replaces_id`, `enabled`, `lastmodified`, `uuid`, `format_id`, `version`, `pronom_id`, `description`, `access_format`, `preservation_format`, `slug`) VALUES (NULL, 1, '2014-07-10 00:01:16', 'e46a4993-103b-404c-b7b4-ae4af2d31e26', '376dbe02-6986-4ec5-b643-947ac7ad948d', NULL, 'fmt/459', 'Verity Collection Word List Descriptor Style Set', 0, 0, 'verity-collection-word-list-descriptor-style-set');
INSERT INTO `fpr_idrule` (`replaces_id`, `enabled`, `lastmodified`, `uuid`, `command_id`, `format_id`, `command_output`) VALUES (NULL, 1, '2014-07-10 00:01:16', '4b60b0fb-4554-4912-9471-99b857a1532d', '41efbe1b-3fc7-4b24-9290-d0fb5d0ea9e9', 'e46a4993-103b-404c-b7b4-ae4af2d31e26', '.wld');
INSERT INTO `fpr_format` (`uuid`, `description`, `group_id`, `slug`) VALUES ('651911e6-0ff3-40a4-ad37-ec5149367c6e', 'Verity Collection Partition Definition Descriptor Style Set', '00abbdd0-51b3-4162-b93a-45deb4ed8654', 'verity-collection-partition-definition-descriptor-');
INSERT INTO `fpr_formatversion` (`replaces_id`, `enabled`, `lastmodified`, `uuid`, `format_id`, `version`, `pronom_id`, `description`, `access_format`, `preservation_format`, `slug`) VALUES (NULL, 1, '2014-07-10 00:01:16', '404139c6-2695-49c4-9e51-fbfbeeb314dc', '651911e6-0ff3-40a4-ad37-ec5149367c6e', NULL, 'fmt/460', 'Verity Collection Partition Definition Descriptor Style Set', 0, 0, 'verity-collection-partition-definition-descriptor-');
INSERT INTO `fpr_format` (`uuid`, `description`, `group_id`, `slug`) VALUES ('20e28493-e0d2-4413-b431-6626f14c3763', 'Verity Collection Index Descriptor File', '00abbdd0-51b3-4162-b93a-45deb4ed8654', 'verity-collection-index-descriptor-file');
INSERT INTO `fpr_formatversion` (`replaces_id`, `enabled`, `lastmodified`, `uuid`, `format_id`, `version`, `pronom_id`, `description`, `access_format`, `preservation_format`, `slug`) VALUES (NULL, 1, '2014-07-10 00:01:16', '330319c7-d67d-44a2-9041-95d6befa04f6', '20e28493-e0d2-4413-b431-6626f14c3763', NULL, 'fmt/461', 'Verity Collection Index Descriptor File', 0, 0, 'verity-collection-index-descriptor-file');
INSERT INTO `fpr_format` (`uuid`, `description`, `group_id`, `slug`) VALUES ('22f265b4-2357-455f-943d-221693b1fa4e', 'MS DOS Compression format', '00abbdd0-51b3-4162-b93a-45deb4ed8654', 'ms-dos-compression-format');
INSERT INTO `fpr_formatversion` (`replaces_id`, `enabled`, `lastmodified`, `uuid`, `format_id`, `version`, `pronom_id`, `description`, `access_format`, `preservation_format`, `slug`) VALUES (NULL, 1, '2014-07-10 00:01:16', '95c98a4e-eeff-4530-9a9c-1c0829772c06', '22f265b4-2357-455f-943d-221693b1fa4e', NULL, 'fmt/462', 'MS DOS Compression (SZDD)', 0, 0, 'ms-dos-compression-szdd');
INSERT INTO `fpr_format` (`uuid`, `description`, `group_id`, `slug`) VALUES ('14163969-bbf2-4465-89f7-c452a56e3228', 'JPM (JPEG 2000 part 6)', '00abbdd0-51b3-4162-b93a-45deb4ed8654', 'jpm-jpeg-2000-part-6');
INSERT INTO `fpr_formatversion` (`replaces_id`, `enabled`, `lastmodified`, `uuid`, `format_id`, `version`, `pronom_id`, `description`, `access_format`, `preservation_format`, `slug`) VALUES (NULL, 1, '2014-07-10 00:01:16', 'f8904b71-ccc2-4b09-bcf3-9b7673ef3613', '14163969-bbf2-4465-89f7-c452a56e3228', NULL, 'fmt/463', 'JPEG 2000 Compound Image File Format', 0, 0, 'jpeg-2000-compound-image-file-format');
INSERT INTO `fpr_idrule` (`replaces_id`, `enabled`, `lastmodified`, `uuid`, `command_id`, `format_id`, `command_output`) VALUES (NULL, 1, '2014-07-10 00:01:16', '1cad38b4-3789-456e-8989-172015c065a7', '41efbe1b-3fc7-4b24-9290-d0fb5d0ea9e9', 'f8904b71-ccc2-4b09-bcf3-9b7673ef3613', '.jpm');
INSERT INTO `fpr_formatversion` (`replaces_id`, `enabled`, `lastmodified`, `uuid`, `format_id`, `version`, `pronom_id`, `description`, `access_format`, `preservation_format`, `slug`) VALUES (NULL, 1, '2014-07-10 00:01:16', '68724d61-ab2b-47fe-8f14-4c26a97f4f20', 'ae029f61-d3f1-4252-8a13-2739a863d0e9', '5.0', 'fmt/464', 'CorelDraw Drawing Version 5', 0, 0, 'coreldraw-drawing-version-5');
INSERT INTO `fpr_formatversion` (`replaces_id`, `enabled`, `lastmodified`, `uuid`, `format_id`, `version`, `pronom_id`, `description`, `access_format`, `preservation_format`, `slug`) VALUES (NULL, 1, '2014-07-10 00:01:16', '784a64b7-1ad8-4980-a733-cd4c828127f5', 'ae029f61-d3f1-4252-8a13-2739a863d0e9', '4.0', 'fmt/465', 'CorelDraw Drawing Version 4', 0, 0, 'coreldraw-drawing-version-4');
INSERT INTO `fpr_formatversion` (`replaces_id`, `enabled`, `lastmodified`, `uuid`, `format_id`, `version`, `pronom_id`, `description`, `access_format`, `preservation_format`, `slug`) VALUES (NULL, 1, '2014-07-10 00:01:16', '3de04450-9662-419c-a39c-d7e0be436377', 'ae029f61-d3f1-4252-8a13-2739a863d0e9', '2.0', 'fmt/466', 'CorelDraw Drawing Version 2', 0, 0, 'coreldraw-drawing-version-2');
INSERT INTO `fpr_formatversion` (`replaces_id`, `enabled`, `lastmodified`, `uuid`, `format_id`, `version`, `pronom_id`, `description`, `access_format`, `preservation_format`, `slug`) VALUES (NULL, 1, '2014-07-10 00:01:16', '9a28701b-d0f7-4852-a115-e02453d27d7f', 'ae029f61-d3f1-4252-8a13-2739a863d0e9', '1.0', 'fmt/467', 'CorelDraw Drawing Version 1', 0, 0, 'coreldraw-drawing-version-1');
INSERT INTO `fpr_format` (`uuid`, `description`, `group_id`, `slug`) VALUES ('ce08aa20-70c3-4f41-b43f-d3b59ad75f9d', 'ISO Disk Image File', '00abbdd0-51b3-4162-b93a-45deb4ed8654', 'iso-disk-image-file');
INSERT INTO `fpr_formatversion` (`replaces_id`, `enabled`, `lastmodified`, `uuid`, `format_id`, `version`, `pronom_id`, `description`, `access_format`, `preservation_format`, `slug`) VALUES (NULL, 1, '2014-07-10 00:01:16', '172f82e9-d15a-4c5c-85a0-a2d586309886', 'ce08aa20-70c3-4f41-b43f-d3b59ad75f9d', NULL, 'fmt/468', 'ISO Disk Image File', 0, 0, 'iso-disk-image-file');
INSERT INTO `fpr_idrule` (`replaces_id`, `enabled`, `lastmodified`, `uuid`, `command_id`, `format_id`, `command_output`) VALUES (NULL, 1, '2014-07-10 00:01:16', 'bbd90cba-62a0-40a2-991e-f82d371da06f', '41efbe1b-3fc7-4b24-9290-d0fb5d0ea9e9', '172f82e9-d15a-4c5c-85a0-a2d586309886', '.iso');
INSERT INTO `fpr_format` (`uuid`, `description`, `group_id`, `slug`) VALUES ('cf4d49bd-2ead-47aa-9361-fd38f114e41b', 'MS DOS Compression format (KWAJ variant)', '00abbdd0-51b3-4162-b93a-45deb4ed8654', 'ms-dos-compression-format-kwaj-variant');
INSERT INTO `fpr_formatversion` (`replaces_id`, `enabled`, `lastmodified`, `uuid`, `format_id`, `version`, `pronom_id`, `description`, `access_format`, `preservation_format`, `slug`) VALUES (NULL, 1, '2014-07-10 00:01:16', 'f3023a7d-2f42-4ae8-a6bb-cbdbaf63dc77', 'cf4d49bd-2ead-47aa-9361-fd38f114e41b', NULL, 'fmt/469', 'MS DOS Compression format (KWAJ)', 0, 0, 'ms-dos-compression-format-kwaj');
INSERT INTO `fpr_format` (`uuid`, `description`, `group_id`, `slug`) VALUES ('38dedbb9-8de3-43e7-9a2b-ce2cd11dd799', 'Asymetrix Toolbook File', '00abbdd0-51b3-4162-b93a-45deb4ed8654', 'asymetrix-toolbook-file');
INSERT INTO `fpr_formatversion` (`replaces_id`, `enabled`, `lastmodified`, `uuid`, `format_id`, `version`, `pronom_id`, `description`, `access_format`, `preservation_format`, `slug`) VALUES (NULL, 1, '2014-07-10 00:01:16', '7c641f88-38cd-42a7-925b-c16dac4cea3b', '38dedbb9-8de3-43e7-9a2b-ce2cd11dd799', NULL, 'fmt/470', 'Asymetrix Toolbook', 0, 0, 'asymetrix-toolbook');
INSERT INTO `fpr_idrule` (`replaces_id`, `enabled`, `lastmodified`, `uuid`, `command_id`, `format_id`, `command_output`) VALUES (NULL, 1, '2014-07-10 00:01:16', '2b100d61-d9f7-4f40-ac5b-29e9038b4b19', '41efbe1b-3fc7-4b24-9290-d0fb5d0ea9e9', '7c641f88-38cd-42a7-925b-c16dac4cea3b', '.tbk');
INSERT INTO `fpr_format` (`uuid`, `description`, `group_id`, `slug`) VALUES ('c70f493e-e2cb-4c40-aba4-b3b24b71f5de', 'Sony Digital Voice File/Sony Memory Stick Voice File', '00abbdd0-51b3-4162-b93a-45deb4ed8654', 'sony-digital-voice-filesony-memory-stick-voice-fil');
INSERT INTO `fpr_formatversion` (`replaces_id`, `enabled`, `lastmodified`, `uuid`, `format_id`, `version`, `pronom_id`, `description`, `access_format`, `preservation_format`, `slug`) VALUES (NULL, 1, '2014-07-10 00:01:16', 'a32493fd-ec77-42e9-bb41-75726efdd03f', 'c70f493e-e2cb-4c40-aba4-b3b24b71f5de', NULL, 'fmt/472', 'Sony Digital Voice File/Sony Memory Stick Voice File', 0, 0, 'sony-digital-voice-filesony-memory-stick-voice-fil');
INSERT INTO `fpr_idrule` (`replaces_id`, `enabled`, `lastmodified`, `uuid`, `command_id`, `format_id`, `command_output`) VALUES (NULL, 1, '2014-07-10 00:01:16', 'a92ec77a-bd93-44dc-9ac1-dca651138538', '41efbe1b-3fc7-4b24-9290-d0fb5d0ea9e9', 'a32493fd-ec77-42e9-bb41-75726efdd03f', '.msv');
INSERT INTO `fpr_format` (`uuid`, `description`, `group_id`, `slug`) VALUES ('32b67891-a782-471b-b60b-41fc87809a2c', 'Microsoft Office Owner File', '00abbdd0-51b3-4162-b93a-45deb4ed8654', 'microsoft-office-owner-file');
INSERT INTO `fpr_formatversion` (`replaces_id`, `enabled`, `lastmodified`, `uuid`, `format_id`, `version`, `pronom_id`, `description`, `access_format`, `preservation_format`, `slug`) VALUES (NULL, 1, '2014-07-10 00:01:16', '60f531c1-5dea-4609-8d06-c44f74f62b64', '32b67891-a782-471b-b60b-41fc87809a2c', NULL, 'fmt/473', 'MS Owner file v1', 0, 0, 'ms-owner-file-v1');
INSERT INTO `fpr_format` (`uuid`, `description`, `group_id`, `slug`) VALUES ('f93ba334-9942-46d0-9bed-064be3fe5f71', 'Windows Help File', '00abbdd0-51b3-4162-b93a-45deb4ed8654', 'windows-help-file');
INSERT INTO `fpr_formatversion` (`replaces_id`, `enabled`, `lastmodified`, `uuid`, `format_id`, `version`, `pronom_id`, `description`, `access_format`, `preservation_format`, `slug`) VALUES (NULL, 1, '2014-07-10 00:01:16', '9c67145d-c877-444f-b954-98bae8263d70', 'f93ba334-9942-46d0-9bed-064be3fe5f71', NULL, 'fmt/474', 'Windows Help File', 0, 0, 'windows-help-file');
INSERT INTO `fpr_idrule` (`replaces_id`, `enabled`, `lastmodified`, `uuid`, `command_id`, `format_id`, `command_output`) VALUES (NULL, 1, '2014-07-10 00:01:16', 'f10d750c-457d-4b7b-b557-56616311ccb3', '41efbe1b-3fc7-4b24-9290-d0fb5d0ea9e9', '9c67145d-c877-444f-b954-98bae8263d70', '.hlp');
INSERT INTO `fpr_format` (`uuid`, `description`, `group_id`, `slug`) VALUES ('5c1a27a6-2852-42a4-a4f9-5404a3d4a7cc', 'Microsoft Management Console Snap-in Control file', '00abbdd0-51b3-4162-b93a-45deb4ed8654', 'microsoft-management-console-snap-in-control-file');
INSERT INTO `fpr_formatversion` (`replaces_id`, `enabled`, `lastmodified`, `uuid`, `format_id`, `version`, `pronom_id`, `description`, `access_format`, `preservation_format`, `slug`) VALUES (NULL, 1, '2014-07-10 00:01:16', 'cd67df0d-510a-40e6-8a5d-9a121ec5a17c', '5c1a27a6-2852-42a4-a4f9-5404a3d4a7cc', NULL, 'fmt/475', 'Microsoft Management Console Snap-in Control file', 0, 0, 'microsoft-management-console-snap-in-control-file');
INSERT INTO `fpr_idrule` (`replaces_id`, `enabled`, `lastmodified`, `uuid`, `command_id`, `format_id`, `command_output`) VALUES (NULL, 1, '2014-07-10 00:01:16', 'b1793174-f077-49bd-a13a-322ca98965bd', '41efbe1b-3fc7-4b24-9290-d0fb5d0ea9e9', 'cd67df0d-510a-40e6-8a5d-9a121ec5a17c', '.msc');
INSERT INTO `fpr_format` (`uuid`, `description`, `group_id`, `slug`) VALUES ('c735c0bd-b502-4d97-837a-f4eecfcf317c', 'Apple iBook format', '00abbdd0-51b3-4162-b93a-45deb4ed8654', 'apple-ibook-format');
INSERT INTO `fpr_formatversion` (`replaces_id`, `enabled`, `lastmodified`, `uuid`, `format_id`, `version`, `pronom_id`, `description`, `access_format`, `preservation_format`, `slug`) VALUES (NULL, 1, '2014-07-10 00:01:16', 'e8df431b-96d5-4873-ad72-b0e145e4c9f1', 'c735c0bd-b502-4d97-837a-f4eecfcf317c', NULL, 'fmt/482', 'iBook', 0, 0, 'ibook');
INSERT INTO `fpr_idrule` (`replaces_id`, `enabled`, `lastmodified`, `uuid`, `command_id`, `format_id`, `command_output`) VALUES (NULL, 1, '2014-07-10 00:01:16', 'a56470d8-fb28-4863-83ba-f1bb9d765d6a', '41efbe1b-3fc7-4b24-9290-d0fb5d0ea9e9', 'e8df431b-96d5-4873-ad72-b0e145e4c9f1', '.ibooks');
INSERT INTO `fpr_format` (`uuid`, `description`, `group_id`, `slug`) VALUES ('a79a00c8-b800-450c-a3ab-c0e2531137a8', 'ePub format', '00abbdd0-51b3-4162-b93a-45deb4ed8654', 'epub-format');
INSERT INTO `fpr_formatversion` (`replaces_id`, `enabled`, `lastmodified`, `uuid`, `format_id`, `version`, `pronom_id`, `description`, `access_format`, `preservation_format`, `slug`) VALUES (NULL, 1, '2014-07-10 00:01:16', '5d909380-c3f5-42f6-aa77-60c45cbd590b', 'a79a00c8-b800-450c-a3ab-c0e2531137a8', NULL, 'fmt/483', 'ePub', 0, 0, 'epub');
INSERT INTO `fpr_idrule` (`replaces_id`, `enabled`, `lastmodified`, `uuid`, `command_id`, `format_id`, `command_output`) VALUES (NULL, 1, '2014-07-10 00:01:16', 'bf3f6eff-b605-46f5-96d6-b0d953916871', '41efbe1b-3fc7-4b24-9290-d0fb5d0ea9e9', '5d909380-c3f5-42f6-aa77-60c45cbd590b', '.epub');
INSERT INTO `fpr_format` (`uuid`, `description`, `group_id`, `slug`) VALUES ('ce9f877f-d47b-4b23-a239-47ad4461b5ea', 'Rocket Book eBook format', '00abbdd0-51b3-4162-b93a-45deb4ed8654', 'rocket-book-ebook-format');
INSERT INTO `fpr_formatversion` (`replaces_id`, `enabled`, `lastmodified`, `uuid`, `format_id`, `version`, `pronom_id`, `description`, `access_format`, `preservation_format`, `slug`) VALUES (NULL, 1, '2014-07-10 00:01:16', '43da9f04-e3e4-4e2e-8e50-84de76c4aab4', 'ce9f877f-d47b-4b23-a239-47ad4461b5ea', NULL, 'fmt/485', 'Rocket Book format', 0, 0, 'rocket-book-format');
INSERT INTO `fpr_idrule` (`replaces_id`, `enabled`, `lastmodified`, `uuid`, `command_id`, `format_id`, `command_output`) VALUES (NULL, 1, '2014-07-10 00:01:16', '9e910e9a-4bbd-4961-b667-4e88b4f4086b', '41efbe1b-3fc7-4b24-9290-d0fb5d0ea9e9', '43da9f04-e3e4-4e2e-8e50-84de76c4aab4', '.rb');
INSERT INTO `fpr_format` (`uuid`, `description`, `group_id`, `slug`) VALUES ('89707120-46df-418a-8505-f020a9c4f641', 'Macromedia (Adobe) Director Compressed Resource file', '00abbdd0-51b3-4162-b93a-45deb4ed8654', 'macromedia-adobe-director-compressed-resource-file');
INSERT INTO `fpr_formatversion` (`replaces_id`, `enabled`, `lastmodified`, `uuid`, `format_id`, `version`, `pronom_id`, `description`, `access_format`, `preservation_format`, `slug`) VALUES (NULL, 1, '2014-07-10 00:01:16', '8c5774a7-2db1-4d91-b0af-ec92d1234d43', '89707120-46df-418a-8505-f020a9c4f641', NULL, 'fmt/486', 'Macromedia Director DCR Windows', 0, 0, 'macromedia-director-dcr-windows');
INSERT INTO `fpr_format` (`uuid`, `description`, `group_id`, `slug`) VALUES ('7f286f0e-5628-4c82-9c1f-fec1ebd9d0fa', 'ATCO-CIF', '00abbdd0-51b3-4162-b93a-45deb4ed8654', 'atco-cif');
INSERT INTO `fpr_formatversion` (`replaces_id`, `enabled`, `lastmodified`, `uuid`, `format_id`, `version`, `pronom_id`, `description`, `access_format`, `preservation_format`, `slug`) VALUES (NULL, 1, '2014-07-10 00:01:16', 'a2e5292d-3ff2-41fb-aab1-4da0161a98ac', '7f286f0e-5628-4c82-9c1f-fec1ebd9d0fa', NULL, 'fmt/495', 'ATCO-CIF', 0, 0, 'atco-cif');
INSERT INTO `fpr_format` (`uuid`, `description`, `group_id`, `slug`) VALUES ('aad80c32-8cb9-471f-84d0-47249f7305ff', 'TransXchange File Format', '00abbdd0-51b3-4162-b93a-45deb4ed8654', 'transxchange-file-format');
INSERT INTO `fpr_formatversion` (`replaces_id`, `enabled`, `lastmodified`, `uuid`, `format_id`, `version`, `pronom_id`, `description`, `access_format`, `preservation_format`, `slug`) VALUES (NULL, 1, '2014-07-10 00:01:16', '5eee373b-ef27-4b6a-b960-0650a6bc8d14', 'aad80c32-8cb9-471f-84d0-47249f7305ff', NULL, 'fmt/496', 'TransXchange', 0, 0, 'transxchange');
INSERT INTO `fpr_idrule` (`replaces_id`, `enabled`, `lastmodified`, `uuid`, `command_id`, `format_id`, `command_output`) VALUES (NULL, 1, '2014-07-10 00:01:16', '21a4c162-5d6e-49e0-a8fd-563147ebb068', '41efbe1b-3fc7-4b24-9290-d0fb5d0ea9e9', '5eee373b-ef27-4b6a-b960-0650a6bc8d14', '.txc');
INSERT INTO `fpr_format` (`uuid`, `description`, `group_id`, `slug`) VALUES ('bd5a3d77-ddfa-44cd-a032-bca3d92fc30b', 'Wireless Bitmap', '00abbdd0-51b3-4162-b93a-45deb4ed8654', 'wireless-bitmap');
INSERT INTO `fpr_formatversion` (`replaces_id`, `enabled`, `lastmodified`, `uuid`, `format_id`, `version`, `pronom_id`, `description`, `access_format`, `preservation_format`, `slug`) VALUES (NULL, 1, '2014-07-10 00:01:16', 'a236a302-b362-4690-8d4d-1d756924e9e2', 'bd5a3d77-ddfa-44cd-a032-bca3d92fc30b', NULL, 'fmt/497', 'Wireless Bitmap', 0, 0, 'wireless-bitmap');
INSERT INTO `fpr_idrule` (`replaces_id`, `enabled`, `lastmodified`, `uuid`, `command_id`, `format_id`, `command_output`) VALUES (NULL, 1, '2014-07-10 00:01:16', '597db44b-a7a7-4ab9-801a-f94b113e06dc', '41efbe1b-3fc7-4b24-9290-d0fb5d0ea9e9', 'a236a302-b362-4690-8d4d-1d756924e9e2', '.wbmp');
INSERT INTO `fpr_format` (`uuid`, `description`, `group_id`, `slug`) VALUES ('3017205d-ac61-43b5-9b5f-e62b62ccb25f', 'ActiveX License Package file', '00abbdd0-51b3-4162-b93a-45deb4ed8654', 'activex-license-package-file');
INSERT INTO `fpr_formatversion` (`replaces_id`, `enabled`, `lastmodified`, `uuid`, `format_id`, `version`, `pronom_id`, `description`, `access_format`, `preservation_format`, `slug`) VALUES (NULL, 1, '2014-07-10 00:01:16', 'fa199b30-f3e2-49f6-b751-4285d1e3208b', '3017205d-ac61-43b5-9b5f-e62b62ccb25f', NULL, 'fmt/498', 'LPK', 0, 0, 'lpk');
INSERT INTO `fpr_idrule` (`replaces_id`, `enabled`, `lastmodified`, `uuid`, `command_id`, `format_id`, `command_output`) VALUES (NULL, 1, '2014-07-10 00:01:16', '1de24f42-4c9c-49ba-9650-398358e6e50e', '41efbe1b-3fc7-4b24-9290-d0fb5d0ea9e9', 'fa199b30-f3e2-49f6-b751-4285d1e3208b', '.lpk');
INSERT INTO `fpr_format` (`uuid`, `description`, `group_id`, `slug`) VALUES ('73c06745-8327-4039-b2dd-2fb679d4ea09', 'VivoActive', '00abbdd0-51b3-4162-b93a-45deb4ed8654', 'vivoactive');
INSERT INTO `fpr_formatversion` (`replaces_id`, `enabled`, `lastmodified`, `uuid`, `format_id`, `version`, `pronom_id`, `description`, `access_format`, `preservation_format`, `slug`) VALUES (NULL, 1, '2014-07-10 00:01:16', 'c7e6b6eb-4ebb-40b7-bfff-921638c4aaef', '73c06745-8327-4039-b2dd-2fb679d4ea09', NULL, 'fmt/499', 'Vivo Active V1', 0, 0, 'vivo-active-v1');
INSERT INTO `fpr_idrule` (`replaces_id`, `enabled`, `lastmodified`, `uuid`, `command_id`, `format_id`, `command_output`) VALUES (NULL, 1, '2014-07-10 00:01:16', 'b9b3b498-f7b8-4a5c-93e7-e2228170c782', '41efbe1b-3fc7-4b24-9290-d0fb5d0ea9e9', 'c7e6b6eb-4ebb-40b7-bfff-921638c4aaef', '.viv');
INSERT INTO `fpr_format` (`uuid`, `description`, `group_id`, `slug`) VALUES ('5f7bbcb8-4106-46e4-9194-0620f41199a1', 'Internet Explorer for Mac cache file', '00abbdd0-51b3-4162-b93a-45deb4ed8654', 'internet-explorer-for-mac-cache-file');
INSERT INTO `fpr_formatversion` (`replaces_id`, `enabled`, `lastmodified`, `uuid`, `format_id`, `version`, `pronom_id`, `description`, `access_format`, `preservation_format`, `slug`) VALUES (NULL, 1, '2014-07-10 00:01:16', 'babf178b-4119-4e4c-a721-5726bf59f556', '5f7bbcb8-4106-46e4-9194-0620f41199a1', NULL, 'fmt/500', 'WAF MS Internet Cache', 0, 0, 'waf-ms-internet-cache');
INSERT INTO `fpr_idrule` (`replaces_id`, `enabled`, `lastmodified`, `uuid`, `command_id`, `format_id`, `command_output`) VALUES (NULL, 1, '2014-07-10 00:01:16', '8ef48591-224e-4ae8-b237-adccde37ea8f', '41efbe1b-3fc7-4b24-9290-d0fb5d0ea9e9', 'babf178b-4119-4e4c-a721-5726bf59f556', '.waf');
INSERT INTO `fpr_formatversion` (`replaces_id`, `enabled`, `lastmodified`, `uuid`, `format_id`, `version`, `pronom_id`, `description`, `access_format`, `preservation_format`, `slug`) VALUES (NULL, 1, '2014-07-10 00:01:16', 'fe65d7a6-8d47-43d1-9177-a59955918f5a', '9f789ddc-4477-41eb-9bfa-9e07b6c6ee42', '3.1', 'fmt/501', 'PostScript DSC 3.1', 0, 0, 'postscript-dsc-31');
INSERT INTO `fpr_format` (`uuid`, `description`, `group_id`, `slug`) VALUES ('e1ad741a-a1c1-4b4b-be1b-5559594493a5', 'Bentley V8 DGN', '00abbdd0-51b3-4162-b93a-45deb4ed8654', 'bentley-v8-dgn');
INSERT INTO `fpr_formatversion` (`replaces_id`, `enabled`, `lastmodified`, `uuid`, `format_id`, `version`, `pronom_id`, `description`, `access_format`, `preservation_format`, `slug`) VALUES (NULL, 1, '2014-07-10 00:01:16', '97321c11-1312-4898-b082-1dba0f273c2f', 'e1ad741a-a1c1-4b4b-be1b-5559594493a5', NULL, 'fmt/502', 'Bentley V8 DGN', 0, 0, 'bentley-v8-dgn');
INSERT INTO `fpr_format` (`uuid`, `description`, `group_id`, `slug`) VALUES ('0544f71c-aa09-475a-a0d7-db04e24333c7', 'AppleDouble Resource Fork', '00abbdd0-51b3-4162-b93a-45deb4ed8654', 'appledouble-resource-fork');
INSERT INTO `fpr_formatversion` (`replaces_id`, `enabled`, `lastmodified`, `uuid`, `format_id`, `version`, `pronom_id`, `description`, `access_format`, `preservation_format`, `slug`) VALUES (NULL, 1, '2014-07-10 00:01:16', '6f218de0-0ef0-438e-8001-f967d3884568', '0544f71c-aa09-475a-a0d7-db04e24333c7', NULL, 'fmt/503', 'Apple Double Resource Fork (v2)', 0, 0, 'apple-double-resource-fork-v2');
INSERT INTO `fpr_format` (`uuid`, `description`, `group_id`, `slug`) VALUES ('88be8e38-7c4f-4bd9-a990-06f2a34bd955', 'Standard Flowgram Format', '00abbdd0-51b3-4162-b93a-45deb4ed8654', 'standard-flowgram-format');
INSERT INTO `fpr_formatversion` (`replaces_id`, `enabled`, `lastmodified`, `uuid`, `format_id`, `version`, `pronom_id`, `description`, `access_format`, `preservation_format`, `slug`) VALUES (NULL, 1, '2014-07-10 00:01:16', 'b94345bb-6708-47e6-ba1a-4b22d380ffee', '88be8e38-7c4f-4bd9-a990-06f2a34bd955', NULL, 'fmt/504', 'Standard Flowgram Format', 0, 0, 'standard-flowgram-format');
INSERT INTO `fpr_idrule` (`replaces_id`, `enabled`, `lastmodified`, `uuid`, `command_id`, `format_id`, `command_output`) VALUES (NULL, 1, '2014-07-10 00:01:16', '694410ad-26bf-4ebf-b9bd-6490a344b5d8', '41efbe1b-3fc7-4b24-9290-d0fb5d0ea9e9', 'b94345bb-6708-47e6-ba1a-4b22d380ffee', '.sff');
INSERT INTO `fpr_format` (`uuid`, `description`, `group_id`, `slug`) VALUES ('2a26aa24-8e9d-4746-9e2d-74e783fcc20b', 'Quarter Inch Cartridge Host Interchange Format', '00abbdd0-51b3-4162-b93a-45deb4ed8654', 'quarter-inch-cartridge-host-interchange-format');
INSERT INTO `fpr_formatversion` (`replaces_id`, `enabled`, `lastmodified`, `uuid`, `format_id`, `version`, `pronom_id`, `description`, `access_format`, `preservation_format`, `slug`) VALUES (NULL, 1, '2014-07-10 00:01:16', '93e0845b-2101-4e6b-a3e9-7adb0b62abc5', '2a26aa24-8e9d-4746-9e2d-74e783fcc20b', NULL, 'fmt/508', 'QIC', 0, 0, 'qic');
INSERT INTO `fpr_idrule` (`replaces_id`, `enabled`, `lastmodified`, `uuid`, `command_id`, `format_id`, `command_output`) VALUES (NULL, 1, '2014-07-10 00:01:16', '7f8c0588-8ce6-4a4b-91e9-973655d95b2c', '41efbe1b-3fc7-4b24-9290-d0fb5d0ea9e9', '93e0845b-2101-4e6b-a3e9-7adb0b62abc5', '.qic');
INSERT INTO `fpr_format` (`uuid`, `description`, `group_id`, `slug`) VALUES ('b33f1a56-ea05-4463-9f9c-ff333b92f783', 'Adobe PostScript Font Metrics file', '00abbdd0-51b3-4162-b93a-45deb4ed8654', 'adobe-postscript-font-metrics-file');
INSERT INTO `fpr_formatversion` (`replaces_id`, `enabled`, `lastmodified`, `uuid`, `format_id`, `version`, `pronom_id`, `description`, `access_format`, `preservation_format`, `slug`) VALUES (NULL, 1, '2014-07-10 00:01:16', 'd1b611d1-e5f8-4f29-8c8c-32fc1a3261b7', 'b33f1a56-ea05-4463-9f9c-ff333b92f783', NULL, 'fmt/509', 'Adobe PFM', 0, 0, 'adobe-pfm');
INSERT INTO `fpr_idrule` (`replaces_id`, `enabled`, `lastmodified`, `uuid`, `command_id`, `format_id`, `command_output`) VALUES (NULL, 1, '2014-07-10 00:01:16', '4422f800-58eb-41a5-b9ef-ddf1474a2908', '41efbe1b-3fc7-4b24-9290-d0fb5d0ea9e9', 'd1b611d1-e5f8-4f29-8c8c-32fc1a3261b7', '.pfm');
INSERT INTO `fpr_format` (`uuid`, `description`, `group_id`, `slug`) VALUES ('326dca91-9440-4ee5-80c5-98905fdb5ca4', 'PowerProject Teamplan', '00abbdd0-51b3-4162-b93a-45deb4ed8654', 'powerproject-teamplan');
INSERT INTO `fpr_formatversion` (`replaces_id`, `enabled`, `lastmodified`, `uuid`, `format_id`, `version`, `pronom_id`, `description`, `access_format`, `preservation_format`, `slug`) VALUES (NULL, 1, '2014-07-10 00:01:16', '8245a055-ddae-43c7-b413-4ff47510bb44', '326dca91-9440-4ee5-80c5-98905fdb5ca4', NULL, 'fmt/510', 'PowerProject Teamplan', 0, 0, 'powerproject-teamplan');
INSERT INTO `fpr_idrule` (`replaces_id`, `enabled`, `lastmodified`, `uuid`, `command_id`, `format_id`, `command_output`) VALUES (NULL, 1, '2014-07-10 00:01:16', '6903e54f-6088-4006-83fa-2ddbfe82a984', '41efbe1b-3fc7-4b24-9290-d0fb5d0ea9e9', '8245a055-ddae-43c7-b413-4ff47510bb44', '.pdb');
INSERT INTO `fpr_format` (`uuid`, `description`, `group_id`, `slug`) VALUES ('39048959-917f-46cf-b4c5-856e2115798e', 'PowerProject', '00abbdd0-51b3-4162-b93a-45deb4ed8654', 'powerproject');
INSERT INTO `fpr_formatversion` (`replaces_id`, `enabled`, `lastmodified`, `uuid`, `format_id`, `version`, `pronom_id`, `description`, `access_format`, `preservation_format`, `slug`) VALUES (NULL, 1, '2014-07-10 00:01:16', '8eb8bdd8-655b-437f-a962-f5efd9ee57bd', '39048959-917f-46cf-b4c5-856e2115798e', '7', 'fmt/511', 'PowerProject v7', 0, 0, 'powerproject-v7');
INSERT INTO `fpr_idrule` (`replaces_id`, `enabled`, `lastmodified`, `uuid`, `command_id`, `format_id`, `command_output`) VALUES (NULL, 1, '2014-07-10 00:01:16', '4cb23b7a-6b82-4325-b9a4-bf188bb50836', '41efbe1b-3fc7-4b24-9290-d0fb5d0ea9e9', '8eb8bdd8-655b-437f-a962-f5efd9ee57bd', '.pp');
INSERT INTO `fpr_formatversion` (`replaces_id`, `enabled`, `lastmodified`, `uuid`, `format_id`, `version`, `pronom_id`, `description`, `access_format`, `preservation_format`, `slug`) VALUES (NULL, 1, '2014-07-10 00:01:16', 'c8e915a9-d084-42df-8028-a287575cc2c2', '39048959-917f-46cf-b4c5-856e2115798e', '8', 'fmt/512', 'PowerProject v8', 0, 0, 'powerproject-v8');
INSERT INTO `fpr_formatversion` (`replaces_id`, `enabled`, `lastmodified`, `uuid`, `format_id`, `version`, `pronom_id`, `description`, `access_format`, `preservation_format`, `slug`) VALUES (NULL, 1, '2014-07-10 00:01:16', 'da0f8e29-45a8-4ce7-9a4e-45fa7d7324b8', '39048959-917f-46cf-b4c5-856e2115798e', '9', 'fmt/513', 'PowerProject v9', 0, 0, 'powerproject-v9');
INSERT INTO `fpr_formatversion` (`replaces_id`, `enabled`, `lastmodified`, `uuid`, `format_id`, `version`, `pronom_id`, `description`, `access_format`, `preservation_format`, `slug`) VALUES (NULL, 1, '2014-07-10 00:01:16', 'b589c477-368d-40e5-b081-8e833dee33f8', '39048959-917f-46cf-b4c5-856e2115798e', '10', 'fmt/514', 'PowerProject v10', 0, 0, 'powerproject-v10');
INSERT INTO `fpr_formatversion` (`replaces_id`, `enabled`, `lastmodified`, `uuid`, `format_id`, `version`, `pronom_id`, `description`, `access_format`, `preservation_format`, `slug`) VALUES (NULL, 1, '2014-07-10 00:01:16', 'fcab2fc8-4f28-40ff-9120-399506044b53', '39048959-917f-46cf-b4c5-856e2115798e', '11', 'fmt/515', 'PowerProject v11', 0, 0, 'powerproject-v11');
INSERT INTO `fpr_formatversion` (`replaces_id`, `enabled`, `lastmodified`, `uuid`, `format_id`, `version`, `pronom_id`, `description`, `access_format`, `preservation_format`, `slug`) VALUES (NULL, 1, '2014-07-10 00:01:16', '40c86184-5a7f-423e-bf4a-fb50de47f848', '39048959-917f-46cf-b4c5-856e2115798e', '12.0.01', 'fmt/516', 'PowerProject v12.0.01', 0, 0, 'powerproject-v12001');
INSERT INTO `fpr_formatversion` (`replaces_id`, `enabled`, `lastmodified`, `uuid`, `format_id`, `version`, `pronom_id`, `description`, `access_format`, `preservation_format`, `slug`) VALUES (NULL, 1, '2014-07-10 00:01:16', '26665141-0cd0-4e21-aca0-c94808ad88f0', '39048959-917f-46cf-b4c5-856e2115798e', '12.0.02+', 'fmt/517', 'PowerProject v12.0.02+', 0, 0, 'powerproject-v12002');
INSERT INTO `fpr_format` (`uuid`, `description`, `group_id`, `slug`) VALUES ('04ec38d1-5635-484a-b4c0-01e277bbea53', 'Broad Band eBook', '00abbdd0-51b3-4162-b93a-45deb4ed8654', 'broad-band-ebook');
INSERT INTO `fpr_formatversion` (`replaces_id`, `enabled`, `lastmodified`, `uuid`, `format_id`, `version`, `pronom_id`, `description`, `access_format`, `preservation_format`, `slug`) VALUES (NULL, 1, '2014-07-10 00:01:16', '2fb60469-55a0-4891-8446-a2b6f040c2ab', '04ec38d1-5635-484a-b4c0-01e277bbea53', 'LRF', 'fmt/518', 'Broad Band eBook (lrf)', 0, 0, 'broad-band-ebook-lrf');
INSERT INTO `fpr_idrule` (`replaces_id`, `enabled`, `lastmodified`, `uuid`, `command_id`, `format_id`, `command_output`) VALUES (NULL, 1, '2014-07-10 00:01:16', 'f1eb621e-0b90-475a-9933-de284a59943f', '41efbe1b-3fc7-4b24-9290-d0fb5d0ea9e9', '2fb60469-55a0-4891-8446-a2b6f040c2ab', '.lrf');
INSERT INTO `fpr_format` (`uuid`, `description`, `group_id`, `slug`) VALUES ('e13d9fe7-8727-42bb-a5b2-f77b9b26ec88', 'Polynomial Texture Map', '00abbdd0-51b3-4162-b93a-45deb4ed8654', 'polynomial-texture-map');
INSERT INTO `fpr_formatversion` (`replaces_id`, `enabled`, `lastmodified`, `uuid`, `format_id`, `version`, `pronom_id`, `description`, `access_format`, `preservation_format`, `slug`) VALUES (NULL, 1, '2014-07-10 00:01:16', 'c9d7edbd-4b70-4e20-9b80-ac6d60936f87', 'e13d9fe7-8727-42bb-a5b2-f77b9b26ec88', NULL, 'fmt/519', 'Polynomial Texture Map', 0, 0, 'polynomial-texture-map');
INSERT INTO `fpr_idrule` (`replaces_id`, `enabled`, `lastmodified`, `uuid`, `command_id`, `format_id`, `command_output`) VALUES (NULL, 1, '2014-07-10 00:01:16', 'b6ea6256-b7b7-41a3-a878-6af9120bf104', '41efbe1b-3fc7-4b24-9290-d0fb5d0ea9e9', 'c9d7edbd-4b70-4e20-9b80-ac6d60936f87', '.ptm');
INSERT INTO `fpr_format` (`uuid`, `description`, `group_id`, `slug`) VALUES ('584cd52b-34b5-4337-bb67-f762ed268cda', 'OpenType Font File', '00abbdd0-51b3-4162-b93a-45deb4ed8654', 'opentype-font-file');
INSERT INTO `fpr_formatversion` (`replaces_id`, `enabled`, `lastmodified`, `uuid`, `format_id`, `version`, `pronom_id`, `description`, `access_format`, `preservation_format`, `slug`) VALUES (NULL, 1, '2014-07-10 00:01:16', '6ad68182-e46e-4a76-a9e7-fae6525c0cc8', '584cd52b-34b5-4337-bb67-f762ed268cda', NULL, 'fmt/520', 'OpenType Font File', 0, 0, 'opentype-font-file');
INSERT INTO `fpr_idrule` (`replaces_id`, `enabled`, `lastmodified`, `uuid`, `command_id`, `format_id`, `command_output`) VALUES (NULL, 1, '2014-07-10 00:01:16', 'cd35b5ea-3dd6-4f3a-93c5-266c92ef9291', '41efbe1b-3fc7-4b24-9290-d0fb5d0ea9e9', '6ad68182-e46e-4a76-a9e7-fae6525c0cc8', '.otf');
INSERT INTO `fpr_format` (`uuid`, `description`, `group_id`, `slug`) VALUES ('801f9bbc-076f-463d-96af-736cc0e979a1', 'Adobe Multiple Master Metrics font file', '00abbdd0-51b3-4162-b93a-45deb4ed8654', 'adobe-multiple-master-metrics-font-file');
INSERT INTO `fpr_formatversion` (`replaces_id`, `enabled`, `lastmodified`, `uuid`, `format_id`, `version`, `pronom_id`, `description`, `access_format`, `preservation_format`, `slug`) VALUES (NULL, 1, '2014-07-10 00:01:16', '9ebaf2d6-0f4c-4cf6-b574-568aa8976834', '801f9bbc-076f-463d-96af-736cc0e979a1', NULL, 'fmt/521', 'Adobe Multiple Master Metrics Font file', 0, 0, 'adobe-multiple-master-metrics-font-file');
INSERT INTO `fpr_idrule` (`replaces_id`, `enabled`, `lastmodified`, `uuid`, `command_id`, `format_id`, `command_output`) VALUES (NULL, 1, '2014-07-10 00:01:16', 'fdae24a9-b12a-4b92-910f-f28a91fd2b4d', '41efbe1b-3fc7-4b24-9290-d0fb5d0ea9e9', '9ebaf2d6-0f4c-4cf6-b574-568aa8976834', '.mmm');
INSERT INTO `fpr_format` (`uuid`, `description`, `group_id`, `slug`) VALUES ('09e99c8d-b15c-4919-98aa-94ba051d1ca6', 'Open Project File', '00abbdd0-51b3-4162-b93a-45deb4ed8654', 'open-project-file');
INSERT INTO `fpr_formatversion` (`replaces_id`, `enabled`, `lastmodified`, `uuid`, `format_id`, `version`, `pronom_id`, `description`, `access_format`, `preservation_format`, `slug`) VALUES (NULL, 1, '2014-07-10 00:01:16', '2f2a0880-eb32-42f3-8f04-8a5407b976bc', '09e99c8d-b15c-4919-98aa-94ba051d1ca6', NULL, 'fmt/522', 'POD project file', 0, 0, 'pod-project-file');
INSERT INTO `fpr_idrule` (`replaces_id`, `enabled`, `lastmodified`, `uuid`, `command_id`, `format_id`, `command_output`) VALUES (NULL, 1, '2014-07-10 00:01:16', '657a473c-c49b-4708-ac23-2d2b0e645ee2', '41efbe1b-3fc7-4b24-9290-d0fb5d0ea9e9', '2f2a0880-eb32-42f3-8f04-8a5407b976bc', '.pod');
INSERT INTO `fpr_format` (`uuid`, `description`, `group_id`, `slug`) VALUES ('5ad91e60-f218-4932-849e-0197599e3f56', 'Microsoft Office Theme', '00abbdd0-51b3-4162-b93a-45deb4ed8654', 'microsoft-office-theme');
INSERT INTO `fpr_formatversion` (`replaces_id`, `enabled`, `lastmodified`, `uuid`, `format_id`, `version`, `pronom_id`, `description`, `access_format`, `preservation_format`, `slug`) VALUES (NULL, 1, '2014-07-10 00:01:16', '024a025b-0ccc-41aa-9e03-9fd4f65330c0', '5ad91e60-f218-4932-849e-0197599e3f56', NULL, 'fmt/524', 'Microsoft Office Theme', 0, 0, 'microsoft-office-theme');
INSERT INTO `fpr_idrule` (`replaces_id`, `enabled`, `lastmodified`, `uuid`, `command_id`, `format_id`, `command_output`) VALUES (NULL, 1, '2014-07-10 00:01:16', 'adce92c0-b57d-48e2-87e8-4701e842ab51', '41efbe1b-3fc7-4b24-9290-d0fb5d0ea9e9', '024a025b-0ccc-41aa-9e03-9fd4f65330c0', '.thmx');
INSERT INTO `fpr_format` (`uuid`, `description`, `group_id`, `slug`) VALUES ('7f52a119-d6ad-4e3a-96aa-448affe9c18f', 'Adobe Printer Font Binary', '00abbdd0-51b3-4162-b93a-45deb4ed8654', 'adobe-printer-font-binary');
INSERT INTO `fpr_formatversion` (`replaces_id`, `enabled`, `lastmodified`, `uuid`, `format_id`, `version`, `pronom_id`, `description`, `access_format`, `preservation_format`, `slug`) VALUES (NULL, 1, '2014-07-10 00:01:16', '4cb22305-3741-4c61-b80f-2595a27d64ce', '7f52a119-d6ad-4e3a-96aa-448affe9c18f', NULL, 'fmt/525', 'Adobe Printer Font Binary', 0, 0, 'adobe-printer-font-binary');
INSERT INTO `fpr_idrule` (`replaces_id`, `enabled`, `lastmodified`, `uuid`, `command_id`, `format_id`, `command_output`) VALUES (NULL, 1, '2014-07-10 00:01:16', 'f85f11c1-bf7b-4970-b7a4-02d6e90329f3', '41efbe1b-3fc7-4b24-9290-d0fb5d0ea9e9', '4cb22305-3741-4c61-b80f-2595a27d64ce', '.pfb');
INSERT INTO `fpr_format` (`uuid`, `description`, `group_id`, `slug`) VALUES ('c9f5ec93-8244-42b4-a67e-0376d6b807df', 'Adobe Font List', '00abbdd0-51b3-4162-b93a-45deb4ed8654', 'adobe-font-list');
INSERT INTO `fpr_formatversion` (`replaces_id`, `enabled`, `lastmodified`, `uuid`, `format_id`, `version`, `pronom_id`, `description`, `access_format`, `preservation_format`, `slug`) VALUES (NULL, 1, '2014-07-10 00:01:16', 'afa47195-7bc0-44f9-8dee-54dab1bbecc3', 'c9f5ec93-8244-42b4-a67e-0376d6b807df', NULL, 'fmt/526', 'Adobe Font List', 0, 0, 'adobe-font-list');
INSERT INTO `fpr_idrule` (`replaces_id`, `enabled`, `lastmodified`, `uuid`, `command_id`, `format_id`, `command_output`) VALUES (NULL, 1, '2014-07-10 00:01:16', '61168d5c-d9e5-48e3-bc32-0d783608abe9', '41efbe1b-3fc7-4b24-9290-d0fb5d0ea9e9', 'afa47195-7bc0-44f9-8dee-54dab1bbecc3', '.lst');
INSERT INTO `fpr_format` (`uuid`, `description`, `group_id`, `slug`) VALUES ('5bf749a3-4772-458b-bc2e-71cbf45d43a7', 'Multiple-image Network Graphics', '00abbdd0-51b3-4162-b93a-45deb4ed8654', 'multiple-image-network-graphics');
INSERT INTO `fpr_formatversion` (`replaces_id`, `enabled`, `lastmodified`, `uuid`, `format_id`, `version`, `pronom_id`, `description`, `access_format`, `preservation_format`, `slug`) VALUES (NULL, 1, '2014-07-10 00:01:16', 'e5b8b310-b560-4d7d-908e-8c9ed1fc8a4b', '5bf749a3-4772-458b-bc2e-71cbf45d43a7', NULL, 'fmt/528', 'MNG', 0, 0, 'mng');
INSERT INTO `fpr_idrule` (`replaces_id`, `enabled`, `lastmodified`, `uuid`, `command_id`, `format_id`, `command_output`) VALUES (NULL, 1, '2014-07-10 00:01:16', '6febf82d-aaa9-49ff-846d-0dcbfb8ae779', '41efbe1b-3fc7-4b24-9290-d0fb5d0ea9e9', 'e5b8b310-b560-4d7d-908e-8c9ed1fc8a4b', '.mng');
INSERT INTO `fpr_format` (`uuid`, `description`, `group_id`, `slug`) VALUES ('1c57f239-4423-45a5-8582-cca3bcc4d292', 'JPEG Network Graphics', '00abbdd0-51b3-4162-b93a-45deb4ed8654', 'jpeg-network-graphics');
INSERT INTO `fpr_formatversion` (`replaces_id`, `enabled`, `lastmodified`, `uuid`, `format_id`, `version`, `pronom_id`, `description`, `access_format`, `preservation_format`, `slug`) VALUES (NULL, 1, '2014-07-10 00:01:16', 'd946ba66-65be-4ee9-8b12-7f5aebd357e1', '1c57f239-4423-45a5-8582-cca3bcc4d292', NULL, 'fmt/529', 'JNG', 0, 0, 'jng');
INSERT INTO `fpr_idrule` (`replaces_id`, `enabled`, `lastmodified`, `uuid`, `command_id`, `format_id`, `command_output`) VALUES (NULL, 1, '2014-07-10 00:01:16', '95de2ba3-c5fb-491b-a2cf-54f0124ae73c', '41efbe1b-3fc7-4b24-9290-d0fb5d0ea9e9', 'd946ba66-65be-4ee9-8b12-7f5aebd357e1', '.jng');
INSERT INTO `fpr_format` (`uuid`, `description`, `group_id`, `slug`) VALUES ('58663e35-502d-430a-9552-5d1cf438658c', 'eRuby HTML document', '00abbdd0-51b3-4162-b93a-45deb4ed8654', 'eruby-html-document');
INSERT INTO `fpr_formatversion` (`replaces_id`, `enabled`, `lastmodified`, `uuid`, `format_id`, `version`, `pronom_id`, `description`, `access_format`, `preservation_format`, `slug`) VALUES (NULL, 1, '2014-07-10 00:01:16', '0d0562ad-0c82-49da-bbde-bce1df142d13', '58663e35-502d-430a-9552-5d1cf438658c', NULL, 'fmt/530', 'eRuby HTML document', 0, 0, 'eruby-html-document');
INSERT INTO `fpr_idrule` (`replaces_id`, `enabled`, `lastmodified`, `uuid`, `command_id`, `format_id`, `command_output`) VALUES (NULL, 1, '2014-07-10 00:01:16', 'd9e3b26b-0794-4f11-b055-67533e88c2a3', '41efbe1b-3fc7-4b24-9290-d0fb5d0ea9e9', '0d0562ad-0c82-49da-bbde-bce1df142d13', '.rhtml');
INSERT INTO `fpr_formatversion` (`replaces_id`, `enabled`, `lastmodified`, `uuid`, `format_id`, `version`, `pronom_id`, `description`, `access_format`, `preservation_format`, `slug`) VALUES (NULL, 1, '2014-07-10 00:01:16', '1aa49274-a55f-4c56-8398-0785074a102f', 'd8220665-e552-4c19-8536-0fb4b0b3de7e', '2013/2014', 'fmt/531', 'AutoCAD Drawing Format 2013/2014', 0, 0, 'autocad-drawing-format-20132014');
INSERT INTO `fpr_formatversion` (`replaces_id`, `enabled`, `lastmodified`, `uuid`, `format_id`, `version`, `pronom_id`, `description`, `access_format`, `preservation_format`, `slug`) VALUES (NULL, 1, '2014-07-10 00:01:16', 'b403be86-74f9-4e35-aaea-514b568efb1e', 'e4acd398-3b0a-41f4-b206-3aedc8977851', '2013/2014', 'fmt/532', 'Drawing Interchange File Format (ASCII) 2013/2014', 0, 0, 'drawing-interchange-file-format-ascii-20132014');
INSERT INTO `fpr_formatversion` (`replaces_id`, `enabled`, `lastmodified`, `uuid`, `format_id`, `version`, `pronom_id`, `description`, `access_format`, `preservation_format`, `slug`) VALUES (NULL, 1, '2014-07-10 00:01:16', '66af2061-1890-4533-9dd0-285ff5a65534', '5f23d32b-ca6b-498c-8add-84bc56adaef1', '2.0', 'fmt/533', 'Framemaker Document Version 2.0', 0, 0, 'framemaker-document-version-20');
INSERT INTO `fpr_formatversion` (`replaces_id`, `enabled`, `lastmodified`, `uuid`, `format_id`, `version`, `pronom_id`, `description`, `access_format`, `preservation_format`, `slug`) VALUES (NULL, 1, '2014-07-10 00:01:16', '084e5ed9-e8b6-495c-8e90-f1c26e9a1d77', '5f23d32b-ca6b-498c-8add-84bc56adaef1', '3.0', 'fmt/534', 'Framemaker Document Version 3.0', 0, 0, 'framemaker-document-version-30');
INSERT INTO `fpr_formatversion` (`replaces_id`, `enabled`, `lastmodified`, `uuid`, `format_id`, `version`, `pronom_id`, `description`, `access_format`, `preservation_format`, `slug`) VALUES (NULL, 1, '2014-07-10 00:01:16', 'b3d6797c-e4bc-441d-97df-0c2f6420bb0d', '5f23d32b-ca6b-498c-8add-84bc56adaef1', '4.0', 'fmt/535', 'Framemaker Document Version 4.0', 0, 0, 'framemaker-document-version-40');
INSERT INTO `fpr_formatversion` (`replaces_id`, `enabled`, `lastmodified`, `uuid`, `format_id`, `version`, `pronom_id`, `description`, `access_format`, `preservation_format`, `slug`) VALUES (NULL, 1, '2014-07-10 00:01:16', 'adcc3c91-9e63-411d-b25a-0fab54df7d23', '5f23d32b-ca6b-498c-8add-84bc56adaef1', '5.5', 'fmt/536', 'Framemaker Document Version 5.5', 0, 0, 'framemaker-document-version-55');
INSERT INTO `fpr_formatversion` (`replaces_id`, `enabled`, `lastmodified`, `uuid`, `format_id`, `version`, `pronom_id`, `description`, `access_format`, `preservation_format`, `slug`) VALUES (NULL, 1, '2014-07-10 00:01:16', '6bc603b2-0adc-4a98-9f93-803fa4ecc5ee', '5f23d32b-ca6b-498c-8add-84bc56adaef1', '6.0', 'fmt/537', 'Framemaker Document Version 6.0', 0, 0, 'framemaker-document-version-60');
INSERT INTO `fpr_formatversion` (`replaces_id`, `enabled`, `lastmodified`, `uuid`, `format_id`, `version`, `pronom_id`, `description`, `access_format`, `preservation_format`, `slug`) VALUES (NULL, 1, '2014-07-10 00:01:16', '5d734ff8-5e37-4194-8a2e-554dc05a6f3b', '5f23d32b-ca6b-498c-8add-84bc56adaef1', '7.0', 'fmt/538', 'Framemaker Document Version 7.0', 0, 0, 'framemaker-document-version-70');
INSERT INTO `fpr_formatversion` (`replaces_id`, `enabled`, `lastmodified`, `uuid`, `format_id`, `version`, `pronom_id`, `description`, `access_format`, `preservation_format`, `slug`) VALUES (NULL, 1, '2014-07-10 00:01:16', 'b1af2127-691c-4f29-980e-40df06300630', '5f23d32b-ca6b-498c-8add-84bc56adaef1', '9.0', 'fmt/539', 'Framemaker Document Version 9.0', 0, 0, 'framemaker-document-version-90');
INSERT INTO `fpr_formatversion` (`replaces_id`, `enabled`, `lastmodified`, `uuid`, `format_id`, `version`, `pronom_id`, `description`, `access_format`, `preservation_format`, `slug`) VALUES (NULL, 1, '2014-07-10 00:01:16', '1dd403f1-f2b2-420a-9281-aca5bfa2fa73', 'b72f6e08-b7b7-48cb-a922-f2de16da8fe8', '5.x', 'fmt/540', 'Cinema 4D 5.x', 0, 0, 'cinema-4d-5x');
INSERT INTO `fpr_formatversion` (`replaces_id`, `enabled`, `lastmodified`, `uuid`, `format_id`, `version`, `pronom_id`, `description`, `access_format`, `preservation_format`, `slug`) VALUES (NULL, 1, '2014-07-10 00:01:16', 'f2055ccf-cad2-4a17-84ef-d89b99ec20e8', '9e04dc00-4756-40a2-b281-cae72521d0a5', '2.0', 'fmt/541', 'DPX v2 Big endian', 0, 0, 'dpx-v2-big-endian');
INSERT INTO `fpr_formatversion` (`replaces_id`, `enabled`, `lastmodified`, `uuid`, `format_id`, `version`, `pronom_id`, `description`, `access_format`, `preservation_format`, `slug`) VALUES (NULL, 1, '2014-07-10 00:01:16', '9f56bf66-e917-4702-afe1-5af9bfce6931', 'a92324c1-3a36-4e37-b416-2af0b2083da3', '1.01', 'fmt/542', 'GEM metafile 1.01 big endian', 0, 0, 'gem-metafile-101-big-endian');
INSERT INTO `fpr_formatversion` (`replaces_id`, `enabled`, `lastmodified`, `uuid`, `format_id`, `version`, `pronom_id`, `description`, `access_format`, `preservation_format`, `slug`) VALUES (NULL, 1, '2014-07-10 00:01:16', 'ddf188ff-d709-4e18-970b-d539325a5e56', 'a92324c1-3a36-4e37-b416-2af0b2083da3', '3.10', 'fmt/543', 'GEM metafile 3.10 little endian', 0, 0, 'gem-metafile-310-little-endian');
INSERT INTO `fpr_formatversion` (`replaces_id`, `enabled`, `lastmodified`, `uuid`, `format_id`, `version`, `pronom_id`, `description`, `access_format`, `preservation_format`, `slug`) VALUES (NULL, 1, '2014-07-10 00:01:16', '8e596b60-6351-4f9a-b49c-448dae996be6', 'a162f581-6924-42de-868f-57f26cd761b7', '7', 'fmt/544', 'FreeHand 7', 0, 0, 'freehand-7');
INSERT INTO `fpr_idrule` (`replaces_id`, `enabled`, `lastmodified`, `uuid`, `command_id`, `format_id`, `command_output`) VALUES (NULL, 1, '2014-07-10 00:01:16', '52d82ed7-d667-426a-8ce8-b46f898c9b9e', '41efbe1b-3fc7-4b24-9290-d0fb5d0ea9e9', '8e596b60-6351-4f9a-b49c-448dae996be6', '.fh7');
INSERT INTO `fpr_formatversion` (`replaces_id`, `enabled`, `lastmodified`, `uuid`, `format_id`, `version`, `pronom_id`, `description`, `access_format`, `preservation_format`, `slug`) VALUES (NULL, 1, '2014-07-10 00:01:16', 'f306f736-9ad2-46dc-934e-ec4d2b236e04', 'a162f581-6924-42de-868f-57f26cd761b7', '8', 'fmt/545', 'FreeHand 8', 0, 0, 'freehand-8');
INSERT INTO `fpr_idrule` (`replaces_id`, `enabled`, `lastmodified`, `uuid`, `command_id`, `format_id`, `command_output`) VALUES (NULL, 1, '2014-07-10 00:01:16', '5539cc33-7782-4ddf-806d-d37fd3a6c762', '41efbe1b-3fc7-4b24-9290-d0fb5d0ea9e9', 'f306f736-9ad2-46dc-934e-ec4d2b236e04', '.fh8');
INSERT INTO `fpr_formatversion` (`replaces_id`, `enabled`, `lastmodified`, `uuid`, `format_id`, `version`, `pronom_id`, `description`, `access_format`, `preservation_format`, `slug`) VALUES (NULL, 1, '2014-07-10 00:01:16', '552e3fc1-2722-4bc9-b1f1-7d3058111363', 'a162f581-6924-42de-868f-57f26cd761b7', '9', 'fmt/546', 'FreeHand 9', 0, 0, 'freehand-9');
INSERT INTO `fpr_idrule` (`replaces_id`, `enabled`, `lastmodified`, `uuid`, `command_id`, `format_id`, `command_output`) VALUES (NULL, 1, '2014-07-10 00:01:16', '6ff77e3d-af36-4bca-afe9-a5add49966fc', '41efbe1b-3fc7-4b24-9290-d0fb5d0ea9e9', '552e3fc1-2722-4bc9-b1f1-7d3058111363', '.fh9');
INSERT INTO `fpr_formatversion` (`replaces_id`, `enabled`, `lastmodified`, `uuid`, `format_id`, `version`, `pronom_id`, `description`, `access_format`, `preservation_format`, `slug`) VALUES (NULL, 1, '2014-07-10 00:01:16', '6a6c7290-be0c-4a38-9568-5290b589eaef', 'a162f581-6924-42de-868f-57f26cd761b7', '10', 'fmt/547', 'FreeHand 10', 0, 0, 'freehand-10');
INSERT INTO `fpr_idrule` (`replaces_id`, `enabled`, `lastmodified`, `uuid`, `command_id`, `format_id`, `command_output`) VALUES (NULL, 1, '2014-07-10 00:01:16', 'a4ec3927-ab56-4f38-8f08-5aa9e452555b', '41efbe1b-3fc7-4b24-9290-d0fb5d0ea9e9', '6a6c7290-be0c-4a38-9568-5290b589eaef', '.fh10');
INSERT INTO `fpr_formatversion` (`replaces_id`, `enabled`, `lastmodified`, `uuid`, `format_id`, `version`, `pronom_id`, `description`, `access_format`, `preservation_format`, `slug`) VALUES (NULL, 1, '2014-07-10 00:01:16', '1e583f85-a4cf-4767-8bb3-0574a7c31df6', '03e5f908-4a64-4374-ab63-ac11e5e7ebd5', 'CS2', 'fmt/548', 'Adobe InDesign Document CS2', 0, 0, 'adobe-indesign-document-cs2');
INSERT INTO `fpr_formatversion` (`replaces_id`, `enabled`, `lastmodified`, `uuid`, `format_id`, `version`, `pronom_id`, `description`, `access_format`, `preservation_format`, `slug`) VALUES (NULL, 1, '2014-07-10 00:01:16', '43ebcdfd-21ca-4ffc-9de5-34ff03c3d933', '03e5f908-4a64-4374-ab63-ac11e5e7ebd5', 'CS3', 'fmt/549', 'Adobe InDesign Document CS3', 0, 0, 'adobe-indesign-document-cs3');
INSERT INTO `fpr_formatversion` (`replaces_id`, `enabled`, `lastmodified`, `uuid`, `format_id`, `version`, `pronom_id`, `description`, `access_format`, `preservation_format`, `slug`) VALUES (NULL, 1, '2014-07-10 00:01:16', 'feac2a90-484b-4b22-8579-aabb916e5a6a', '03e5f908-4a64-4374-ab63-ac11e5e7ebd5', 'CS4', 'fmt/550', 'Adobe InDesign Document CS4', 0, 0, 'adobe-indesign-document-cs4');
INSERT INTO `fpr_formatversion` (`replaces_id`, `enabled`, `lastmodified`, `uuid`, `format_id`, `version`, `pronom_id`, `description`, `access_format`, `preservation_format`, `slug`) VALUES (NULL, 1, '2014-07-10 00:01:16', '130fd56b-e172-4035-9ca0-6d4ddd4c6982', '03e5f908-4a64-4374-ab63-ac11e5e7ebd5', 'CS5', 'fmt/551', 'Adobe InDesign Document CS5', 0, 0, 'adobe-indesign-document-cs5');
INSERT INTO `fpr_formatversion` (`replaces_id`, `enabled`, `lastmodified`, `uuid`, `format_id`, `version`, `pronom_id`, `description`, `access_format`, `preservation_format`, `slug`) VALUES (NULL, 1, '2014-07-10 00:01:16', '55c8f5ae-adbf-4284-a0e4-71df64c5d142', '03e5f908-4a64-4374-ab63-ac11e5e7ebd5', 'CS6', 'fmt/552', 'Adobe InDesign Document CS6', 0, 0, 'adobe-indesign-document-cs6');
INSERT INTO `fpr_formatversion` (`replaces_id`, `enabled`, `lastmodified`, `uuid`, `format_id`, `version`, `pronom_id`, `description`, `access_format`, `preservation_format`, `slug`) VALUES (NULL, 1, '2014-07-10 00:01:16', 'd35d241b-da35-4d43-883b-392694625727', '1e25cdbb-17e7-4486-95ab-3f38129736f2', '2.x', 'fmt/553', 'BIFF 2 Chart', 0, 0, 'biff-2-chart');
INSERT INTO `fpr_formatversion` (`replaces_id`, `enabled`, `lastmodified`, `uuid`, `format_id`, `version`, `pronom_id`, `description`, `access_format`, `preservation_format`, `slug`) VALUES (NULL, 1, '2014-07-10 00:01:16', '95b3ebd8-69d9-41ed-b9c6-5ed06e3af596', '1e25cdbb-17e7-4486-95ab-3f38129736f2', '3.0', 'fmt/554', 'BIFF 3 Chart', 0, 0, 'biff-3-chart');
INSERT INTO `fpr_formatversion` (`replaces_id`, `enabled`, `lastmodified`, `uuid`, `format_id`, `version`, `pronom_id`, `description`, `access_format`, `preservation_format`, `slug`) VALUES (NULL, 1, '2014-07-10 00:01:16', 'e7c67054-afdb-40df-9406-5b2b6c924e90', '61fd4c8f-e14e-45ad-bd0a-64ea52958ec8', '2.x', 'fmt/555', 'BIFF 2 Macro', 0, 0, 'biff-2-macro');
INSERT INTO `fpr_idrule` (`replaces_id`, `enabled`, `lastmodified`, `uuid`, `command_id`, `format_id`, `command_output`) VALUES (NULL, 1, '2014-07-10 00:01:16', '70289e7a-7bd9-409b-93aa-19828ca0f578', '41efbe1b-3fc7-4b24-9290-d0fb5d0ea9e9', 'e7c67054-afdb-40df-9406-5b2b6c924e90', '.xlm');
INSERT INTO `fpr_formatversion` (`replaces_id`, `enabled`, `lastmodified`, `uuid`, `format_id`, `version`, `pronom_id`, `description`, `access_format`, `preservation_format`, `slug`) VALUES (NULL, 1, '2014-07-10 00:01:16', '2efca21b-e774-456d-a751-90f515f248a7', '61fd4c8f-e14e-45ad-bd0a-64ea52958ec8', '3.0', 'fmt/556', 'BIFF 3 Macro', 0, 0, 'biff-3-macro');
INSERT INTO `fpr_format` (`uuid`, `description`, `group_id`, `slug`) VALUES ('77089e91-4b7a-4fc9-a6b6-12cbbf6ae899', 'WebP', '00abbdd0-51b3-4162-b93a-45deb4ed8654', 'webp');
INSERT INTO `fpr_formatversion` (`replaces_id`, `enabled`, `lastmodified`, `uuid`, `format_id`, `version`, `pronom_id`, `description`, `access_format`, `preservation_format`, `slug`) VALUES (NULL, 1, '2014-07-10 00:01:16', 'cb2e4364-7307-452f-8d40-4d19e86274ed', '77089e91-4b7a-4fc9-a6b6-12cbbf6ae899', 'Lossy', 'fmt/566', 'WebP Lossy', 0, 0, 'webp-lossy');
INSERT INTO `fpr_idrule` (`replaces_id`, `enabled`, `lastmodified`, `uuid`, `command_id`, `format_id`, `command_output`) VALUES (NULL, 1, '2014-07-10 00:01:16', 'be5beea6-214f-4190-9e85-ee9179d2f512', '41efbe1b-3fc7-4b24-9290-d0fb5d0ea9e9', 'cb2e4364-7307-452f-8d40-4d19e86274ed', '.webp');
INSERT INTO `fpr_formatversion` (`replaces_id`, `enabled`, `lastmodified`, `uuid`, `format_id`, `version`, `pronom_id`, `description`, `access_format`, `preservation_format`, `slug`) VALUES (NULL, 1, '2014-07-10 00:01:16', 'da88aea3-9434-42d7-ab73-16a648075208', '77089e91-4b7a-4fc9-a6b6-12cbbf6ae899', 'Lossless', 'fmt/567', 'WebP Lossless', 0, 0, 'webp-lossless');
INSERT INTO `fpr_formatversion` (`replaces_id`, `enabled`, `lastmodified`, `uuid`, `format_id`, `version`, `pronom_id`, `description`, `access_format`, `preservation_format`, `slug`) VALUES (NULL, 1, '2014-07-10 00:01:16', '893a7d54-3e11-46f6-95d9-01948ed05f85', '77089e91-4b7a-4fc9-a6b6-12cbbf6ae899', 'Extended', 'fmt/568', 'WebP Extended', 0, 0, 'webp-extended');
INSERT INTO `fpr_format` (`uuid`, `description`, `group_id`, `slug`) VALUES ('85624f93-0dbd-4dc0-9792-d840ace07337', 'Extensible Metadata Platform Packet', '00abbdd0-51b3-4162-b93a-45deb4ed8654', 'extensible-metadata-platform-packet');
INSERT INTO `fpr_formatversion` (`replaces_id`, `enabled`, `lastmodified`, `uuid`, `format_id`, `version`, `pronom_id`, `description`, `access_format`, `preservation_format`, `slug`) VALUES (NULL, 1, '2014-07-10 00:01:16', 'b45d912f-bee3-4972-b673-267ef4d2285a', '85624f93-0dbd-4dc0-9792-d840ace07337', NULL, 'fmt/570', 'Extensible Metadata Platform Packet', 0, 0, 'extensible-metadata-platform-packet');
INSERT INTO `fpr_idrule` (`replaces_id`, `enabled`, `lastmodified`, `uuid`, `command_id`, `format_id`, `command_output`) VALUES (NULL, 1, '2014-07-10 00:01:16', 'a0e664d8-149d-41a4-a262-a2eae2e67d7a', '41efbe1b-3fc7-4b24-9290-d0fb5d0ea9e9', 'b45d912f-bee3-4972-b673-267ef4d2285a', '.xmp');
INSERT INTO `fpr_format` (`uuid`, `description`, `group_id`, `slug`) VALUES ('13a5a111-abce-4a0d-a576-0457267fd928', 'Domino XML Document Export', '00abbdd0-51b3-4162-b93a-45deb4ed8654', 'domino-xml-document-export');
INSERT INTO `fpr_formatversion` (`replaces_id`, `enabled`, `lastmodified`, `uuid`, `format_id`, `version`, `pronom_id`, `description`, `access_format`, `preservation_format`, `slug`) VALUES (NULL, 1, '2014-07-10 00:01:16', 'ca1476d4-f3b7-41d0-8435-a17a9fb6d749', '13a5a111-abce-4a0d-a576-0457267fd928', NULL, 'fmt/571', 'Domino XML Document Export', 0, 0, 'domino-xml-document-export');
INSERT INTO `fpr_idrule` (`replaces_id`, `enabled`, `lastmodified`, `uuid`, `command_id`, `format_id`, `command_output`) VALUES (NULL, 1, '2014-07-10 00:01:16', '0ec8a366-d8f0-424b-9162-0cc1e421d9e4', '41efbe1b-3fc7-4b24-9290-d0fb5d0ea9e9', 'ca1476d4-f3b7-41d0-8435-a17a9fb6d749', '.dxl');
INSERT INTO `fpr_format` (`uuid`, `description`, `group_id`, `slug`) VALUES ('3d2057de-3d7e-4019-a245-b42b764025ce', 'Domino XML Database Export', '00abbdd0-51b3-4162-b93a-45deb4ed8654', 'domino-xml-database-export');
INSERT INTO `fpr_formatversion` (`replaces_id`, `enabled`, `lastmodified`, `uuid`, `format_id`, `version`, `pronom_id`, `description`, `access_format`, `preservation_format`, `slug`) VALUES (NULL, 1, '2014-07-10 00:01:16', '3ccc0d52-44ee-4260-84f5-e90583f5f031', '3d2057de-3d7e-4019-a245-b42b764025ce', NULL, 'fmt/572', 'Domino XML Database Export', 0, 0, 'domino-xml-database-export');
INSERT INTO `fpr_format` (`uuid`, `description`, `group_id`, `slug`) VALUES ('a973b72d-4fde-4eb3-9938-f6b27f72dec2', 'WebM', '00abbdd0-51b3-4162-b93a-45deb4ed8654', 'webm');
INSERT INTO `fpr_formatversion` (`replaces_id`, `enabled`, `lastmodified`, `uuid`, `format_id`, `version`, `pronom_id`, `description`, `access_format`, `preservation_format`, `slug`) VALUES (NULL, 1, '2014-07-10 00:01:16', 'a92cfa13-92b0-4466-8552-dfcdc91336af', 'a973b72d-4fde-4eb3-9938-f6b27f72dec2', NULL, 'fmt/573', 'WebM', 0, 0, 'webm');
INSERT INTO `fpr_idrule` (`replaces_id`, `enabled`, `lastmodified`, `uuid`, `command_id`, `format_id`, `command_output`) VALUES (NULL, 1, '2014-07-10 00:01:16', '6669fe41-eddf-43eb-8dd7-b514810a2e5d', '41efbe1b-3fc7-4b24-9290-d0fb5d0ea9e9', 'a92cfa13-92b0-4466-8552-dfcdc91336af', '.webm');
INSERT INTO `fpr_format` (`uuid`, `description`, `group_id`, `slug`) VALUES ('20d0dbe0-4192-47c4-89a0-d2a6af1f0d08', 'Digital Imaging and Communications in Medicine file format', '00abbdd0-51b3-4162-b93a-45deb4ed8654', 'digital-imaging-and-communications-in-medicine-fil');
INSERT INTO `fpr_formatversion` (`replaces_id`, `enabled`, `lastmodified`, `uuid`, `format_id`, `version`, `pronom_id`, `description`, `access_format`, `preservation_format`, `slug`) VALUES (NULL, 1, '2014-07-10 00:01:16', 'dc32c7b5-e461-4b0e-9885-20521f4fb797', '20d0dbe0-4192-47c4-89a0-d2a6af1f0d08', NULL, 'fmt/574', 'DICOM', 0, 0, 'dicom');
INSERT INTO `fpr_idrule` (`replaces_id`, `enabled`, `lastmodified`, `uuid`, `command_id`, `format_id`, `command_output`) VALUES (NULL, 1, '2014-07-10 00:01:16', '1673b111-8f29-4a66-8c1c-863d24095f59', '41efbe1b-3fc7-4b24-9290-d0fb5d0ea9e9', 'dc32c7b5-e461-4b0e-9885-20521f4fb797', '.dcm');
INSERT INTO `fpr_format` (`uuid`, `description`, `group_id`, `slug`) VALUES ('39d89ff4-f419-455a-902e-895255b21261', 'GraphPad Prism', '00abbdd0-51b3-4162-b93a-45deb4ed8654', 'graphpad-prism');
INSERT INTO `fpr_formatversion` (`replaces_id`, `enabled`, `lastmodified`, `uuid`, `format_id`, `version`, `pronom_id`, `description`, `access_format`, `preservation_format`, `slug`) VALUES (NULL, 1, '2014-07-10 00:01:16', '7ef4e73f-5c76-493d-9bf3-382a16e25dcd', '39d89ff4-f419-455a-902e-895255b21261', '1-3', 'fmt/575', 'GraphPad Prism 1-3', 0, 0, 'graphpad-prism-1-3');
INSERT INTO `fpr_idrule` (`replaces_id`, `enabled`, `lastmodified`, `uuid`, `command_id`, `format_id`, `command_output`) VALUES (NULL, 1, '2014-07-10 00:01:16', '168166bd-95a5-46af-b619-7ad6ce0ed652', '41efbe1b-3fc7-4b24-9290-d0fb5d0ea9e9', '7ef4e73f-5c76-493d-9bf3-382a16e25dcd', '.pzm');
INSERT INTO `fpr_formatversion` (`replaces_id`, `enabled`, `lastmodified`, `uuid`, `format_id`, `version`, `pronom_id`, `description`, `access_format`, `preservation_format`, `slug`) VALUES (NULL, 1, '2014-07-10 00:01:16', '5d5d6f1e-0f18-402a-bf42-fcbc7ccf2d5b', '39d89ff4-f419-455a-902e-895255b21261', '4', 'fmt/576', 'GraphPad Prism 4', 0, 0, 'graphpad-prism-4');
INSERT INTO `fpr_idrule` (`replaces_id`, `enabled`, `lastmodified`, `uuid`, `command_id`, `format_id`, `command_output`) VALUES (NULL, 1, '2014-07-10 00:01:16', 'e24bffbe-6a06-407c-950c-56e21a859a86', '41efbe1b-3fc7-4b24-9290-d0fb5d0ea9e9', '5d5d6f1e-0f18-402a-bf42-fcbc7ccf2d5b', '.pzf');
INSERT INTO `fpr_format` (`uuid`, `description`, `group_id`, `slug`) VALUES ('5348b7be-d4f5-4de1-8c8c-480379f4bd7a', 'Image Cytometry Standard', '00abbdd0-51b3-4162-b93a-45deb4ed8654', 'image-cytometry-standard');
INSERT INTO `fpr_formatversion` (`replaces_id`, `enabled`, `lastmodified`, `uuid`, `format_id`, `version`, `pronom_id`, `description`, `access_format`, `preservation_format`, `slug`) VALUES (NULL, 1, '2014-07-10 00:01:16', '499a3995-5a1a-4341-9dfc-79f448bf4942', '5348b7be-d4f5-4de1-8c8c-480379f4bd7a', '1', 'fmt/577', 'Image Cytometry Standard 1.0', 0, 0, 'image-cytometry-standard-10');
INSERT INTO `fpr_formatversion` (`replaces_id`, `enabled`, `lastmodified`, `uuid`, `format_id`, `version`, `pronom_id`, `description`, `access_format`, `preservation_format`, `slug`) VALUES (NULL, 1, '2014-07-10 00:01:16', 'c142ca5f-9795-4051-a4b4-b3a6d918c9b6', '5348b7be-d4f5-4de1-8c8c-480379f4bd7a', '2', 'fmt/578', 'Image Cytometry Standard 2.0', 0, 0, 'image-cytometry-standard-20');
INSERT INTO `fpr_format` (`uuid`, `description`, `group_id`, `slug`) VALUES ('64e3a698-3eb5-42fb-89a1-4418a6c94aca', 'X3D', '00abbdd0-51b3-4162-b93a-45deb4ed8654', 'x3d');
INSERT INTO `fpr_formatversion` (`replaces_id`, `enabled`, `lastmodified`, `uuid`, `format_id`, `version`, `pronom_id`, `description`, `access_format`, `preservation_format`, `slug`) VALUES (NULL, 1, '2014-07-10 00:01:16', 'f6ea2077-0990-4abf-a4e0-e31a997495d2', '64e3a698-3eb5-42fb-89a1-4418a6c94aca', '3.0', 'fmt/579', 'X3D v3.0', 0, 0, 'x3d-v30');
INSERT INTO `fpr_idrule` (`replaces_id`, `enabled`, `lastmodified`, `uuid`, `command_id`, `format_id`, `command_output`) VALUES (NULL, 1, '2014-07-10 00:01:16', '8011ad62-c52d-4578-a3a6-0db6d1566960', '41efbe1b-3fc7-4b24-9290-d0fb5d0ea9e9', 'f6ea2077-0990-4abf-a4e0-e31a997495d2', '.x3d');
INSERT INTO `fpr_formatversion` (`replaces_id`, `enabled`, `lastmodified`, `uuid`, `format_id`, `version`, `pronom_id`, `description`, `access_format`, `preservation_format`, `slug`) VALUES (NULL, 1, '2014-07-10 00:01:16', 'ce96f2f8-fdbc-41ea-bfa7-6087bd481af6', '64e3a698-3eb5-42fb-89a1-4418a6c94aca', '3.1', 'fmt/580', 'X3D v3.1', 0, 0, 'x3d-v31');
INSERT INTO `fpr_formatversion` (`replaces_id`, `enabled`, `lastmodified`, `uuid`, `format_id`, `version`, `pronom_id`, `description`, `access_format`, `preservation_format`, `slug`) VALUES (NULL, 1, '2014-07-10 00:01:16', '7c04f1b3-b910-494f-9378-bf9ee8338c54', '64e3a698-3eb5-42fb-89a1-4418a6c94aca', '3.2', 'fmt/581', 'X3D v3.2', 0, 0, 'x3d-v32');
INSERT INTO `fpr_formatversion` (`replaces_id`, `enabled`, `lastmodified`, `uuid`, `format_id`, `version`, `pronom_id`, `description`, `access_format`, `preservation_format`, `slug`) VALUES (NULL, 1, '2014-07-10 00:01:16', 'c0a8881f-9ef4-4b21-9292-3a1cdf12289d', '64e3a698-3eb5-42fb-89a1-4418a6c94aca', '3.3', 'fmt/582', 'X3D v3.3', 0, 0, 'x3d-v33');
INSERT INTO `fpr_format` (`uuid`, `description`, `group_id`, `slug`) VALUES ('0c0d2884-4c1c-46fc-bb4b-1bf06e6c6c45', 'Vector Markup Language', '00abbdd0-51b3-4162-b93a-45deb4ed8654', 'vector-markup-language');
INSERT INTO `fpr_formatversion` (`replaces_id`, `enabled`, `lastmodified`, `uuid`, `format_id`, `version`, `pronom_id`, `description`, `access_format`, `preservation_format`, `slug`) VALUES (NULL, 1, '2014-07-10 00:01:16', '1a4810fc-db27-4e0e-ba3e-5ebe94f3fcec', '0c0d2884-4c1c-46fc-bb4b-1bf06e6c6c45', NULL, 'fmt/583', 'Vector Markup Language', 0, 0, 'vector-markup-language');
INSERT INTO `fpr_idrule` (`replaces_id`, `enabled`, `lastmodified`, `uuid`, `command_id`, `format_id`, `command_output`) VALUES (NULL, 1, '2014-07-10 00:01:16', 'ca1eeed0-0578-464f-a54f-dac545490fd3', '41efbe1b-3fc7-4b24-9290-d0fb5d0ea9e9', '1a4810fc-db27-4e0e-ba3e-5ebe94f3fcec', '.vml');
INSERT INTO `fpr_format` (`uuid`, `description`, `group_id`, `slug`) VALUES ('ecdea97b-ed62-4c02-9fef-0f6b13104e25', 'Windows Media Metafile', '00abbdd0-51b3-4162-b93a-45deb4ed8654', 'windows-media-metafile');
INSERT INTO `fpr_formatversion` (`replaces_id`, `enabled`, `lastmodified`, `uuid`, `format_id`, `version`, `pronom_id`, `description`, `access_format`, `preservation_format`, `slug`) VALUES (NULL, 1, '2014-07-10 00:01:16', '1ab6a504-e64f-4bb5-8969-fe11ee5e9f09', 'ecdea97b-ed62-4c02-9fef-0f6b13104e25', NULL, 'fmt/584', 'Windows Media Metafile', 0, 0, 'windows-media-metafile');
INSERT INTO `fpr_idrule` (`replaces_id`, `enabled`, `lastmodified`, `uuid`, `command_id`, `format_id`, `command_output`) VALUES (NULL, 1, '2014-07-10 00:01:16', 'f7034685-9436-4236-9bbe-5fa061dcc799', '41efbe1b-3fc7-4b24-9290-d0fb5d0ea9e9', '1ab6a504-e64f-4bb5-8969-fe11ee5e9f09', '.wmx');
INSERT INTO `fpr_format` (`uuid`, `description`, `group_id`, `slug`) VALUES ('b9da851c-7601-47a9-8d4d-3b8fcb73128e', 'MPEG 2 Transport Stream', '00abbdd0-51b3-4162-b93a-45deb4ed8654', 'mpeg-2-transport-stream');
INSERT INTO `fpr_formatversion` (`replaces_id`, `enabled`, `lastmodified`, `uuid`, `format_id`, `version`, `pronom_id`, `description`, `access_format`, `preservation_format`, `slug`) VALUES (NULL, 1, '2014-07-10 00:01:16', '3d3894d9-3818-4488-b6dd-03cdd82a2d08', 'b9da851c-7601-47a9-8d4d-3b8fcb73128e', NULL, 'fmt/585', 'MPEG 2 Transport Stream', 0, 0, 'mpeg-2-transport-stream');
INSERT INTO `fpr_idrule` (`replaces_id`, `enabled`, `lastmodified`, `uuid`, `command_id`, `format_id`, `command_output`) VALUES (NULL, 1, '2014-07-10 00:01:16', '9653ac9e-5878-40ed-a29e-90da7287d99b', '41efbe1b-3fc7-4b24-9290-d0fb5d0ea9e9', '3d3894d9-3818-4488-b6dd-03cdd82a2d08', '.m2t');
INSERT INTO `fpr_format` (`uuid`, `description`, `group_id`, `slug`) VALUES ('04859415-ed47-4500-8ffa-ae3810c5a929', 'LifeTechnologies SDS', '00abbdd0-51b3-4162-b93a-45deb4ed8654', 'lifetechnologies-sds');
INSERT INTO `fpr_formatversion` (`replaces_id`, `enabled`, `lastmodified`, `uuid`, `format_id`, `version`, `pronom_id`, `description`, `access_format`, `preservation_format`, `slug`) VALUES (NULL, 1, '2014-07-10 00:01:16', '5b3ac3e8-30a9-42f3-a9d1-b8d66f35773b', '04859415-ed47-4500-8ffa-ae3810c5a929', NULL, 'fmt/586', 'LifeTechnologies SDS', 0, 0, 'lifetechnologies-sds');
INSERT INTO `fpr_idrule` (`replaces_id`, `enabled`, `lastmodified`, `uuid`, `command_id`, `format_id`, `command_output`) VALUES (NULL, 1, '2014-07-10 00:01:16', 'bc305ad5-fbb5-46ee-9d50-8ed809b3ddee', '41efbe1b-3fc7-4b24-9290-d0fb5d0ea9e9', '5b3ac3e8-30a9-42f3-a9d1-b8d66f35773b', '.sds');
INSERT INTO `fpr_format` (`uuid`, `description`, `group_id`, `slug`) VALUES ('17503cd1-88c1-4086-9ea6-b13f3ad1db03', 'LifeTechnologies ABIF', '00abbdd0-51b3-4162-b93a-45deb4ed8654', 'lifetechnologies-abif');
INSERT INTO `fpr_formatversion` (`replaces_id`, `enabled`, `lastmodified`, `uuid`, `format_id`, `version`, `pronom_id`, `description`, `access_format`, `preservation_format`, `slug`) VALUES (NULL, 1, '2014-07-10 00:01:16', '17774f87-a00c-4295-b074-766a016b0dd3', '17503cd1-88c1-4086-9ea6-b13f3ad1db03', NULL, 'fmt/587', 'LifeTechnologies ABIF', 0, 0, 'lifetechnologies-abif');
INSERT INTO `fpr_idrule` (`replaces_id`, `enabled`, `lastmodified`, `uuid`, `command_id`, `format_id`, `command_output`) VALUES (NULL, 1, '2014-07-10 00:01:16', '5c333463-556f-497d-b1cd-9591c4da97cc', '41efbe1b-3fc7-4b24-9290-d0fb5d0ea9e9', '17774f87-a00c-4295-b074-766a016b0dd3', '.abif');
INSERT INTO `fpr_format` (`uuid`, `description`, `group_id`, `slug`) VALUES ('8013b4ba-3981-4155-8a32-d1e5659c725f', 'R3D', '00abbdd0-51b3-4162-b93a-45deb4ed8654', 'r3d');
INSERT INTO `fpr_formatversion` (`replaces_id`, `enabled`, `lastmodified`, `uuid`, `format_id`, `version`, `pronom_id`, `description`, `access_format`, `preservation_format`, `slug`) VALUES (NULL, 1, '2014-07-10 00:01:16', '8d2c8eb5-7ae3-4c0a-9611-f661f419c671', '8013b4ba-3981-4155-8a32-d1e5659c725f', NULL, 'fmt/588', 'R3D', 0, 0, 'r3d');
INSERT INTO `fpr_idrule` (`replaces_id`, `enabled`, `lastmodified`, `uuid`, `command_id`, `format_id`, `command_output`) VALUES (NULL, 1, '2014-07-10 00:01:16', '23be422e-7dac-4104-a645-a82d17def312', '41efbe1b-3fc7-4b24-9290-d0fb5d0ea9e9', '8d2c8eb5-7ae3-4c0a-9611-f661f419c671', '.r3d');
INSERT INTO `fpr_format` (`uuid`, `description`, `group_id`, `slug`) VALUES ('1a0cf7bc-1e77-40af-b728-54bcfb78bbcf', 'Windows Media Playlist', '00abbdd0-51b3-4162-b93a-45deb4ed8654', 'windows-media-playlist');
INSERT INTO `fpr_formatversion` (`replaces_id`, `enabled`, `lastmodified`, `uuid`, `format_id`, `version`, `pronom_id`, `description`, `access_format`, `preservation_format`, `slug`) VALUES (NULL, 1, '2014-07-10 00:01:16', '5041b4e4-ee9e-4b7e-9271-3c38458d5548', '1a0cf7bc-1e77-40af-b728-54bcfb78bbcf', NULL, 'fmt/589', 'Windows Media Playlist', 0, 0, 'windows-media-playlist');
INSERT INTO `fpr_format` (`uuid`, `description`, `group_id`, `slug`) VALUES ('b47cc74f-0862-4acd-8a0c-5716f0f3b6f0', 'JPEG Extended Range', '00abbdd0-51b3-4162-b93a-45deb4ed8654', 'jpeg-extended-range');
INSERT INTO `fpr_formatversion` (`replaces_id`, `enabled`, `lastmodified`, `uuid`, `format_id`, `version`, `pronom_id`, `description`, `access_format`, `preservation_format`, `slug`) VALUES (NULL, 1, '2014-07-10 00:01:16', 'a359673a-8429-40cd-9df6-9faa5c4cc59c', 'b47cc74f-0862-4acd-8a0c-5716f0f3b6f0', NULL, 'fmt/590', 'JPEG XR', 0, 0, 'jpeg-xr');
INSERT INTO `fpr_idrule` (`replaces_id`, `enabled`, `lastmodified`, `uuid`, `command_id`, `format_id`, `command_output`) VALUES (NULL, 1, '2014-07-10 00:01:16', 'a21a4a29-aa72-4d13-bc03-74d90166c206', '41efbe1b-3fc7-4b24-9290-d0fb5d0ea9e9', 'a359673a-8429-40cd-9df6-9faa5c4cc59c', '.wdp');
INSERT INTO `fpr_format` (`uuid`, `description`, `group_id`, `slug`) VALUES ('d52d868d-8c47-4023-bd82-a7c5db4544a1', 'Radiance RGBE Image Format', '00abbdd0-51b3-4162-b93a-45deb4ed8654', 'radiance-rgbe-image-format');
INSERT INTO `fpr_formatversion` (`replaces_id`, `enabled`, `lastmodified`, `uuid`, `format_id`, `version`, `pronom_id`, `description`, `access_format`, `preservation_format`, `slug`) VALUES (NULL, 1, '2014-07-10 00:01:16', '97f6a218-c016-44b3-85ee-6828a101b532', 'd52d868d-8c47-4023-bd82-a7c5db4544a1', NULL, 'fmt/591', 'Radiance', 0, 0, 'radiance');
INSERT INTO `fpr_idrule` (`replaces_id`, `enabled`, `lastmodified`, `uuid`, `command_id`, `format_id`, `command_output`) VALUES (NULL, 1, '2014-07-10 00:01:16', '13cd9cb5-0289-4930-a796-ccb316b90268', '41efbe1b-3fc7-4b24-9290-d0fb5d0ea9e9', '97f6a218-c016-44b3-85ee-6828a101b532', '.hdr');
INSERT INTO `fpr_format` (`uuid`, `description`, `group_id`, `slug`) VALUES ('5bd1574e-b712-4129-968f-a750b8840c13', 'Canon RAW', '00abbdd0-51b3-4162-b93a-45deb4ed8654', 'canon-raw');
INSERT INTO `fpr_formatversion` (`replaces_id`, `enabled`, `lastmodified`, `uuid`, `format_id`, `version`, `pronom_id`, `description`, `access_format`, `preservation_format`, `slug`) VALUES (NULL, 1, '2014-07-10 00:01:16', '49c15cfc-6937-4c20-a9b6-03572652566e', '5bd1574e-b712-4129-968f-a750b8840c13', '2.0', 'fmt/592', 'Canon RAW 2', 0, 0, 'canon-raw-2');
INSERT INTO `fpr_formatversion` (`replaces_id`, `enabled`, `lastmodified`, `uuid`, `format_id`, `version`, `pronom_id`, `description`, `access_format`, `preservation_format`, `slug`) VALUES (NULL, 1, '2014-07-10 00:01:16', 'd6bfb92a-3aa3-4d16-a379-9b22effbcbd1', '5bd1574e-b712-4129-968f-a750b8840c13', '1.0', 'fmt/593', 'Canon RAW 1', 0, 0, 'canon-raw-1');
INSERT INTO `fpr_format` (`uuid`, `description`, `group_id`, `slug`) VALUES ('9b34a298-6873-4c3f-b840-f6ce37fe598c', 'Microsoft PhotoDraw', '00abbdd0-51b3-4162-b93a-45deb4ed8654', 'microsoft-photodraw');
INSERT INTO `fpr_formatversion` (`replaces_id`, `enabled`, `lastmodified`, `uuid`, `format_id`, `version`, `pronom_id`, `description`, `access_format`, `preservation_format`, `slug`) VALUES (NULL, 1, '2014-07-10 00:01:16', 'd64889c9-f210-404d-88f9-9f137c433e19', '9b34a298-6873-4c3f-b840-f6ce37fe598c', '1.0', 'fmt/594', 'Microsoft PhotoDraw', 0, 0, 'microsoft-photodraw');
INSERT INTO `fpr_idrule` (`replaces_id`, `enabled`, `lastmodified`, `uuid`, `command_id`, `format_id`, `command_output`) VALUES (NULL, 1, '2014-07-10 00:01:16', '656bcfd3-3b45-461b-bab6-982797420ce6', '41efbe1b-3fc7-4b24-9290-d0fb5d0ea9e9', 'd64889c9-f210-404d-88f9-9f137c433e19', '.mix');
INSERT INTO `fpr_format` (`uuid`, `description`, `group_id`, `slug`) VALUES ('a4c09e56-f13d-41eb-8b23-42cba8788269', 'Microsoft Excel Non-XML Binary Workbook', '00abbdd0-51b3-4162-b93a-45deb4ed8654', 'microsoft-excel-non-xml-binary-workbook');
INSERT INTO `fpr_formatversion` (`replaces_id`, `enabled`, `lastmodified`, `uuid`, `format_id`, `version`, `pronom_id`, `description`, `access_format`, `preservation_format`, `slug`) VALUES (NULL, 1, '2014-07-10 00:01:16', '5a818f9e-c833-4944-a7f7-3a80e2cb5539', 'a4c09e56-f13d-41eb-8b23-42cba8788269', '', 'fmt/595', 'Microsoft Excel Non-XML Binary Workbook', 0, 0, 'microsoft-excel-non-xml-binary-workbook');
INSERT INTO `fpr_idrule` (`replaces_id`, `enabled`, `lastmodified`, `uuid`, `command_id`, `format_id`, `command_output`) VALUES (NULL, 1, '2014-07-10 00:01:16', '89a81a2e-7ca5-4fc6-8be3-b68a6a7260d5', '41efbe1b-3fc7-4b24-9290-d0fb5d0ea9e9', '5a818f9e-c833-4944-a7f7-3a80e2cb5539', '.xlsb');
INSERT INTO `fpr_format` (`uuid`, `description`, `group_id`, `slug`) VALUES ('3400d5da-38c0-46f5-bf1a-ac30c8707a21', 'Apple Lossless Audio Codec', '00abbdd0-51b3-4162-b93a-45deb4ed8654', 'apple-lossless-audio-codec');
INSERT INTO `fpr_formatversion` (`replaces_id`, `enabled`, `lastmodified`, `uuid`, `format_id`, `version`, `pronom_id`, `description`, `access_format`, `preservation_format`, `slug`) VALUES (NULL, 1, '2014-07-10 00:01:16', 'be0f0ce6-3585-4c5d-a204-0e50181bfe8d', '3400d5da-38c0-46f5-bf1a-ac30c8707a21', NULL, 'fmt/596', 'Apple Lossless Audio Codec', 0, 0, 'apple-lossless-audio-codec');
INSERT INTO `fpr_format` (`uuid`, `description`, `group_id`, `slug`) VALUES ('5c4ecca0-8a98-4ed8-9d89-f11f6f82b762', 'Microsoft Word Template', '00abbdd0-51b3-4162-b93a-45deb4ed8654', 'microsoft-word-template');
INSERT INTO `fpr_formatversion` (`replaces_id`, `enabled`, `lastmodified`, `uuid`, `format_id`, `version`, `pronom_id`, `description`, `access_format`, `preservation_format`, `slug`) VALUES (NULL, 1, '2014-07-10 00:01:16', 'c96b9bb2-a2f5-4d86-baa9-34fd9168b229', '5c4ecca0-8a98-4ed8-9d89-f11f6f82b762', '', 'fmt/597', 'Microsoft Word Template', 0, 0, 'microsoft-word-template');
INSERT INTO `fpr_idrule` (`replaces_id`, `enabled`, `lastmodified`, `uuid`, `command_id`, `format_id`, `command_output`) VALUES (NULL, 1, '2014-07-10 00:01:16', 'ebef7209-fb53-4a1f-b4fc-19b5e9b68101', '41efbe1b-3fc7-4b24-9290-d0fb5d0ea9e9', 'c96b9bb2-a2f5-4d86-baa9-34fd9168b229', '.dotx');
INSERT INTO `fpr_formatversion` (`replaces_id`, `enabled`, `lastmodified`, `uuid`, `format_id`, `version`, `pronom_id`, `description`, `access_format`, `preservation_format`, `slug`) VALUES (NULL, 1, '2014-07-10 00:01:16', '51ec6319-f8e4-4d5b-9c51-d5c888f8cd4b', 'c40fb2d2-a117-4368-bacb-20c68b0273c4', '', 'fmt/598', 'Microsoft Excel Template', 0, 0, 'microsoft-excel-template-2');
INSERT INTO `fpr_idrule` (`replaces_id`, `enabled`, `lastmodified`, `uuid`, `command_id`, `format_id`, `command_output`) VALUES (NULL, 1, '2014-07-10 00:01:16', '8c24e1f9-5ef3-4ade-93ca-89ca4adb3f6f', '41efbe1b-3fc7-4b24-9290-d0fb5d0ea9e9', '51ec6319-f8e4-4d5b-9c51-d5c888f8cd4b', '.xltx');
INSERT INTO `fpr_format` (`uuid`, `description`, `group_id`, `slug`) VALUES ('60fc11cd-2deb-4428-9d0c-2da4b63dcefe', 'Microsoft Word Macro-Enabled Document Template', '00abbdd0-51b3-4162-b93a-45deb4ed8654', 'microsoft-word-macro-enabled-document-template');
INSERT INTO `fpr_formatversion` (`replaces_id`, `enabled`, `lastmodified`, `uuid`, `format_id`, `version`, `pronom_id`, `description`, `access_format`, `preservation_format`, `slug`) VALUES (NULL, 1, '2014-07-10 00:01:16', '30c8a7a4-f598-47a1-96f0-41b55de16e2f', '60fc11cd-2deb-4428-9d0c-2da4b63dcefe', '', 'fmt/599', 'Microsoft Word Macro-Enabled Document Template', 0, 0, 'microsoft-word-macro-enabled-document-template');
INSERT INTO `fpr_idrule` (`replaces_id`, `enabled`, `lastmodified`, `uuid`, `command_id`, `format_id`, `command_output`) VALUES (NULL, 1, '2014-07-10 00:01:16', 'd657088e-e609-411d-a54b-a4ac26d58ff1', '41efbe1b-3fc7-4b24-9290-d0fb5d0ea9e9', '30c8a7a4-f598-47a1-96f0-41b55de16e2f', '.dotm');
INSERT INTO `fpr_format` (`uuid`, `description`, `group_id`, `slug`) VALUES ('d9ae036e-53bf-45c6-8e1a-6b1a3d58b797', 'eXtensible ARchive format', '00abbdd0-51b3-4162-b93a-45deb4ed8654', 'extensible-archive-format');
INSERT INTO `fpr_formatversion` (`replaces_id`, `enabled`, `lastmodified`, `uuid`, `format_id`, `version`, `pronom_id`, `description`, `access_format`, `preservation_format`, `slug`) VALUES (NULL, 1, '2014-07-10 00:01:16', '2b9452cd-f996-44d7-a7e2-7273f87c3141', 'd9ae036e-53bf-45c6-8e1a-6b1a3d58b797', NULL, 'fmt/600', 'eXtensible ARchive format', 0, 0, 'extensible-archive-format');
INSERT INTO `fpr_idrule` (`replaces_id`, `enabled`, `lastmodified`, `uuid`, `command_id`, `format_id`, `command_output`) VALUES (NULL, 1, '2014-07-10 00:01:16', '1cdb2e3c-7330-400b-9dcb-c3307391441d', '41efbe1b-3fc7-4b24-9290-d0fb5d0ea9e9', '2b9452cd-f996-44d7-a7e2-7273f87c3141', '.xar');
INSERT INTO `fpr_format` (`uuid`, `description`, `group_id`, `slug`) VALUES ('bad789bf-febd-4695-bc64-4e0b69b9d8c4', 'Statistical Analysis System Catalogue XPT (Windows)', '00abbdd0-51b3-4162-b93a-45deb4ed8654', 'statistical-analysis-system-catalogue-xpt-windows');
INSERT INTO `fpr_formatversion` (`replaces_id`, `enabled`, `lastmodified`, `uuid`, `format_id`, `version`, `pronom_id`, `description`, `access_format`, `preservation_format`, `slug`) VALUES (NULL, 1, '2014-07-10 00:01:16', 'a5e586f4-d46a-4d7a-86e7-4c6464e951b3', 'bad789bf-febd-4695-bc64-4e0b69b9d8c4', '9.1', 'fmt/601', 'SAS Catalogue XPT (Windows)', 0, 0, 'sas-catalogue-xpt-windows');
INSERT INTO `fpr_idrule` (`replaces_id`, `enabled`, `lastmodified`, `uuid`, `command_id`, `format_id`, `command_output`) VALUES (NULL, 1, '2014-07-10 00:01:16', 'f1bd4ad4-47e4-4734-ab33-c3a70e0ac00a', '41efbe1b-3fc7-4b24-9290-d0fb5d0ea9e9', 'a5e586f4-d46a-4d7a-86e7-4c6464e951b3', '.xpt');
INSERT INTO `fpr_format` (`uuid`, `description`, `group_id`, `slug`) VALUES ('f029a0fa-12e1-4a3a-a396-7797c99584b6', 'Statistical Analysis System Catalogue XPT (Unix)', '00abbdd0-51b3-4162-b93a-45deb4ed8654', 'statistical-analysis-system-catalogue-xpt-unix');
INSERT INTO `fpr_formatversion` (`replaces_id`, `enabled`, `lastmodified`, `uuid`, `format_id`, `version`, `pronom_id`, `description`, `access_format`, `preservation_format`, `slug`) VALUES (NULL, 1, '2014-07-10 00:01:16', 'bc3f296f-05fe-4d97-b207-ef6f5170a2f8', 'f029a0fa-12e1-4a3a-a396-7797c99584b6', '9.1', 'fmt/602', 'SAS Catalogue XPT (Unix)', 0, 0, 'sas-catalogue-xpt-unix');
INSERT INTO `fpr_format` (`uuid`, `description`, `group_id`, `slug`) VALUES ('275f60de-79fb-49e3-979e-d1c4019ec30d', 'Statistical Analysis System Data XPT (Windows)', '00abbdd0-51b3-4162-b93a-45deb4ed8654', 'statistical-analysis-system-data-xpt-windows');
INSERT INTO `fpr_formatversion` (`replaces_id`, `enabled`, `lastmodified`, `uuid`, `format_id`, `version`, `pronom_id`, `description`, `access_format`, `preservation_format`, `slug`) VALUES (NULL, 1, '2014-07-10 00:01:16', '1e2979ea-6a1a-4c6e-a245-c70dd5df75e7', '275f60de-79fb-49e3-979e-d1c4019ec30d', '9.1', 'fmt/603', 'SAS Data XPT (Windows)', 0, 0, 'sas-data-xpt-windows');
INSERT INTO `fpr_format` (`uuid`, `description`, `group_id`, `slug`) VALUES ('bc3e5050-4bf6-40eb-9463-4c31783a4ee8', 'Statistical Analysis System Data XPT (Unix)', '00abbdd0-51b3-4162-b93a-45deb4ed8654', 'statistical-analysis-system-data-xpt-unix');
INSERT INTO `fpr_formatversion` (`replaces_id`, `enabled`, `lastmodified`, `uuid`, `format_id`, `version`, `pronom_id`, `description`, `access_format`, `preservation_format`, `slug`) VALUES (NULL, 1, '2014-07-10 00:01:16', 'ec579aa8-a532-4522-926b-b84cd24e9070', 'bc3e5050-4bf6-40eb-9463-4c31783a4ee8', '9.1', 'fmt/604', 'SAS Data XPT (Unix)', 0, 0, 'sas-data-xpt-unix');
INSERT INTO `fpr_format` (`uuid`, `description`, `group_id`, `slug`) VALUES ('8ec54318-f200-4fe8-b877-b887671c6467', 'Statistical Analysis System Catalogue (Windows)', '00abbdd0-51b3-4162-b93a-45deb4ed8654', 'statistical-analysis-system-catalogue-windows');
INSERT INTO `fpr_formatversion` (`replaces_id`, `enabled`, `lastmodified`, `uuid`, `format_id`, `version`, `pronom_id`, `description`, `access_format`, `preservation_format`, `slug`) VALUES (NULL, 1, '2014-07-10 00:01:16', '21f3bc0a-d17d-4a84-bec3-49b5e001554f', '8ec54318-f200-4fe8-b877-b887671c6467', '9.1', 'fmt/605', 'SAS Catalogue (Windows)', 0, 0, 'sas-catalogue-windows');
INSERT INTO `fpr_idrule` (`replaces_id`, `enabled`, `lastmodified`, `uuid`, `command_id`, `format_id`, `command_output`) VALUES (NULL, 1, '2014-07-10 00:01:16', '4d54b0c6-f989-41e2-82fd-13f6b0bfbc8b', '41efbe1b-3fc7-4b24-9290-d0fb5d0ea9e9', '21f3bc0a-d17d-4a84-bec3-49b5e001554f', '.sas7bcat');
INSERT INTO `fpr_format` (`uuid`, `description`, `group_id`, `slug`) VALUES ('5dbe45d2-1409-471a-a6b1-df6875c704ef', 'Statistical Analysis System Catalogue (Unix)', '00abbdd0-51b3-4162-b93a-45deb4ed8654', 'statistical-analysis-system-catalogue-unix');
INSERT INTO `fpr_formatversion` (`replaces_id`, `enabled`, `lastmodified`, `uuid`, `format_id`, `version`, `pronom_id`, `description`, `access_format`, `preservation_format`, `slug`) VALUES (NULL, 1, '2014-07-10 00:01:16', '2209acde-a06a-4381-ae20-fd02ceace3d1', '5dbe45d2-1409-471a-a6b1-df6875c704ef', '9.1', 'fmt/606', 'SAS Catalogue (Unix)', 0, 0, 'sas-catalogue-unix');
INSERT INTO `fpr_format` (`uuid`, `description`, `group_id`, `slug`) VALUES ('308504e7-d75a-416b-a404-34710011e3d9', 'Statistical Analysis System Data (Windows)', '00abbdd0-51b3-4162-b93a-45deb4ed8654', 'statistical-analysis-system-data-windows');
INSERT INTO `fpr_formatversion` (`replaces_id`, `enabled`, `lastmodified`, `uuid`, `format_id`, `version`, `pronom_id`, `description`, `access_format`, `preservation_format`, `slug`) VALUES (NULL, 1, '2014-07-10 00:01:16', 'fd6508fb-42ee-4b7a-bc5d-8498c9deda1d', '308504e7-d75a-416b-a404-34710011e3d9', '9.1', 'fmt/607', 'SAS Data (Windows)', 0, 0, 'sas-data-windows');
INSERT INTO `fpr_idrule` (`replaces_id`, `enabled`, `lastmodified`, `uuid`, `command_id`, `format_id`, `command_output`) VALUES (NULL, 1, '2014-07-10 00:01:16', 'e4445785-2542-443f-9655-239add50c2e4', '41efbe1b-3fc7-4b24-9290-d0fb5d0ea9e9', 'fd6508fb-42ee-4b7a-bc5d-8498c9deda1d', '.sas7bdat');
INSERT INTO `fpr_format` (`uuid`, `description`, `group_id`, `slug`) VALUES ('32f7417a-a5e3-4f58-80a1-a753e4066ac0', 'Statistical Analysis System Data (Unix)', '00abbdd0-51b3-4162-b93a-45deb4ed8654', 'statistical-analysis-system-data-unix');
INSERT INTO `fpr_formatversion` (`replaces_id`, `enabled`, `lastmodified`, `uuid`, `format_id`, `version`, `pronom_id`, `description`, `access_format`, `preservation_format`, `slug`) VALUES (NULL, 1, '2014-07-10 00:01:16', 'ba346860-6a7c-4f52-82cd-c0d192923c3e', '32f7417a-a5e3-4f58-80a1-a753e4066ac0', '9.1', 'fmt/608', 'SAS Data (Unix)', 0, 0, 'sas-data-unix');
INSERT INTO `fpr_format` (`uuid`, `description`, `group_id`, `slug`) VALUES ('66936af8-bef6-4e92-922a-1d79ab74ddc2', 'Microsoft Word (Generic)', '00abbdd0-51b3-4162-b93a-45deb4ed8654', 'microsoft-word-generic');
INSERT INTO `fpr_formatversion` (`replaces_id`, `enabled`, `lastmodified`, `uuid`, `format_id`, `version`, `pronom_id`, `description`, `access_format`, `preservation_format`, `slug`) VALUES (NULL, 1, '2014-07-10 00:01:16', '8d509bff-1724-486f-ad43-4fa5f7785afd', '66936af8-bef6-4e92-922a-1d79ab74ddc2', '6.0-2003', 'fmt/609', 'Microsoft Word (Generic)', 0, 0, 'microsoft-word-generic');
INSERT INTO `fpr_format` (`uuid`, `description`, `group_id`, `slug`) VALUES ('4e4050ff-fc06-4f32-ab25-8dc3e9ecb78e', 'ARJ File Format', '00abbdd0-51b3-4162-b93a-45deb4ed8654', 'arj-file-format');
INSERT INTO `fpr_formatversion` (`replaces_id`, `enabled`, `lastmodified`, `uuid`, `format_id`, `version`, `pronom_id`, `description`, `access_format`, `preservation_format`, `slug`) VALUES (NULL, 1, '2014-07-10 00:01:16', '1fc107e6-c19c-4728-941e-9e485b05eb2f', '4e4050ff-fc06-4f32-ab25-8dc3e9ecb78e', NULL, 'fmt/610', 'ARJ File Format', 0, 0, 'arj-file-format');
INSERT INTO `fpr_idrule` (`replaces_id`, `enabled`, `lastmodified`, `uuid`, `command_id`, `format_id`, `command_output`) VALUES (NULL, 1, '2014-07-10 00:01:16', '69afcec8-9da7-4c4b-82c4-0232836fdb83', '41efbe1b-3fc7-4b24-9290-d0fb5d0ea9e9', '1fc107e6-c19c-4728-941e-9e485b05eb2f', '.arj');
INSERT INTO `fpr_format` (`uuid`, `description`, `group_id`, `slug`) VALUES ('c2f6a0d8-5076-4fdc-b3b6-f6b253cc5968', 'LDAP Data Interchange Format', '00abbdd0-51b3-4162-b93a-45deb4ed8654', 'ldap-data-interchange-format');
INSERT INTO `fpr_formatversion` (`replaces_id`, `enabled`, `lastmodified`, `uuid`, `format_id`, `version`, `pronom_id`, `description`, `access_format`, `preservation_format`, `slug`) VALUES (NULL, 1, '2014-07-10 00:01:16', '88dca994-dee5-4d6d-a104-2353a0738efc', 'c2f6a0d8-5076-4fdc-b3b6-f6b253cc5968', NULL, 'fmt/611', 'LDAP Data Interchange Format', 0, 0, 'ldap-data-interchange-format');
INSERT INTO `fpr_idrule` (`replaces_id`, `enabled`, `lastmodified`, `uuid`, `command_id`, `format_id`, `command_output`) VALUES (NULL, 1, '2014-07-10 00:01:16', 'f369a9d1-1aa5-45f5-a7d1-a5c36448b7e1', '41efbe1b-3fc7-4b24-9290-d0fb5d0ea9e9', '88dca994-dee5-4d6d-a104-2353a0738efc', '.ldif');
INSERT INTO `fpr_format` (`uuid`, `description`, `group_id`, `slug`) VALUES ('e70a2cd8-c344-4689-9c4f-3713c0232de7', 'Mork', '00abbdd0-51b3-4162-b93a-45deb4ed8654', 'mork');
INSERT INTO `fpr_formatversion` (`replaces_id`, `enabled`, `lastmodified`, `uuid`, `format_id`, `version`, `pronom_id`, `description`, `access_format`, `preservation_format`, `slug`) VALUES (NULL, 1, '2014-07-10 00:01:16', 'e6e7ba21-7501-4864-8462-885e7ac3cbe2', 'e70a2cd8-c344-4689-9c4f-3713c0232de7', NULL, 'fmt/612', 'Mork', 0, 0, 'mork');
INSERT INTO `fpr_idrule` (`replaces_id`, `enabled`, `lastmodified`, `uuid`, `command_id`, `format_id`, `command_output`) VALUES (NULL, 1, '2014-07-10 00:01:16', '39578f66-fdb7-4c07-b362-6fe616c1172c', '41efbe1b-3fc7-4b24-9290-d0fb5d0ea9e9', 'e6e7ba21-7501-4864-8462-885e7ac3cbe2', '.mab');
INSERT INTO `fpr_format` (`uuid`, `description`, `group_id`, `slug`) VALUES ('20194fdc-d9b4-4cf9-a585-f146c2e34d37', 'RAR Archive', '00abbdd0-51b3-4162-b93a-45deb4ed8654', 'rar-archive');
INSERT INTO `fpr_formatversion` (`replaces_id`, `enabled`, `lastmodified`, `uuid`, `format_id`, `version`, `pronom_id`, `description`, `access_format`, `preservation_format`, `slug`) VALUES (NULL, 1, '2014-07-10 00:01:16', '48561cd5-eb3d-4e55-9e0b-54d2308e4952', '20194fdc-d9b4-4cf9-a585-f146c2e34d37', '5.0', 'fmt/613', 'RAR Archive', 0, 0, 'rar-archive');
INSERT INTO `fpr_format` (`uuid`, `description`, `group_id`, `slug`) VALUES ('adf866f7-5549-4496-aeac-4b9170d49363', 'Windows Imaging Format', '00abbdd0-51b3-4162-b93a-45deb4ed8654', 'windows-imaging-format');
INSERT INTO `fpr_formatversion` (`replaces_id`, `enabled`, `lastmodified`, `uuid`, `format_id`, `version`, `pronom_id`, `description`, `access_format`, `preservation_format`, `slug`) VALUES (NULL, 1, '2014-07-10 00:01:16', 'cc25ddc9-cb31-4014-86e6-4e4eca264957', 'adf866f7-5549-4496-aeac-4b9170d49363', NULL, 'fmt/614', 'Windows Imaging Format', 0, 0, 'windows-imaging-format');
INSERT INTO `fpr_idrule` (`replaces_id`, `enabled`, `lastmodified`, `uuid`, `command_id`, `format_id`, `command_output`) VALUES (NULL, 1, '2014-07-10 00:01:16', 'eb50fbfd-ac1f-4e79-b500-a3ccb99335cb', '41efbe1b-3fc7-4b24-9290-d0fb5d0ea9e9', 'cc25ddc9-cb31-4014-86e6-4e4eca264957', '.wim');
INSERT INTO `fpr_format` (`uuid`, `description`, `group_id`, `slug`) VALUES ('f23de35c-5ddc-4c89-8a2a-c038be67f04c', 'Gimp Image File Format', '00abbdd0-51b3-4162-b93a-45deb4ed8654', 'gimp-image-file-format');
INSERT INTO `fpr_formatversion` (`replaces_id`, `enabled`, `lastmodified`, `uuid`, `format_id`, `version`, `pronom_id`, `description`, `access_format`, `preservation_format`, `slug`) VALUES (NULL, 1, '2014-07-10 00:01:16', 'bd15082b-2838-47d4-a91b-462731eb5e90', 'f23de35c-5ddc-4c89-8a2a-c038be67f04c', NULL, 'fmt/615', 'Gimp Image file format', 0, 0, 'gimp-image-file-format');
INSERT INTO `fpr_idrule` (`replaces_id`, `enabled`, `lastmodified`, `uuid`, `command_id`, `format_id`, `command_output`) VALUES (NULL, 1, '2014-07-10 00:01:16', '683d8089-be16-4881-bce2-6170b35a89ad', '41efbe1b-3fc7-4b24-9290-d0fb5d0ea9e9', 'bd15082b-2838-47d4-a91b-462731eb5e90', '.xcf');
INSERT INTO `fpr_format` (`uuid`, `description`, `group_id`, `slug`) VALUES ('4ce64413-2a97-48cc-9a42-1e870f066421', 'Web Open Font Format', '00abbdd0-51b3-4162-b93a-45deb4ed8654', 'web-open-font-format');
INSERT INTO `fpr_formatversion` (`replaces_id`, `enabled`, `lastmodified`, `uuid`, `format_id`, `version`, `pronom_id`, `description`, `access_format`, `preservation_format`, `slug`) VALUES (NULL, 1, '2014-07-10 00:01:16', '78a1c2ca-f02f-49a0-a557-3436e084b0a8', '4ce64413-2a97-48cc-9a42-1e870f066421', NULL, 'fmt/616', 'Web Open Font Format', 0, 0, 'web-open-font-format');
INSERT INTO `fpr_idrule` (`replaces_id`, `enabled`, `lastmodified`, `uuid`, `command_id`, `format_id`, `command_output`) VALUES (NULL, 1, '2014-07-10 00:01:16', 'a8575a64-9647-44f9-9280-be4e44dc02b4', '41efbe1b-3fc7-4b24-9290-d0fb5d0ea9e9', '78a1c2ca-f02f-49a0-a557-3436e084b0a8', '.woff');
INSERT INTO `fpr_format` (`uuid`, `description`, `group_id`, `slug`) VALUES ('08c94ad5-e3ef-4a35-8453-ac864ccd61e5', 'GeoGebra', '00abbdd0-51b3-4162-b93a-45deb4ed8654', 'geogebra');
INSERT INTO `fpr_formatversion` (`replaces_id`, `enabled`, `lastmodified`, `uuid`, `format_id`, `version`, `pronom_id`, `description`, `access_format`, `preservation_format`, `slug`) VALUES (NULL, 1, '2014-07-10 00:01:16', '4abe0c0c-dfc3-4ea5-962a-87c768b68c97', '08c94ad5-e3ef-4a35-8453-ac864ccd61e5', '2', 'fmt/617', 'GeoGebra', 0, 0, 'geogebra');
INSERT INTO `fpr_idrule` (`replaces_id`, `enabled`, `lastmodified`, `uuid`, `command_id`, `format_id`, `command_output`) VALUES (NULL, 1, '2014-07-10 00:01:16', 'a17f10ae-fb9d-4967-8b54-137419698ae8', '41efbe1b-3fc7-4b24-9290-d0fb5d0ea9e9', '4abe0c0c-dfc3-4ea5-962a-87c768b68c97', '.ggb');
INSERT INTO `fpr_formatversion` (`replaces_id`, `enabled`, `lastmodified`, `uuid`, `format_id`, `version`, `pronom_id`, `description`, `access_format`, `preservation_format`, `slug`) VALUES (NULL, 1, '2014-07-10 00:01:16', '5d228a2a-47f2-45f6-9e4c-7fbe722d2ef3', '08c94ad5-e3ef-4a35-8453-ac864ccd61e5', '1.0', 'fmt/618', 'GeoGebra 1.0', 0, 0, 'geogebra-10');
INSERT INTO `fpr_idrule` (`replaces_id`, `enabled`, `lastmodified`, `uuid`, `command_id`, `format_id`, `command_output`) VALUES (NULL, 1, '2014-07-10 00:01:16', '69e251bf-5627-43ce-999c-704174df066b', '41efbe1b-3fc7-4b24-9290-d0fb5d0ea9e9', '5d228a2a-47f2-45f6-9e4c-7fbe722d2ef3', '.geo');
INSERT INTO `fpr_formatversion` (`replaces_id`, `enabled`, `lastmodified`, `uuid`, `format_id`, `version`, `pronom_id`, `description`, `access_format`, `preservation_format`, `slug`) VALUES (NULL, 1, '2014-07-10 00:01:16', '157f23e1-83ad-4114-96c7-fac5f5785289', '08c94ad5-e3ef-4a35-8453-ac864ccd61e5', '1.x', 'fmt/619', 'GeoGebra', 0, 0, 'geogebra-2');
INSERT INTO `fpr_formatversion` (`replaces_id`, `enabled`, `lastmodified`, `uuid`, `format_id`, `version`, `pronom_id`, `description`, `access_format`, `preservation_format`, `slug`) VALUES (NULL, 1, '2014-07-10 00:01:16', '524c4490-9a9f-4c5d-9ca1-6cb8160cd099', '08c94ad5-e3ef-4a35-8453-ac864ccd61e5', '3', 'fmt/620', 'GeoGebra', 0, 0, 'geogebra-3');
INSERT INTO `fpr_formatversion` (`replaces_id`, `enabled`, `lastmodified`, `uuid`, `format_id`, `version`, `pronom_id`, `description`, `access_format`, `preservation_format`, `slug`) VALUES (NULL, 1, '2014-07-10 00:01:16', 'dd6b7541-fa36-4ba9-98c3-3e5d6959b570', '08c94ad5-e3ef-4a35-8453-ac864ccd61e5', '4', 'fmt/621', 'GeoGebra', 0, 0, 'geogebra-4');
INSERT INTO `fpr_formatversion` (`replaces_id`, `enabled`, `lastmodified`, `uuid`, `format_id`, `version`, `pronom_id`, `description`, `access_format`, `preservation_format`, `slug`) VALUES (NULL, 1, '2014-07-10 00:01:16', '2540df1e-5b86-489c-be54-6a78f5fd53bc', '08c94ad5-e3ef-4a35-8453-ac864ccd61e5', '5', 'fmt/622', 'GeoGebra', 0, 0, 'geogebra-5');
INSERT INTO `fpr_format` (`uuid`, `description`, `group_id`, `slug`) VALUES ('cc146dfe-60f9-483e-b7b7-b7cb54f11f2f', 'SmartDraw', '00abbdd0-51b3-4162-b93a-45deb4ed8654', 'smartdraw');
INSERT INTO `fpr_formatversion` (`replaces_id`, `enabled`, `lastmodified`, `uuid`, `format_id`, `version`, `pronom_id`, `description`, `access_format`, `preservation_format`, `slug`) VALUES (NULL, 1, '2014-07-10 00:01:16', '3c935ec8-c7f8-4c52-9b19-4377299fea8d', 'cc146dfe-60f9-483e-b7b7-b7cb54f11f2f', NULL, 'fmt/623', 'SmartDraw', 0, 0, 'smartdraw');
INSERT INTO `fpr_idrule` (`replaces_id`, `enabled`, `lastmodified`, `uuid`, `command_id`, `format_id`, `command_output`) VALUES (NULL, 1, '2014-07-10 00:01:16', 'c5602e16-bfac-4225-bf50-99d4e2bcdf04', '41efbe1b-3fc7-4b24-9290-d0fb5d0ea9e9', '3c935ec8-c7f8-4c52-9b19-4377299fea8d', '.sdr');
INSERT INTO `fpr_format` (`uuid`, `description`, `group_id`, `slug`) VALUES ('fd91930e-ee9e-4b60-83e0-80bec9c204a2', 'RIFF Palette Format', '00abbdd0-51b3-4162-b93a-45deb4ed8654', 'riff-palette-format');
INSERT INTO `fpr_formatversion` (`replaces_id`, `enabled`, `lastmodified`, `uuid`, `format_id`, `version`, `pronom_id`, `description`, `access_format`, `preservation_format`, `slug`) VALUES (NULL, 1, '2014-07-10 00:01:16', '3276165d-539b-4041-9b81-fed8466bc0f8', 'fd91930e-ee9e-4b60-83e0-80bec9c204a2', NULL, 'fmt/624', 'RIFF Palette Format', 0, 0, 'riff-palette-format');
INSERT INTO `fpr_idrule` (`replaces_id`, `enabled`, `lastmodified`, `uuid`, `command_id`, `format_id`, `command_output`) VALUES (NULL, 1, '2014-07-10 00:01:16', '1f5e45ef-2f32-4481-9dc0-633abdbb047f', '41efbe1b-3fc7-4b24-9290-d0fb5d0ea9e9', '3276165d-539b-4041-9b81-fed8466bc0f8', '.pal');
INSERT INTO `fpr_format` (`uuid`, `description`, `group_id`, `slug`) VALUES ('e9228fa6-975f-49bd-8abd-19862ce9397a', 'Stuffit Archive File', '00abbdd0-51b3-4162-b93a-45deb4ed8654', 'stuffit-archive-file');
INSERT INTO `fpr_formatversion` (`replaces_id`, `enabled`, `lastmodified`, `uuid`, `format_id`, `version`, `pronom_id`, `description`, `access_format`, `preservation_format`, `slug`) VALUES (NULL, 1, '2014-07-10 00:01:16', 'e33f6d17-c814-4b7c-8468-580f59994e90', 'e9228fa6-975f-49bd-8abd-19862ce9397a', NULL, 'fmt/639', 'Stuffit', 0, 0, 'stuffit');
INSERT INTO `fpr_idrule` (`replaces_id`, `enabled`, `lastmodified`, `uuid`, `command_id`, `format_id`, `command_output`) VALUES (NULL, 1, '2014-07-10 00:01:16', 'df42368f-cc54-4b7a-952d-3f117f239104', '41efbe1b-3fc7-4b24-9290-d0fb5d0ea9e9', 'e33f6d17-c814-4b7c-8468-580f59994e90', '.sit');
INSERT INTO `fpr_format` (`uuid`, `description`, `group_id`, `slug`) VALUES ('15a846fc-613a-47aa-9dfb-02fd4b4660eb', 'Apple Disk Copy Image', '00abbdd0-51b3-4162-b93a-45deb4ed8654', 'apple-disk-copy-image');
INSERT INTO `fpr_formatversion` (`replaces_id`, `enabled`, `lastmodified`, `uuid`, `format_id`, `version`, `pronom_id`, `description`, `access_format`, `preservation_format`, `slug`) VALUES (NULL, 1, '2014-07-10 00:01:16', '8e256c8c-d53d-4413-a82f-2502316e93bd', '15a846fc-613a-47aa-9dfb-02fd4b4660eb', '4.2', 'fmt/625', 'Apple Disk Copy Image', 0, 0, 'apple-disk-copy-image');
INSERT INTO `fpr_idrule` (`replaces_id`, `enabled`, `lastmodified`, `uuid`, `command_id`, `format_id`, `command_output`) VALUES (NULL, 1, '2014-07-10 00:01:17', 'ff9c3a30-5141-4377-89ab-b3feb9bd2fc4', '41efbe1b-3fc7-4b24-9290-d0fb5d0ea9e9', '8e256c8c-d53d-4413-a82f-2502316e93bd', '.dmg');
INSERT INTO `fpr_format` (`uuid`, `description`, `group_id`, `slug`) VALUES ('7a44904f-92b1-4952-9797-24a6ab24dafc', 'LHA File Format', '00abbdd0-51b3-4162-b93a-45deb4ed8654', 'lha-file-format');
INSERT INTO `fpr_formatversion` (`replaces_id`, `enabled`, `lastmodified`, `uuid`, `format_id`, `version`, `pronom_id`, `description`, `access_format`, `preservation_format`, `slug`) VALUES (NULL, 1, '2014-07-10 00:01:17', 'eb32e69a-2467-49cb-8f55-5803aced3195', '7a44904f-92b1-4952-9797-24a6ab24dafc', NULL, 'fmt/626', 'LHA File Format', 0, 0, 'lha-file-format');
INSERT INTO `fpr_idrule` (`replaces_id`, `enabled`, `lastmodified`, `uuid`, `command_id`, `format_id`, `command_output`) VALUES (NULL, 1, '2014-07-10 00:01:17', '08ef18a6-0364-4314-967d-154fccafe994', '41efbe1b-3fc7-4b24-9290-d0fb5d0ea9e9', 'eb32e69a-2467-49cb-8f55-5803aced3195', '.lha');
INSERT INTO `fpr_format` (`uuid`, `description`, `group_id`, `slug`) VALUES ('5025d413-fe46-401f-87d5-2a495e88cbe2', 'Microsoft Excel Macro-Enabled Template', '00abbdd0-51b3-4162-b93a-45deb4ed8654', 'microsoft-excel-macro-enabled-template');
INSERT INTO `fpr_formatversion` (`replaces_id`, `enabled`, `lastmodified`, `uuid`, `format_id`, `version`, `pronom_id`, `description`, `access_format`, `preservation_format`, `slug`) VALUES (NULL, 1, '2014-07-10 00:01:17', 'f3e44306-85a9-499f-856d-068e15a982b8', '5025d413-fe46-401f-87d5-2a495e88cbe2', '2007', 'fmt/627', 'Microsoft Excel Macro-Enabled Template', 0, 0, 'microsoft-excel-macro-enabled-template');
INSERT INTO `fpr_idrule` (`replaces_id`, `enabled`, `lastmodified`, `uuid`, `command_id`, `format_id`, `command_output`) VALUES (NULL, 1, '2014-07-10 00:01:17', 'bc81c43c-d709-486b-9a91-dcc53680a12c', '41efbe1b-3fc7-4b24-9290-d0fb5d0ea9e9', 'f3e44306-85a9-499f-856d-068e15a982b8', '.xltm');
INSERT INTO `fpr_format` (`uuid`, `description`, `group_id`, `slug`) VALUES ('93a89d68-2103-43d7-9c79-363370ce85bc', 'Microsoft Excel Macro-Enabled Add-In', '00abbdd0-51b3-4162-b93a-45deb4ed8654', 'microsoft-excel-macro-enabled-add-in');
INSERT INTO `fpr_formatversion` (`replaces_id`, `enabled`, `lastmodified`, `uuid`, `format_id`, `version`, `pronom_id`, `description`, `access_format`, `preservation_format`, `slug`) VALUES (NULL, 1, '2014-07-10 00:01:17', 'c70b33c0-497d-433f-94d3-1ee7906270ab', '93a89d68-2103-43d7-9c79-363370ce85bc', '2007', 'fmt/628', 'Microsoft Excel Macro-Enabled Add-In', 0, 0, 'microsoft-excel-macro-enabled-add-in');
INSERT INTO `fpr_idrule` (`replaces_id`, `enabled`, `lastmodified`, `uuid`, `command_id`, `format_id`, `command_output`) VALUES (NULL, 1, '2014-07-10 00:01:17', '6d5c9e2f-852b-45dc-b974-e4752bacf67a', '41efbe1b-3fc7-4b24-9290-d0fb5d0ea9e9', 'c70b33c0-497d-433f-94d3-1ee7906270ab', '.xlam');
INSERT INTO `fpr_format` (`uuid`, `description`, `group_id`, `slug`) VALUES ('07f5e5f2-727d-45c8-8fe1-7790c5bfe9b9', 'Microsoft PowerPoint Show', '00abbdd0-51b3-4162-b93a-45deb4ed8654', 'microsoft-powerpoint-show');
INSERT INTO `fpr_formatversion` (`replaces_id`, `enabled`, `lastmodified`, `uuid`, `format_id`, `version`, `pronom_id`, `description`, `access_format`, `preservation_format`, `slug`) VALUES (NULL, 1, '2014-07-10 00:01:17', '76acbe00-d1a2-4f20-9666-bceb46ab9f68', '07f5e5f2-727d-45c8-8fe1-7790c5bfe9b9', '2007', 'fmt/629', 'Microsoft PowerPoint Show', 0, 0, 'microsoft-powerpoint-show');
INSERT INTO `fpr_idrule` (`replaces_id`, `enabled`, `lastmodified`, `uuid`, `command_id`, `format_id`, `command_output`) VALUES (NULL, 1, '2014-07-10 00:01:17', '8e8b1593-b304-4968-9552-910d5ac60cec', '41efbe1b-3fc7-4b24-9290-d0fb5d0ea9e9', '76acbe00-d1a2-4f20-9666-bceb46ab9f68', '.ppsx');
INSERT INTO `fpr_format` (`uuid`, `description`, `group_id`, `slug`) VALUES ('30bffda9-ea47-4a12-94ec-3c604b7d725d', 'Microsoft PowerPoint Macro-Enabled Show', '00abbdd0-51b3-4162-b93a-45deb4ed8654', 'microsoft-powerpoint-macro-enabled-show');
INSERT INTO `fpr_formatversion` (`replaces_id`, `enabled`, `lastmodified`, `uuid`, `format_id`, `version`, `pronom_id`, `description`, `access_format`, `preservation_format`, `slug`) VALUES (NULL, 1, '2014-07-10 00:01:17', '96cc5f04-a20f-4fc8-bbd3-b2e45ef70e4c', '30bffda9-ea47-4a12-94ec-3c604b7d725d', '2007', 'fmt/630', 'Microsoft PowerPoint Macro-Enabled Show', 0, 0, 'microsoft-powerpoint-macro-enabled-show');
INSERT INTO `fpr_idrule` (`replaces_id`, `enabled`, `lastmodified`, `uuid`, `command_id`, `format_id`, `command_output`) VALUES (NULL, 1, '2014-07-10 00:01:17', '0a9a91a8-ac8e-49cf-a3e3-13616ce41cbc', '41efbe1b-3fc7-4b24-9290-d0fb5d0ea9e9', '96cc5f04-a20f-4fc8-bbd3-b2e45ef70e4c', '.ppsm');
INSERT INTO `fpr_format` (`uuid`, `description`, `group_id`, `slug`) VALUES ('e20fa9bd-4121-4187-944f-819426e5d59e', 'Microsoft PowerPoint Template', '00abbdd0-51b3-4162-b93a-45deb4ed8654', 'microsoft-powerpoint-template');
INSERT INTO `fpr_formatversion` (`replaces_id`, `enabled`, `lastmodified`, `uuid`, `format_id`, `version`, `pronom_id`, `description`, `access_format`, `preservation_format`, `slug`) VALUES (NULL, 1, '2014-07-10 00:01:17', 'ac422f69-c017-4625-88a6-e4c84ff990f3', 'e20fa9bd-4121-4187-944f-819426e5d59e', '2007', 'fmt/631', 'Microsoft PowerPoint Template', 0, 0, 'microsoft-powerpoint-template');
INSERT INTO `fpr_idrule` (`replaces_id`, `enabled`, `lastmodified`, `uuid`, `command_id`, `format_id`, `command_output`) VALUES (NULL, 1, '2014-07-10 00:01:17', '20f8a08b-8d8e-4145-b2d4-a04e25a295ce', '41efbe1b-3fc7-4b24-9290-d0fb5d0ea9e9', 'ac422f69-c017-4625-88a6-e4c84ff990f3', '.potx');
INSERT INTO `fpr_format` (`uuid`, `description`, `group_id`, `slug`) VALUES ('0f32bdff-f73b-4840-b184-dd1c33f504d1', 'Microsoft PowerPoint Macro-Enabled Template', '00abbdd0-51b3-4162-b93a-45deb4ed8654', 'microsoft-powerpoint-macro-enabled-template');
INSERT INTO `fpr_formatversion` (`replaces_id`, `enabled`, `lastmodified`, `uuid`, `format_id`, `version`, `pronom_id`, `description`, `access_format`, `preservation_format`, `slug`) VALUES (NULL, 1, '2014-07-10 00:01:17', '61383bb7-02b5-48d4-9210-5cd4defd231a', '0f32bdff-f73b-4840-b184-dd1c33f504d1', '2007', 'fmt/632', 'Microsoft PowerPoint Macro-Enabled Template', 0, 0, 'microsoft-powerpoint-macro-enabled-template');
INSERT INTO `fpr_idrule` (`replaces_id`, `enabled`, `lastmodified`, `uuid`, `command_id`, `format_id`, `command_output`) VALUES (NULL, 1, '2014-07-10 00:01:17', 'ffd17115-ca9d-4572-b0b7-9a25ae9c18b4', '41efbe1b-3fc7-4b24-9290-d0fb5d0ea9e9', '61383bb7-02b5-48d4-9210-5cd4defd231a', '.potm');
INSERT INTO `fpr_format` (`uuid`, `description`, `group_id`, `slug`) VALUES ('340df10e-d079-440a-9f09-fb3159f89ac1', 'Microsoft PowerPoint Macro-Enabled Add-In', '00abbdd0-51b3-4162-b93a-45deb4ed8654', 'microsoft-powerpoint-macro-enabled-add-in');
INSERT INTO `fpr_formatversion` (`replaces_id`, `enabled`, `lastmodified`, `uuid`, `format_id`, `version`, `pronom_id`, `description`, `access_format`, `preservation_format`, `slug`) VALUES (NULL, 1, '2014-07-10 00:01:17', '67f1f8e8-f2bf-43d2-970e-8bbbb827838c', '340df10e-d079-440a-9f09-fb3159f89ac1', '2007', 'fmt/633', 'Microsoft PowerPoint Macro-Enabled Add-In', 0, 0, 'microsoft-powerpoint-macro-enabled-add-in');
INSERT INTO `fpr_idrule` (`replaces_id`, `enabled`, `lastmodified`, `uuid`, `command_id`, `format_id`, `command_output`) VALUES (NULL, 1, '2014-07-10 00:01:17', '952dad72-43ea-4902-b2be-14bea187c328', '41efbe1b-3fc7-4b24-9290-d0fb5d0ea9e9', '67f1f8e8-f2bf-43d2-970e-8bbbb827838c', '.ppam');
INSERT INTO `fpr_format` (`uuid`, `description`, `group_id`, `slug`) VALUES ('a81c66a8-ea2f-4a5b-bad7-bc05e7a77437', 'Microsoft Compiled HTML Help', '00abbdd0-51b3-4162-b93a-45deb4ed8654', 'microsoft-compiled-html-help');
INSERT INTO `fpr_formatversion` (`replaces_id`, `enabled`, `lastmodified`, `uuid`, `format_id`, `version`, `pronom_id`, `description`, `access_format`, `preservation_format`, `slug`) VALUES (NULL, 1, '2014-07-10 00:01:17', 'de88270e-c02f-4791-82fc-0efd7e1827ed', 'a81c66a8-ea2f-4a5b-bad7-bc05e7a77437', NULL, 'fmt/634', 'Microsoft Compiled Help file', 0, 0, 'microsoft-compiled-help-file');
INSERT INTO `fpr_idrule` (`replaces_id`, `enabled`, `lastmodified`, `uuid`, `command_id`, `format_id`, `command_output`) VALUES (NULL, 1, '2014-07-10 00:01:17', 'b5c00d33-0114-4104-bd5c-d4ec9276dc12', '41efbe1b-3fc7-4b24-9290-d0fb5d0ea9e9', 'de88270e-c02f-4791-82fc-0efd7e1827ed', '.chm');
INSERT INTO `fpr_format` (`uuid`, `description`, `group_id`, `slug`) VALUES ('f2cd565f-0970-406e-90c8-7f6e8d0014de', 'CPIO', '00abbdd0-51b3-4162-b93a-45deb4ed8654', 'cpio');
INSERT INTO `fpr_formatversion` (`replaces_id`, `enabled`, `lastmodified`, `uuid`, `format_id`, `version`, `pronom_id`, `description`, `access_format`, `preservation_format`, `slug`) VALUES (NULL, 1, '2014-07-10 00:01:17', 'e0752a22-17c0-46e6-a239-8f188a0a6b2d', 'f2cd565f-0970-406e-90c8-7f6e8d0014de', NULL, 'fmt/635', 'CPIO', 0, 0, 'cpio');
INSERT INTO `fpr_idrule` (`replaces_id`, `enabled`, `lastmodified`, `uuid`, `command_id`, `format_id`, `command_output`) VALUES (NULL, 1, '2014-07-10 00:01:17', '971db86f-e136-4542-9946-70f3d478e9ef', '41efbe1b-3fc7-4b24-9290-d0fb5d0ea9e9', 'e0752a22-17c0-46e6-a239-8f188a0a6b2d', '.cpio');
INSERT INTO `fpr_format` (`uuid`, `description`, `group_id`, `slug`) VALUES ('8bfe6353-1a41-47c9-9928-11f889bbac06', 'Microsoft PowerPoint Macro-Enabled Slide', '00abbdd0-51b3-4162-b93a-45deb4ed8654', 'microsoft-powerpoint-macro-enabled-slide');
INSERT INTO `fpr_formatversion` (`replaces_id`, `enabled`, `lastmodified`, `uuid`, `format_id`, `version`, `pronom_id`, `description`, `access_format`, `preservation_format`, `slug`) VALUES (NULL, 1, '2014-07-10 00:01:17', 'dfef82c2-30e3-442d-8510-a5864d4ae7cf', '8bfe6353-1a41-47c9-9928-11f889bbac06', '2007', 'fmt/636', 'Microsoft PowerPoint Macro-Enabled Slide', 0, 0, 'microsoft-powerpoint-macro-enabled-slide');
INSERT INTO `fpr_idrule` (`replaces_id`, `enabled`, `lastmodified`, `uuid`, `command_id`, `format_id`, `command_output`) VALUES (NULL, 1, '2014-07-10 00:01:17', '38f3950c-e7ad-4257-ab96-a611bda919bd', '41efbe1b-3fc7-4b24-9290-d0fb5d0ea9e9', 'dfef82c2-30e3-442d-8510-a5864d4ae7cf', '.sldm');
INSERT INTO `fpr_format` (`uuid`, `description`, `group_id`, `slug`) VALUES ('2738e881-7fb1-480b-9fce-ff57b5dc9c3f', 'Microsoft OneNote', '00abbdd0-51b3-4162-b93a-45deb4ed8654', 'microsoft-onenote');
INSERT INTO `fpr_formatversion` (`replaces_id`, `enabled`, `lastmodified`, `uuid`, `format_id`, `version`, `pronom_id`, `description`, `access_format`, `preservation_format`, `slug`) VALUES (NULL, 1, '2014-07-10 00:01:17', '17022306-3fd5-4e27-a1d6-1b8a47d1b785', '2738e881-7fb1-480b-9fce-ff57b5dc9c3f', NULL, 'fmt/637', 'Microsoft OneNote', 0, 0, 'microsoft-onenote');
INSERT INTO `fpr_idrule` (`replaces_id`, `enabled`, `lastmodified`, `uuid`, `command_id`, `format_id`, `command_output`) VALUES (NULL, 1, '2014-07-10 00:01:17', 'e3daed87-23ea-4a27-8347-05fbd7880caa', '41efbe1b-3fc7-4b24-9290-d0fb5d0ea9e9', '17022306-3fd5-4e27-a1d6-1b8a47d1b785', '.one');
INSERT INTO `fpr_format` (`uuid`, `description`, `group_id`, `slug`) VALUES ('40455fdd-878d-401b-b5d6-370c619fcfc3', 'SPSS Data File', '00abbdd0-51b3-4162-b93a-45deb4ed8654', 'spss-data-file');
INSERT INTO `fpr_formatversion` (`replaces_id`, `enabled`, `lastmodified`, `uuid`, `format_id`, `version`, `pronom_id`, `description`, `access_format`, `preservation_format`, `slug`) VALUES (NULL, 1, '2014-07-10 00:01:17', 'd612f866-a305-45d0-828f-51926e46ecf7', '40455fdd-878d-401b-b5d6-370c619fcfc3', NULL, 'fmt/638', 'SPSS Data File', 0, 0, 'spss-data-file');
INSERT INTO `fpr_idrule` (`replaces_id`, `enabled`, `lastmodified`, `uuid`, `command_id`, `format_id`, `command_output`) VALUES (NULL, 1, '2014-07-10 00:01:17', '2ff031fe-1d3f-481e-a6e2-c16f3efb9d38', '41efbe1b-3fc7-4b24-9290-d0fb5d0ea9e9', 'd612f866-a305-45d0-828f-51926e46ecf7', '.sav');
INSERT INTO `fpr_format` (`uuid`, `description`, `group_id`, `slug`) VALUES ('cdf62113-0955-4287-93fd-141770dee2fc', 'MPEG-2 Elementary Stream', '00abbdd0-51b3-4162-b93a-45deb4ed8654', 'mpeg-2-elementary-stream');
INSERT INTO `fpr_formatversion` (`replaces_id`, `enabled`, `lastmodified`, `uuid`, `format_id`, `version`, `pronom_id`, `description`, `access_format`, `preservation_format`, `slug`) VALUES (NULL, 1, '2014-07-10 00:01:17', '2780e5c4-7f18-4ebb-8264-0562b2cad974', 'cdf62113-0955-4287-93fd-141770dee2fc', NULL, 'fmt/640', 'MPEG-2 Elementary Stream', 0, 0, 'mpeg-2-elementary-stream');
INSERT INTO `fpr_format` (`uuid`, `description`, `group_id`, `slug`) VALUES ('0e9d5898-0cf2-4a17-b985-7fb5e32cda35', 'Epson Raw Image Format', '00abbdd0-51b3-4162-b93a-45deb4ed8654', 'epson-raw-image-format');
INSERT INTO `fpr_formatversion` (`replaces_id`, `enabled`, `lastmodified`, `uuid`, `format_id`, `version`, `pronom_id`, `description`, `access_format`, `preservation_format`, `slug`) VALUES (NULL, 1, '2014-07-10 00:01:17', '401fa39e-4e2e-424d-a914-841a3c112538', '0e9d5898-0cf2-4a17-b985-7fb5e32cda35', NULL, 'fmt/641', 'Epson RAW Image Format', 0, 0, 'epson-raw-image-format');
INSERT INTO `fpr_format` (`uuid`, `description`, `group_id`, `slug`) VALUES ('d2c11ac0-e739-4ff3-b0bc-4ad031382c2f', 'Fujifilm RAW Image Format', '00abbdd0-51b3-4162-b93a-45deb4ed8654', 'fujifilm-raw-image-format');
INSERT INTO `fpr_formatversion` (`replaces_id`, `enabled`, `lastmodified`, `uuid`, `format_id`, `version`, `pronom_id`, `description`, `access_format`, `preservation_format`, `slug`) VALUES (NULL, 1, '2014-07-10 00:01:17', 'def2d2bd-8f29-46b2-84e5-5ba663c2f071', 'd2c11ac0-e739-4ff3-b0bc-4ad031382c2f', NULL, 'fmt/642', 'Fujifilm RAW Image Format', 0, 0, 'fujifilm-raw-image-format');
INSERT INTO `fpr_format` (`uuid`, `description`, `group_id`, `slug`) VALUES ('b46afa95-27e3-4b6d-81e3-78d306855655', 'ASTM E57 3D File Format', '00abbdd0-51b3-4162-b93a-45deb4ed8654', 'astm-e57-3d-file-format');
INSERT INTO `fpr_formatversion` (`replaces_id`, `enabled`, `lastmodified`, `uuid`, `format_id`, `version`, `pronom_id`, `description`, `access_format`, `preservation_format`, `slug`) VALUES (NULL, 1, '2014-07-10 00:01:17', '340d9795-7a2b-4bcc-aa5d-73ef73c702ee', 'b46afa95-27e3-4b6d-81e3-78d306855655', NULL, 'fmt/643', 'E57 3D File Format', 0, 0, 'e57-3d-file-format');
INSERT INTO `fpr_idrule` (`replaces_id`, `enabled`, `lastmodified`, `uuid`, `command_id`, `format_id`, `command_output`) VALUES (NULL, 1, '2014-07-10 00:01:17', '797b9806-9c46-4c02-a901-7f4f98aee76c', '41efbe1b-3fc7-4b24-9290-d0fb5d0ea9e9', '340d9795-7a2b-4bcc-aa5d-73ef73c702ee', '.e57');
INSERT INTO `fpr_format` (`uuid`, `description`, `group_id`, `slug`) VALUES ('34f65d98-c37e-49fc-9e97-4cab329929c4', 'Nullsoft Scriptable Install System', '00abbdd0-51b3-4162-b93a-45deb4ed8654', 'nullsoft-scriptable-install-system');
INSERT INTO `fpr_formatversion` (`replaces_id`, `enabled`, `lastmodified`, `uuid`, `format_id`, `version`, `pronom_id`, `description`, `access_format`, `preservation_format`, `slug`) VALUES (NULL, 1, '2014-07-10 00:01:17', '50530fff-635b-4aa9-b9a5-d4674c8fb80b', '34f65d98-c37e-49fc-9e97-4cab329929c4', NULL, 'fmt/644', 'Nullsoft Scriptable Install System', 0, 0, 'nullsoft-scriptable-install-system');
INSERT INTO `fpr_idrule` (`replaces_id`, `enabled`, `lastmodified`, `uuid`, `command_id`, `format_id`, `command_output`) VALUES (NULL, 1, '2014-07-10 00:01:17', '15cc9cf1-148d-4f4e-ba01-1dbe303ea724', '41efbe1b-3fc7-4b24-9290-d0fb5d0ea9e9', '50530fff-635b-4aa9-b9a5-d4674c8fb80b', '.nsi');

-- Insert new tools, commands and characterization rules
-- for ffprobe, mediainfo, and exiftool
INSERT INTO `fpr_fptool` (`uuid`, `description`, `version`, `enabled`, `slug`) VALUES ('467a5875-f9ef-49ac-ac93-29f4bac3dbae', 'FFprobe', '2.2.0', 1, 'ffprobe-220');
INSERT INTO `fpr_fptool` (`uuid`, `description`, `version`, `enabled`, `slug`) VALUES ('bb957e1d-ee63-4354-a209-a41d23881e3e', 'ExifTool', '9.27', 1, 'exiftool-927');
INSERT INTO `fpr_fptool` (`uuid`, `description`, `version`, `enabled`, `slug`) VALUES ('e0d7abce-39fd-49f7-ab98-aef1bdb0378f', 'MediaInfo', '0.7.52', 1, 'mediainfo-0752');
INSERT INTO `fpr_fpcommand` (`replaces_id`, `enabled`, `lastmodified`, `uuid`, `tool_id`, `description`, `command`, `script_type`, `output_location`, `output_format_id`, `command_usage`, `verification_command_id`, `event_detail_command_id`) VALUES (NULL, 1, '2014-07-11 23:29:17', '80314f3c-5d48-4ad1-a9f2-2c0f7c7b229d', '467a5875-f9ef-49ac-ac93-29f4bac3dbae', 'FFprobe', 'ffprobe -i \"%fileFullName%\" -show_data -show_format -show_error -show_streams -show_chapters -show_private_data -show_versions -print_format xml', 'bashScript', NULL, 'd60e5243-692e-4af7-90cd-40c53cb8dc7d', 'characterization', NULL, NULL);
INSERT INTO `fpr_fpcommand` (`replaces_id`, `enabled`, `lastmodified`, `uuid`, `tool_id`, `description`, `command`, `script_type`, `output_location`, `output_format_id`, `command_usage`, `verification_command_id`, `event_detail_command_id`) VALUES (NULL, 1, '2014-07-11 23:29:17', '99d5f508-7733-4e86-883f-bd6abc3fbac7', 'bb957e1d-ee63-4354-a209-a41d23881e3e', 'ExifTool', 'exiftool -X \"%fileFullName%\"', 'bashScript', NULL, 'd60e5243-692e-4af7-90cd-40c53cb8dc7d', 'characterization', NULL, NULL);
INSERT INTO `fpr_fpcommand` (`replaces_id`, `enabled`, `lastmodified`, `uuid`, `tool_id`, `description`, `command`, `script_type`, `output_location`, `output_format_id`, `command_usage`, `verification_command_id`, `event_detail_command_id`) VALUES (NULL, 1, '2014-07-11 23:29:17', '114c9525-d676-4fac-9962-4672faa924bb', 'e0d7abce-39fd-49f7-ab98-aef1bdb0378f', 'MediaInfo', 'mediainfo --Language=Raw -f --Output=XML \"%fileFullName%\"', 'bashScript', NULL, 'd60e5243-692e-4af7-90cd-40c53cb8dc7d', 'characterization', NULL, NULL);
INSERT INTO `fpr_fprule` (`replaces_id`, `enabled`, `lastmodified`, `uuid`, `purpose`, `command_id`, `format_id`, `count_attempts`, `count_okay`, `count_not_okay`) VALUES (NULL, 1, '2014-07-11 23:29:17', '97d5ca63-58de-4f6c-bddc-d858fbd07433', 'characterization', '80314f3c-5d48-4ad1-a9f2-2c0f7c7b229d', 'bf3ed8b1-d035-457b-a2e0-4dffd216b4b3', 0, 0, 0);
INSERT INTO `fpr_fprule` (`replaces_id`, `enabled`, `lastmodified`, `uuid`, `purpose`, `command_id`, `format_id`, `count_attempts`, `count_okay`, `count_not_okay`) VALUES (NULL, 1, '2014-07-11 23:29:17', '425b3b80-f9a7-4a5f-8f77-f9e1ed85e2cc', 'characterization', '80314f3c-5d48-4ad1-a9f2-2c0f7c7b229d', 'adc3b632-2c46-4426-b08b-39e02061ea18', 0, 0, 0);
INSERT INTO `fpr_fprule` (`replaces_id`, `enabled`, `lastmodified`, `uuid`, `purpose`, `command_id`, `format_id`, `count_attempts`, `count_okay`, `count_not_okay`) VALUES (NULL, 1, '2014-07-11 23:29:17', '2d5918aa-62a6-46bf-9357-e6b7b86d0022', 'characterization', '80314f3c-5d48-4ad1-a9f2-2c0f7c7b229d', '4fdd74df-b854-4491-8f93-cc25591fb080', 0, 0, 0);
INSERT INTO `fpr_fprule` (`replaces_id`, `enabled`, `lastmodified`, `uuid`, `purpose`, `command_id`, `format_id`, `count_attempts`, `count_okay`, `count_not_okay`) VALUES (NULL, 1, '2014-07-11 23:29:17', '7f47e133-1151-44e6-8519-fe975e150024', 'characterization', '80314f3c-5d48-4ad1-a9f2-2c0f7c7b229d', '22972e34-22a2-44a0-9cd6-bbc5a2117570', 0, 0, 0);
INSERT INTO `fpr_fprule` (`replaces_id`, `enabled`, `lastmodified`, `uuid`, `purpose`, `command_id`, `format_id`, `count_attempts`, `count_okay`, `count_not_okay`) VALUES (NULL, 1, '2014-07-11 23:29:17', '5a2cb91d-adb2-4c62-bfda-ccab3b4193b8', 'characterization', '80314f3c-5d48-4ad1-a9f2-2c0f7c7b229d', 'f19ba808-a43f-47f2-9f94-e69404de3488', 0, 0, 0);
INSERT INTO `fpr_fprule` (`replaces_id`, `enabled`, `lastmodified`, `uuid`, `purpose`, `command_id`, `format_id`, `count_attempts`, `count_okay`, `count_not_okay`) VALUES (NULL, 1, '2014-07-11 23:29:17', '0f495894-218f-460b-a021-9417bf7688bb', 'characterization', '80314f3c-5d48-4ad1-a9f2-2c0f7c7b229d', '417ee256-6335-43d1-9030-2b0f4d6a3edc', 0, 0, 0);
INSERT INTO `fpr_fprule` (`replaces_id`, `enabled`, `lastmodified`, `uuid`, `purpose`, `command_id`, `format_id`, `count_attempts`, `count_okay`, `count_not_okay`) VALUES (NULL, 1, '2014-07-11 23:29:17', '1560dd02-7e77-423e-9ecc-f25c5b1a9620', 'characterization', '80314f3c-5d48-4ad1-a9f2-2c0f7c7b229d', '46607825-0ae8-4caa-a08d-58627cd20391', 0, 0, 0);
INSERT INTO `fpr_fprule` (`replaces_id`, `enabled`, `lastmodified`, `uuid`, `purpose`, `command_id`, `format_id`, `count_attempts`, `count_okay`, `count_not_okay`) VALUES (NULL, 1, '2014-07-11 23:29:17', '5fe27b46-c5d5-4db1-a7f9-0214bf5be655', 'characterization', '80314f3c-5d48-4ad1-a9f2-2c0f7c7b229d', 'bc43bf48-c533-4349-9474-ec0b4f8d9758', 0, 0, 0);
INSERT INTO `fpr_fprule` (`replaces_id`, `enabled`, `lastmodified`, `uuid`, `purpose`, `command_id`, `format_id`, `count_attempts`, `count_okay`, `count_not_okay`) VALUES (NULL, 1, '2014-07-11 23:29:17', '2cd39b9e-1302-46fe-b283-fe490082df7f', 'characterization', '80314f3c-5d48-4ad1-a9f2-2c0f7c7b229d', '082f3282-8331-4da4-b452-632b17e90d66', 0, 0, 0);
INSERT INTO `fpr_fprule` (`replaces_id`, `enabled`, `lastmodified`, `uuid`, `purpose`, `command_id`, `format_id`, `count_attempts`, `count_okay`, `count_not_okay`) VALUES (NULL, 1, '2014-07-11 23:29:17', '72e06537-8cdc-4d04-9fea-7054cb05900e', 'characterization', '80314f3c-5d48-4ad1-a9f2-2c0f7c7b229d', '6370b72f-4caa-4d90-abc6-4816c8a0a603', 0, 0, 0);
INSERT INTO `fpr_fprule` (`replaces_id`, `enabled`, `lastmodified`, `uuid`, `purpose`, `command_id`, `format_id`, `count_attempts`, `count_okay`, `count_not_okay`) VALUES (NULL, 1, '2014-07-11 23:29:17', '5783a2e1-62fa-425f-8443-6b451f24404e', 'characterization', '80314f3c-5d48-4ad1-a9f2-2c0f7c7b229d', '8943dfdc-2b37-47df-b00f-76472e92e56d', 0, 0, 0);
INSERT INTO `fpr_fprule` (`replaces_id`, `enabled`, `lastmodified`, `uuid`, `purpose`, `command_id`, `format_id`, `count_attempts`, `count_okay`, `count_not_okay`) VALUES (NULL, 1, '2014-07-11 23:29:17', 'c9769afc-1b49-4eb8-9149-fdd2c753a0dc', 'characterization', '80314f3c-5d48-4ad1-a9f2-2c0f7c7b229d', 'c5317c4a-0bc0-4e8c-9993-e714d751fe26', 0, 0, 0);
INSERT INTO `fpr_fprule` (`replaces_id`, `enabled`, `lastmodified`, `uuid`, `purpose`, `command_id`, `format_id`, `count_attempts`, `count_okay`, `count_not_okay`) VALUES (NULL, 1, '2014-07-11 23:29:17', '5602ad31-b94f-42fa-b670-f4c397c1f93b', 'characterization', '80314f3c-5d48-4ad1-a9f2-2c0f7c7b229d', '65abf90e-5700-45cb-86c0-787a496e6d08', 0, 0, 0);
INSERT INTO `fpr_fprule` (`replaces_id`, `enabled`, `lastmodified`, `uuid`, `purpose`, `command_id`, `format_id`, `count_attempts`, `count_okay`, `count_not_okay`) VALUES (NULL, 1, '2014-07-11 23:29:17', '00ea4568-2c09-40f0-a7d4-302b7e93fdff', 'characterization', '80314f3c-5d48-4ad1-a9f2-2c0f7c7b229d', '43d60a83-929a-45b4-9197-46177f85d095', 0, 0, 0);
INSERT INTO `fpr_fprule` (`replaces_id`, `enabled`, `lastmodified`, `uuid`, `purpose`, `command_id`, `format_id`, `count_attempts`, `count_okay`, `count_not_okay`) VALUES (NULL, 1, '2014-07-11 23:29:17', '19b64a0c-5ee2-4660-aaa7-f12ddc4b4768', 'characterization', '80314f3c-5d48-4ad1-a9f2-2c0f7c7b229d', 'b4059528-64c7-4eab-bbc2-0d1d3ced0f79', 0, 0, 0);
INSERT INTO `fpr_fprule` (`replaces_id`, `enabled`, `lastmodified`, `uuid`, `purpose`, `command_id`, `format_id`, `count_attempts`, `count_okay`, `count_not_okay`) VALUES (NULL, 1, '2014-07-11 23:29:17', '9e7301de-3a55-4b0d-948e-456a6d606ccf', 'characterization', '80314f3c-5d48-4ad1-a9f2-2c0f7c7b229d', 'ffb55e9a-29f1-4276-a9a5-5ef813229b79', 0, 0, 0);
INSERT INTO `fpr_fprule` (`replaces_id`, `enabled`, `lastmodified`, `uuid`, `purpose`, `command_id`, `format_id`, `count_attempts`, `count_okay`, `count_not_okay`) VALUES (NULL, 1, '2014-07-11 23:29:17', '4b8a5dc7-e193-41e5-9803-a0426c4a6ef2', 'characterization', '80314f3c-5d48-4ad1-a9f2-2c0f7c7b229d', '734edb99-968d-42fc-9fc6-342b86fcb6e6', 0, 0, 0);
INSERT INTO `fpr_fprule` (`replaces_id`, `enabled`, `lastmodified`, `uuid`, `purpose`, `command_id`, `format_id`, `count_attempts`, `count_okay`, `count_not_okay`) VALUES (NULL, 1, '2014-07-11 23:29:17', '2bce9293-556b-4353-9341-9333b4bf396e', 'characterization', '80314f3c-5d48-4ad1-a9f2-2c0f7c7b229d', 'c95e5c2e-d5e9-44b0-b891-93bceadeabcf', 0, 0, 0);
INSERT INTO `fpr_fprule` (`replaces_id`, `enabled`, `lastmodified`, `uuid`, `purpose`, `command_id`, `format_id`, `count_attempts`, `count_okay`, `count_not_okay`) VALUES (NULL, 1, '2014-07-11 23:29:17', '96b96a39-16a8-4c10-b1f2-15b26dc1b6be', 'characterization', '80314f3c-5d48-4ad1-a9f2-2c0f7c7b229d', '05f1242e-127d-4eec-826c-f89571d0283f', 0, 0, 0);
INSERT INTO `fpr_fprule` (`replaces_id`, `enabled`, `lastmodified`, `uuid`, `purpose`, `command_id`, `format_id`, `count_attempts`, `count_okay`, `count_not_okay`) VALUES (NULL, 1, '2014-07-11 23:29:17', '23897fbf-e16d-4b3a-8322-74638e32b8bc', 'characterization', '80314f3c-5d48-4ad1-a9f2-2c0f7c7b229d', '01fac958-274d-41ef-978f-d9cf711b3c4a', 0, 0, 0);
INSERT INTO `fpr_fprule` (`replaces_id`, `enabled`, `lastmodified`, `uuid`, `purpose`, `command_id`, `format_id`, `count_attempts`, `count_okay`, `count_not_okay`) VALUES (NULL, 1, '2014-07-11 23:29:17', '8fafb9bc-5ee3-4de7-8e75-98401feb17d2', 'characterization', '80314f3c-5d48-4ad1-a9f2-2c0f7c7b229d', '8dbbb65a-e3a1-46a7-afe3-6378cd35f131', 0, 0, 0);
INSERT INTO `fpr_fprule` (`replaces_id`, `enabled`, `lastmodified`, `uuid`, `purpose`, `command_id`, `format_id`, `count_attempts`, `count_okay`, `count_not_okay`) VALUES (NULL, 1, '2014-07-11 23:29:17', '0e3ff490-acd7-4df2-ab06-a957649b56a5', 'characterization', '80314f3c-5d48-4ad1-a9f2-2c0f7c7b229d', '01ccc0d6-0166-49d4-8e6e-fe0f7db914a5', 0, 0, 0);
INSERT INTO `fpr_fprule` (`replaces_id`, `enabled`, `lastmodified`, `uuid`, `purpose`, `command_id`, `format_id`, `count_attempts`, `count_okay`, `count_not_okay`) VALUES (NULL, 1, '2014-07-11 23:29:17', 'e593e06b-05a2-41e1-947d-3f744368e6d7', 'characterization', '80314f3c-5d48-4ad1-a9f2-2c0f7c7b229d', 'c5093f5f-1fa0-4f55-aea7-cdcaa7cf4b6c', 0, 0, 0);
INSERT INTO `fpr_fprule` (`replaces_id`, `enabled`, `lastmodified`, `uuid`, `purpose`, `command_id`, `format_id`, `count_attempts`, `count_okay`, `count_not_okay`) VALUES (NULL, 1, '2014-07-11 23:29:17', '19c760aa-67f4-47bb-9028-0888c5b58d68', 'characterization', '80314f3c-5d48-4ad1-a9f2-2c0f7c7b229d', 'e2930d0a-6e5a-4ece-8966-597f1b3b160b', 0, 0, 0);
INSERT INTO `fpr_fprule` (`replaces_id`, `enabled`, `lastmodified`, `uuid`, `purpose`, `command_id`, `format_id`, `count_attempts`, `count_okay`, `count_not_okay`) VALUES (NULL, 1, '2014-07-11 23:29:17', 'e5fc6fc4-cf01-48fc-bea0-cfd4332fb07a', 'characterization', '80314f3c-5d48-4ad1-a9f2-2c0f7c7b229d', '9cdb9fd6-b23e-457c-862a-0341649c939e', 0, 0, 0);
INSERT INTO `fpr_fprule` (`replaces_id`, `enabled`, `lastmodified`, `uuid`, `purpose`, `command_id`, `format_id`, `count_attempts`, `count_okay`, `count_not_okay`) VALUES (NULL, 1, '2014-07-11 23:29:17', '944b2e27-05a2-4ab6-9825-7f3f03e38597', 'characterization', '80314f3c-5d48-4ad1-a9f2-2c0f7c7b229d', 'c0b58268-f0e9-46de-ad14-80f2a4792c85', 0, 0, 0);
INSERT INTO `fpr_fprule` (`replaces_id`, `enabled`, `lastmodified`, `uuid`, `purpose`, `command_id`, `format_id`, `count_attempts`, `count_okay`, `count_not_okay`) VALUES (NULL, 1, '2014-07-11 23:29:17', '55df5432-3568-4727-a747-9fbf8abe35d8', 'characterization', '80314f3c-5d48-4ad1-a9f2-2c0f7c7b229d', '718d807b-6dc9-406b-9a44-3853cf1b820e', 0, 0, 0);
INSERT INTO `fpr_fprule` (`replaces_id`, `enabled`, `lastmodified`, `uuid`, `purpose`, `command_id`, `format_id`, `count_attempts`, `count_okay`, `count_not_okay`) VALUES (NULL, 1, '2014-07-11 23:29:17', '961c9c48-055d-4285-9a55-64b1ce65d15c', 'characterization', '80314f3c-5d48-4ad1-a9f2-2c0f7c7b229d', '0cef1d24-08ac-48ca-992e-7d4aaa8e889e', 0, 0, 0);
INSERT INTO `fpr_fprule` (`replaces_id`, `enabled`, `lastmodified`, `uuid`, `purpose`, `command_id`, `format_id`, `count_attempts`, `count_okay`, `count_not_okay`) VALUES (NULL, 1, '2014-07-11 23:29:17', 'e777e31c-9d07-48f2-bc48-4f14d0b8c575', 'characterization', '80314f3c-5d48-4ad1-a9f2-2c0f7c7b229d', '89d98ee9-c396-43d6-b14e-a4c31f71da0a', 0, 0, 0);
INSERT INTO `fpr_fprule` (`replaces_id`, `enabled`, `lastmodified`, `uuid`, `purpose`, `command_id`, `format_id`, `count_attempts`, `count_okay`, `count_not_okay`) VALUES (NULL, 1, '2014-07-11 23:29:17', 'd1f68124-0c59-45e4-a584-6bc1f41af1fe', 'characterization', '80314f3c-5d48-4ad1-a9f2-2c0f7c7b229d', 'f2055ccf-cad2-4a17-84ef-d89b99ec20e8', 0, 0, 0);
INSERT INTO `fpr_fprule` (`replaces_id`, `enabled`, `lastmodified`, `uuid`, `purpose`, `command_id`, `format_id`, `count_attempts`, `count_okay`, `count_not_okay`) VALUES (NULL, 1, '2014-07-11 23:29:17', 'dd90d88e-8379-4b79-9f1b-a3f2cce04c85', 'characterization', '80314f3c-5d48-4ad1-a9f2-2c0f7c7b229d', 'fc858c54-11d6-4711-9109-140cf415bbe3', 0, 0, 0);
INSERT INTO `fpr_fprule` (`replaces_id`, `enabled`, `lastmodified`, `uuid`, `purpose`, `command_id`, `format_id`, `count_attempts`, `count_okay`, `count_not_okay`) VALUES (NULL, 1, '2014-07-11 23:29:17', 'bb281801-2a3d-4944-84f5-1c65802e5030', 'characterization', '80314f3c-5d48-4ad1-a9f2-2c0f7c7b229d', '2d822ca8-7938-44ef-a54d-6a4d54581e84', 0, 0, 0);
INSERT INTO `fpr_fprule` (`replaces_id`, `enabled`, `lastmodified`, `uuid`, `purpose`, `command_id`, `format_id`, `count_attempts`, `count_okay`, `count_not_okay`) VALUES (NULL, 1, '2014-07-11 23:29:17', '5db41f50-0d8b-41fd-ad80-1b18ddced4ee', 'characterization', '80314f3c-5d48-4ad1-a9f2-2c0f7c7b229d', '361f2360-8c05-4db5-b8d1-6a0e1e3c5c3b', 0, 0, 0);
INSERT INTO `fpr_fprule` (`replaces_id`, `enabled`, `lastmodified`, `uuid`, `purpose`, `command_id`, `format_id`, `count_attempts`, `count_okay`, `count_not_okay`) VALUES (NULL, 1, '2014-07-11 23:29:17', '1edbe110-00a9-4ac0-9a73-dcc94ff07ea0', 'characterization', '80314f3c-5d48-4ad1-a9f2-2c0f7c7b229d', 'ad7d3eff-23e2-4e5c-afe3-7fa11d6c8024', 0, 0, 0);
INSERT INTO `fpr_fprule` (`replaces_id`, `enabled`, `lastmodified`, `uuid`, `purpose`, `command_id`, `format_id`, `count_attempts`, `count_okay`, `count_not_okay`) VALUES (NULL, 1, '2014-07-11 23:29:17', '011f11e6-aa61-4226-8d29-830939ca90cd', 'characterization', '80314f3c-5d48-4ad1-a9f2-2c0f7c7b229d', '688c840a-764d-4b18-84de-83f24aabade9', 0, 0, 0);
INSERT INTO `fpr_fprule` (`replaces_id`, `enabled`, `lastmodified`, `uuid`, `purpose`, `command_id`, `format_id`, `count_attempts`, `count_okay`, `count_not_okay`) VALUES (NULL, 1, '2014-07-11 23:29:17', '5c3be4a2-44ab-431c-acd1-0a2d7a7c6fd4', 'characterization', '80314f3c-5d48-4ad1-a9f2-2c0f7c7b229d', 'da984f58-f056-4c2a-bad6-f7c8db0fcf6b', 0, 0, 0);
INSERT INTO `fpr_fprule` (`replaces_id`, `enabled`, `lastmodified`, `uuid`, `purpose`, `command_id`, `format_id`, `count_attempts`, `count_okay`, `count_not_okay`) VALUES (NULL, 1, '2014-07-11 23:29:17', '88b6fee0-7056-40c8-aa6d-beebf9fcd287', 'characterization', '80314f3c-5d48-4ad1-a9f2-2c0f7c7b229d', 'c4cd7a15-ea93-4777-a0b1-3614794025c1', 0, 0, 0);
INSERT INTO `fpr_fprule` (`replaces_id`, `enabled`, `lastmodified`, `uuid`, `purpose`, `command_id`, `format_id`, `count_attempts`, `count_okay`, `count_not_okay`) VALUES (NULL, 1, '2014-07-11 23:29:17', 'b5396421-58a9-4f36-8d06-fc3967034753', 'characterization', '80314f3c-5d48-4ad1-a9f2-2c0f7c7b229d', '14371c4d-68b3-45d7-8cd2-692b76fea335', 0, 0, 0);
INSERT INTO `fpr_fprule` (`replaces_id`, `enabled`, `lastmodified`, `uuid`, `purpose`, `command_id`, `format_id`, `count_attempts`, `count_okay`, `count_not_okay`) VALUES (NULL, 1, '2014-07-11 23:29:17', '6e658038-4fda-4bd0-a605-f44aa60ababe', 'characterization', '80314f3c-5d48-4ad1-a9f2-2c0f7c7b229d', '36800d63-1bb5-4324-ba8c-90e222eeddbc', 0, 0, 0);
INSERT INTO `fpr_fprule` (`replaces_id`, `enabled`, `lastmodified`, `uuid`, `purpose`, `command_id`, `format_id`, `count_attempts`, `count_okay`, `count_not_okay`) VALUES (NULL, 1, '2014-07-11 23:29:17', '35bd8e5c-8d0f-43d0-a00a-37cb6d3246e2', 'characterization', '80314f3c-5d48-4ad1-a9f2-2c0f7c7b229d', '689082bf-c0b5-4a5b-ab5a-17759ec7e5cf', 0, 0, 0);
INSERT INTO `fpr_fprule` (`replaces_id`, `enabled`, `lastmodified`, `uuid`, `purpose`, `command_id`, `format_id`, `count_attempts`, `count_okay`, `count_not_okay`) VALUES (NULL, 1, '2014-07-11 23:29:17', '72d47738-ed94-4127-a3c1-5f8dd5dded4e', 'characterization', '80314f3c-5d48-4ad1-a9f2-2c0f7c7b229d', 'dd5e98bb-535a-4f57-ae60-0d5e28c9940b', 0, 0, 0);
INSERT INTO `fpr_fprule` (`replaces_id`, `enabled`, `lastmodified`, `uuid`, `purpose`, `command_id`, `format_id`, `count_attempts`, `count_okay`, `count_not_okay`) VALUES (NULL, 1, '2014-07-11 23:29:17', 'cd823587-1783-4781-8488-1f6d57119772', 'characterization', '80314f3c-5d48-4ad1-a9f2-2c0f7c7b229d', '5a039206-6ac9-4b9a-a75a-2e57f599a482', 0, 0, 0);
INSERT INTO `fpr_fprule` (`replaces_id`, `enabled`, `lastmodified`, `uuid`, `purpose`, `command_id`, `format_id`, `count_attempts`, `count_okay`, `count_not_okay`) VALUES (NULL, 1, '2014-07-11 23:29:17', '69df8878-2391-407c-b9e8-58855cc661c1', 'characterization', '80314f3c-5d48-4ad1-a9f2-2c0f7c7b229d', 'e0ababbd-4e21-4690-9073-283434f4099b', 0, 0, 0);
INSERT INTO `fpr_fprule` (`replaces_id`, `enabled`, `lastmodified`, `uuid`, `purpose`, `command_id`, `format_id`, `count_attempts`, `count_okay`, `count_not_okay`) VALUES (NULL, 1, '2014-07-11 23:29:17', '8d5bfe4f-2e3f-4e4d-b88f-c2201b83c6c4', 'characterization', '80314f3c-5d48-4ad1-a9f2-2c0f7c7b229d', '94ff9390-b748-4fd1-80bb-c35a9405f787', 0, 0, 0);
INSERT INTO `fpr_fprule` (`replaces_id`, `enabled`, `lastmodified`, `uuid`, `purpose`, `command_id`, `format_id`, `count_attempts`, `count_okay`, `count_not_okay`) VALUES (NULL, 1, '2014-07-11 23:29:17', '73f5c0c7-7f32-4b66-9a15-fd379fa760ad', 'characterization', '80314f3c-5d48-4ad1-a9f2-2c0f7c7b229d', 'f234e581-079c-4195-a16a-a3e5cfeb543c', 0, 0, 0);
INSERT INTO `fpr_fprule` (`replaces_id`, `enabled`, `lastmodified`, `uuid`, `purpose`, `command_id`, `format_id`, `count_attempts`, `count_okay`, `count_not_okay`) VALUES (NULL, 1, '2014-07-11 23:29:17', 'e9242bc2-cb06-4ee3-8068-d5dc1f589fd5', 'characterization', '80314f3c-5d48-4ad1-a9f2-2c0f7c7b229d', 'eb19d8dd-7532-4902-bbdc-637cb96d47ef', 0, 0, 0);
INSERT INTO `fpr_fprule` (`replaces_id`, `enabled`, `lastmodified`, `uuid`, `purpose`, `command_id`, `format_id`, `count_attempts`, `count_okay`, `count_not_okay`) VALUES (NULL, 1, '2014-07-11 23:29:17', 'd54b9404-4a06-45a2-bd4f-eb0487857434', 'characterization', '80314f3c-5d48-4ad1-a9f2-2c0f7c7b229d', 'cfe6231d-ad61-4599-9e22-0f210ef09cc8', 0, 0, 0);
INSERT INTO `fpr_fprule` (`replaces_id`, `enabled`, `lastmodified`, `uuid`, `purpose`, `command_id`, `format_id`, `count_attempts`, `count_okay`, `count_not_okay`) VALUES (NULL, 1, '2014-07-11 23:29:17', '456df406-d28d-4bf2-9ee3-00790f6b23c4', 'characterization', '80314f3c-5d48-4ad1-a9f2-2c0f7c7b229d', '7678e3b3-736b-4c5f-8e59-59e309a6b9d6', 0, 0, 0);
INSERT INTO `fpr_fprule` (`replaces_id`, `enabled`, `lastmodified`, `uuid`, `purpose`, `command_id`, `format_id`, `count_attempts`, `count_okay`, `count_not_okay`) VALUES (NULL, 1, '2014-07-11 23:29:17', '6db9ff9a-e1ed-45bc-9a6b-3a486300f8a7', 'characterization', '80314f3c-5d48-4ad1-a9f2-2c0f7c7b229d', '187c191e-a9bf-4479-88ff-5ae470f57651', 0, 0, 0);
INSERT INTO `fpr_fprule` (`replaces_id`, `enabled`, `lastmodified`, `uuid`, `purpose`, `command_id`, `format_id`, `count_attempts`, `count_okay`, `count_not_okay`) VALUES (NULL, 1, '2014-07-11 23:29:17', '3d4f4299-1870-48f6-851a-ef96fe8c2095', 'characterization', '80314f3c-5d48-4ad1-a9f2-2c0f7c7b229d', 'f4e7f4e8-101c-43bc-b39c-8045ea3b4959', 0, 0, 0);
INSERT INTO `fpr_fprule` (`replaces_id`, `enabled`, `lastmodified`, `uuid`, `purpose`, `command_id`, `format_id`, `count_attempts`, `count_okay`, `count_not_okay`) VALUES (NULL, 1, '2014-07-11 23:29:17', '67c82e34-c951-43f5-b6d3-6af4616dac95', 'characterization', '80314f3c-5d48-4ad1-a9f2-2c0f7c7b229d', '57664181-74cb-408c-a73b-74acd90b5a26', 0, 0, 0);
INSERT INTO `fpr_fprule` (`replaces_id`, `enabled`, `lastmodified`, `uuid`, `purpose`, `command_id`, `format_id`, `count_attempts`, `count_okay`, `count_not_okay`) VALUES (NULL, 1, '2014-07-11 23:29:17', '597241ee-c056-4bbe-8f36-49fa972b0e9b', 'characterization', '80314f3c-5d48-4ad1-a9f2-2c0f7c7b229d', '2edf82d5-f860-44ea-9f5d-852f0097f430', 0, 0, 0);
INSERT INTO `fpr_fprule` (`replaces_id`, `enabled`, `lastmodified`, `uuid`, `purpose`, `command_id`, `format_id`, `count_attempts`, `count_okay`, `count_not_okay`) VALUES (NULL, 1, '2014-07-11 23:29:17', '0868c6e8-1ee9-456c-82a0-78a65193a98d', 'characterization', '80314f3c-5d48-4ad1-a9f2-2c0f7c7b229d', '3f24b80e-eb8c-4da2-8ab9-f339091be42a', 0, 0, 0);
INSERT INTO `fpr_fprule` (`replaces_id`, `enabled`, `lastmodified`, `uuid`, `purpose`, `command_id`, `format_id`, `count_attempts`, `count_okay`, `count_not_okay`) VALUES (NULL, 1, '2014-07-11 23:29:17', '5afaf39c-37ac-463b-9a6b-3aec2d172087', 'characterization', '80314f3c-5d48-4ad1-a9f2-2c0f7c7b229d', '67696293-1d77-40c6-92ac-9681d28c03a0', 0, 0, 0);
INSERT INTO `fpr_fprule` (`replaces_id`, `enabled`, `lastmodified`, `uuid`, `purpose`, `command_id`, `format_id`, `count_attempts`, `count_okay`, `count_not_okay`) VALUES (NULL, 1, '2014-07-11 23:29:17', '4f64284b-4875-4ad6-bfd4-f59e4f03977b', 'characterization', '80314f3c-5d48-4ad1-a9f2-2c0f7c7b229d', 'e5b8b310-b560-4d7d-908e-8c9ed1fc8a4b', 0, 0, 0);
INSERT INTO `fpr_fprule` (`replaces_id`, `enabled`, `lastmodified`, `uuid`, `purpose`, `command_id`, `format_id`, `count_attempts`, `count_okay`, `count_not_okay`) VALUES (NULL, 1, '2014-07-11 23:29:17', '9ac57b70-c795-454a-8eb2-88901d25fbfb', 'characterization', '80314f3c-5d48-4ad1-a9f2-2c0f7c7b229d', '7455b3d2-0beb-472b-b241-2a077d3d5a8e', 0, 0, 0);
INSERT INTO `fpr_fprule` (`replaces_id`, `enabled`, `lastmodified`, `uuid`, `purpose`, `command_id`, `format_id`, `count_attempts`, `count_okay`, `count_not_okay`) VALUES (NULL, 1, '2014-07-11 23:29:17', 'dc106422-0e52-4ee8-acca-4568a289499c', 'characterization', '80314f3c-5d48-4ad1-a9f2-2c0f7c7b229d', '4732272f-f8fc-4840-bf97-3fae23785b2d', 0, 0, 0);
INSERT INTO `fpr_fprule` (`replaces_id`, `enabled`, `lastmodified`, `uuid`, `purpose`, `command_id`, `format_id`, `count_attempts`, `count_okay`, `count_not_okay`) VALUES (NULL, 1, '2014-07-11 23:29:17', 'fb19a402-d021-4908-8be9-1f5b91ddacee', 'characterization', '80314f3c-5d48-4ad1-a9f2-2c0f7c7b229d', '11c9ede7-2b4c-48be-a085-720396d3eebe', 0, 0, 0);
INSERT INTO `fpr_fprule` (`replaces_id`, `enabled`, `lastmodified`, `uuid`, `purpose`, `command_id`, `format_id`, `count_attempts`, `count_okay`, `count_not_okay`) VALUES (NULL, 1, '2014-07-11 23:29:17', '76041351-6f24-4f4f-a483-22270f757673', 'characterization', '80314f3c-5d48-4ad1-a9f2-2c0f7c7b229d', '7749752e-4a9a-4313-8a27-85e7dc1e70f2', 0, 0, 0);
INSERT INTO `fpr_fprule` (`replaces_id`, `enabled`, `lastmodified`, `uuid`, `purpose`, `command_id`, `format_id`, `count_attempts`, `count_okay`, `count_not_okay`) VALUES (NULL, 1, '2014-07-11 23:29:17', '1a392f05-9d21-4b16-ac8f-e61f4efd4727', 'characterization', '80314f3c-5d48-4ad1-a9f2-2c0f7c7b229d', '56edfd64-c115-45c9-9a31-a2a07c8a5d26', 0, 0, 0);
INSERT INTO `fpr_fprule` (`replaces_id`, `enabled`, `lastmodified`, `uuid`, `purpose`, `command_id`, `format_id`, `count_attempts`, `count_okay`, `count_not_okay`) VALUES (NULL, 1, '2014-07-11 23:29:17', '15024b6a-e363-4932-9fe8-471182c3d661', 'characterization', '80314f3c-5d48-4ad1-a9f2-2c0f7c7b229d', 'b618f035-6e20-4386-a648-9464ec92cbeb', 0, 0, 0);
INSERT INTO `fpr_fprule` (`replaces_id`, `enabled`, `lastmodified`, `uuid`, `purpose`, `command_id`, `format_id`, `count_attempts`, `count_okay`, `count_not_okay`) VALUES (NULL, 1, '2014-07-11 23:29:17', '90a5bb76-28f0-425e-88a7-876cf806ffcd', 'characterization', '80314f3c-5d48-4ad1-a9f2-2c0f7c7b229d', '877c4de6-e2c5-47fd-8611-9be32cd5f8aa', 0, 0, 0);
INSERT INTO `fpr_fprule` (`replaces_id`, `enabled`, `lastmodified`, `uuid`, `purpose`, `command_id`, `format_id`, `count_attempts`, `count_okay`, `count_not_okay`) VALUES (NULL, 1, '2014-07-11 23:29:17', '12512a47-4f29-42c4-8bb9-c1c8c6c28409', 'characterization', '80314f3c-5d48-4ad1-a9f2-2c0f7c7b229d', '70274690-dffc-4052-848b-949c6321422f', 0, 0, 0);
INSERT INTO `fpr_fprule` (`replaces_id`, `enabled`, `lastmodified`, `uuid`, `purpose`, `command_id`, `format_id`, `count_attempts`, `count_okay`, `count_not_okay`) VALUES (NULL, 1, '2014-07-11 23:29:17', '74710522-d244-43ba-b604-3ce2dc3a6901', 'characterization', '80314f3c-5d48-4ad1-a9f2-2c0f7c7b229d', '20723c2f-9af9-4228-934f-5856392d0179', 0, 0, 0);
INSERT INTO `fpr_fprule` (`replaces_id`, `enabled`, `lastmodified`, `uuid`, `purpose`, `command_id`, `format_id`, `count_attempts`, `count_okay`, `count_not_okay`) VALUES (NULL, 1, '2014-07-11 23:29:17', '1b1aa0fd-a4e6-49cc-8679-db1bbc226b8b', 'characterization', '99d5f508-7733-4e86-883f-bd6abc3fbac7', 'bf3ed8b1-d035-457b-a2e0-4dffd216b4b3', 0, 0, 0);
INSERT INTO `fpr_fprule` (`replaces_id`, `enabled`, `lastmodified`, `uuid`, `purpose`, `command_id`, `format_id`, `count_attempts`, `count_okay`, `count_not_okay`) VALUES (NULL, 1, '2014-07-11 23:29:17', '4c16f97a-8f0a-4570-b884-0d1fa7d4848d', 'characterization', '99d5f508-7733-4e86-883f-bd6abc3fbac7', 'adc3b632-2c46-4426-b08b-39e02061ea18', 0, 0, 0);
INSERT INTO `fpr_fprule` (`replaces_id`, `enabled`, `lastmodified`, `uuid`, `purpose`, `command_id`, `format_id`, `count_attempts`, `count_okay`, `count_not_okay`) VALUES (NULL, 1, '2014-07-11 23:29:17', 'e16789dc-323a-4adf-a14e-209a4e3e61e5', 'characterization', '99d5f508-7733-4e86-883f-bd6abc3fbac7', '4fdd74df-b854-4491-8f93-cc25591fb080', 0, 0, 0);
INSERT INTO `fpr_fprule` (`replaces_id`, `enabled`, `lastmodified`, `uuid`, `purpose`, `command_id`, `format_id`, `count_attempts`, `count_okay`, `count_not_okay`) VALUES (NULL, 1, '2014-07-11 23:29:17', '5e8349ca-524a-424e-98ae-04c75b6d5db4', 'characterization', '99d5f508-7733-4e86-883f-bd6abc3fbac7', '22972e34-22a2-44a0-9cd6-bbc5a2117570', 0, 0, 0);
INSERT INTO `fpr_fprule` (`replaces_id`, `enabled`, `lastmodified`, `uuid`, `purpose`, `command_id`, `format_id`, `count_attempts`, `count_okay`, `count_not_okay`) VALUES (NULL, 1, '2014-07-11 23:29:17', '7a0da481-467a-4804-9486-65bbda19a2ac', 'characterization', '99d5f508-7733-4e86-883f-bd6abc3fbac7', 'f19ba808-a43f-47f2-9f94-e69404de3488', 0, 0, 0);
INSERT INTO `fpr_fprule` (`replaces_id`, `enabled`, `lastmodified`, `uuid`, `purpose`, `command_id`, `format_id`, `count_attempts`, `count_okay`, `count_not_okay`) VALUES (NULL, 1, '2014-07-11 23:29:17', '017212fe-3893-49d6-924b-f1b079b7ce08', 'characterization', '99d5f508-7733-4e86-883f-bd6abc3fbac7', '417ee256-6335-43d1-9030-2b0f4d6a3edc', 0, 0, 0);
INSERT INTO `fpr_fprule` (`replaces_id`, `enabled`, `lastmodified`, `uuid`, `purpose`, `command_id`, `format_id`, `count_attempts`, `count_okay`, `count_not_okay`) VALUES (NULL, 1, '2014-07-11 23:29:17', 'f34de46c-a6a5-4835-a22a-06cf4e5cf11f', 'characterization', '99d5f508-7733-4e86-883f-bd6abc3fbac7', '46607825-0ae8-4caa-a08d-58627cd20391', 0, 0, 0);
INSERT INTO `fpr_fprule` (`replaces_id`, `enabled`, `lastmodified`, `uuid`, `purpose`, `command_id`, `format_id`, `count_attempts`, `count_okay`, `count_not_okay`) VALUES (NULL, 1, '2014-07-11 23:29:17', 'd8d5857b-0978-4bdd-bc42-6255237c377d', 'characterization', '99d5f508-7733-4e86-883f-bd6abc3fbac7', 'bc43bf48-c533-4349-9474-ec0b4f8d9758', 0, 0, 0);
INSERT INTO `fpr_fprule` (`replaces_id`, `enabled`, `lastmodified`, `uuid`, `purpose`, `command_id`, `format_id`, `count_attempts`, `count_okay`, `count_not_okay`) VALUES (NULL, 1, '2014-07-11 23:29:17', 'dda72c21-1b3d-4ac8-9485-504381759930', 'characterization', '99d5f508-7733-4e86-883f-bd6abc3fbac7', '082f3282-8331-4da4-b452-632b17e90d66', 0, 0, 0);
INSERT INTO `fpr_fprule` (`replaces_id`, `enabled`, `lastmodified`, `uuid`, `purpose`, `command_id`, `format_id`, `count_attempts`, `count_okay`, `count_not_okay`) VALUES (NULL, 1, '2014-07-11 23:29:17', '59ceb040-72a1-47a0-a0b0-bbd189bfaafe', 'characterization', '99d5f508-7733-4e86-883f-bd6abc3fbac7', '6370b72f-4caa-4d90-abc6-4816c8a0a603', 0, 0, 0);
INSERT INTO `fpr_fprule` (`replaces_id`, `enabled`, `lastmodified`, `uuid`, `purpose`, `command_id`, `format_id`, `count_attempts`, `count_okay`, `count_not_okay`) VALUES (NULL, 1, '2014-07-11 23:29:17', 'c00646b4-a80f-4125-aa87-6197912b2f4e', 'characterization', '99d5f508-7733-4e86-883f-bd6abc3fbac7', '8943dfdc-2b37-47df-b00f-76472e92e56d', 0, 0, 0);
INSERT INTO `fpr_fprule` (`replaces_id`, `enabled`, `lastmodified`, `uuid`, `purpose`, `command_id`, `format_id`, `count_attempts`, `count_okay`, `count_not_okay`) VALUES (NULL, 1, '2014-07-11 23:29:17', 'c56c6776-a249-41e4-b59c-5cba17172e3e', 'characterization', '99d5f508-7733-4e86-883f-bd6abc3fbac7', 'c5317c4a-0bc0-4e8c-9993-e714d751fe26', 0, 0, 0);
INSERT INTO `fpr_fprule` (`replaces_id`, `enabled`, `lastmodified`, `uuid`, `purpose`, `command_id`, `format_id`, `count_attempts`, `count_okay`, `count_not_okay`) VALUES (NULL, 1, '2014-07-11 23:29:17', '45237007-70eb-4091-926e-15a3f7981caa', 'characterization', '99d5f508-7733-4e86-883f-bd6abc3fbac7', '65abf90e-5700-45cb-86c0-787a496e6d08', 0, 0, 0);
INSERT INTO `fpr_fprule` (`replaces_id`, `enabled`, `lastmodified`, `uuid`, `purpose`, `command_id`, `format_id`, `count_attempts`, `count_okay`, `count_not_okay`) VALUES (NULL, 1, '2014-07-11 23:29:17', '3287e961-c403-4e02-bce5-429c925f455f', 'characterization', '99d5f508-7733-4e86-883f-bd6abc3fbac7', '43d60a83-929a-45b4-9197-46177f85d095', 0, 0, 0);
INSERT INTO `fpr_fprule` (`replaces_id`, `enabled`, `lastmodified`, `uuid`, `purpose`, `command_id`, `format_id`, `count_attempts`, `count_okay`, `count_not_okay`) VALUES (NULL, 1, '2014-07-11 23:29:17', 'fe516b49-c0f4-4ea1-8432-87f3bf38e56b', 'characterization', '99d5f508-7733-4e86-883f-bd6abc3fbac7', 'b4059528-64c7-4eab-bbc2-0d1d3ced0f79', 0, 0, 0);
INSERT INTO `fpr_fprule` (`replaces_id`, `enabled`, `lastmodified`, `uuid`, `purpose`, `command_id`, `format_id`, `count_attempts`, `count_okay`, `count_not_okay`) VALUES (NULL, 1, '2014-07-11 23:29:17', 'd188d205-f775-496a-a167-553577c5c733', 'characterization', '99d5f508-7733-4e86-883f-bd6abc3fbac7', 'ffb55e9a-29f1-4276-a9a5-5ef813229b79', 0, 0, 0);
INSERT INTO `fpr_fprule` (`replaces_id`, `enabled`, `lastmodified`, `uuid`, `purpose`, `command_id`, `format_id`, `count_attempts`, `count_okay`, `count_not_okay`) VALUES (NULL, 1, '2014-07-11 23:29:17', 'eff76d09-b424-44b6-9e96-91df04594533', 'characterization', '99d5f508-7733-4e86-883f-bd6abc3fbac7', '734edb99-968d-42fc-9fc6-342b86fcb6e6', 0, 0, 0);
INSERT INTO `fpr_fprule` (`replaces_id`, `enabled`, `lastmodified`, `uuid`, `purpose`, `command_id`, `format_id`, `count_attempts`, `count_okay`, `count_not_okay`) VALUES (NULL, 1, '2014-07-11 23:29:17', '11f67c6f-5d4d-47fe-8132-599991e61c80', 'characterization', '99d5f508-7733-4e86-883f-bd6abc3fbac7', 'c95e5c2e-d5e9-44b0-b891-93bceadeabcf', 0, 0, 0);
INSERT INTO `fpr_fprule` (`replaces_id`, `enabled`, `lastmodified`, `uuid`, `purpose`, `command_id`, `format_id`, `count_attempts`, `count_okay`, `count_not_okay`) VALUES (NULL, 1, '2014-07-11 23:29:17', '40cd8817-b4e7-4100-ad79-65273fcae889', 'characterization', '99d5f508-7733-4e86-883f-bd6abc3fbac7', '05f1242e-127d-4eec-826c-f89571d0283f', 0, 0, 0);
INSERT INTO `fpr_fprule` (`replaces_id`, `enabled`, `lastmodified`, `uuid`, `purpose`, `command_id`, `format_id`, `count_attempts`, `count_okay`, `count_not_okay`) VALUES (NULL, 1, '2014-07-11 23:29:17', '0e2bbe47-89b1-4773-a8f9-79916dddb5c3', 'characterization', '99d5f508-7733-4e86-883f-bd6abc3fbac7', '01fac958-274d-41ef-978f-d9cf711b3c4a', 0, 0, 0);
INSERT INTO `fpr_fprule` (`replaces_id`, `enabled`, `lastmodified`, `uuid`, `purpose`, `command_id`, `format_id`, `count_attempts`, `count_okay`, `count_not_okay`) VALUES (NULL, 1, '2014-07-11 23:29:17', '40a8f3fa-b809-426e-b2d9-d7693d6d9cb6', 'characterization', '99d5f508-7733-4e86-883f-bd6abc3fbac7', '8dbbb65a-e3a1-46a7-afe3-6378cd35f131', 0, 0, 0);
INSERT INTO `fpr_fprule` (`replaces_id`, `enabled`, `lastmodified`, `uuid`, `purpose`, `command_id`, `format_id`, `count_attempts`, `count_okay`, `count_not_okay`) VALUES (NULL, 1, '2014-07-11 23:29:17', '4b46068e-ff67-418c-b6aa-3607ad0444e0', 'characterization', '99d5f508-7733-4e86-883f-bd6abc3fbac7', '01ccc0d6-0166-49d4-8e6e-fe0f7db914a5', 0, 0, 0);
INSERT INTO `fpr_fprule` (`replaces_id`, `enabled`, `lastmodified`, `uuid`, `purpose`, `command_id`, `format_id`, `count_attempts`, `count_okay`, `count_not_okay`) VALUES (NULL, 1, '2014-07-11 23:29:17', '107b0894-848f-43be-abea-7a1568bfb1e5', 'characterization', '99d5f508-7733-4e86-883f-bd6abc3fbac7', 'c5093f5f-1fa0-4f55-aea7-cdcaa7cf4b6c', 0, 0, 0);
INSERT INTO `fpr_fprule` (`replaces_id`, `enabled`, `lastmodified`, `uuid`, `purpose`, `command_id`, `format_id`, `count_attempts`, `count_okay`, `count_not_okay`) VALUES (NULL, 1, '2014-07-11 23:29:17', '078e5d02-dcae-4248-bb24-2d4f1c372c16', 'characterization', '99d5f508-7733-4e86-883f-bd6abc3fbac7', 'e2930d0a-6e5a-4ece-8966-597f1b3b160b', 0, 0, 0);
INSERT INTO `fpr_fprule` (`replaces_id`, `enabled`, `lastmodified`, `uuid`, `purpose`, `command_id`, `format_id`, `count_attempts`, `count_okay`, `count_not_okay`) VALUES (NULL, 1, '2014-07-11 23:29:17', '76c47630-8b35-4e16-b2d0-c77afd5f4efd', 'characterization', '99d5f508-7733-4e86-883f-bd6abc3fbac7', '9cdb9fd6-b23e-457c-862a-0341649c939e', 0, 0, 0);
INSERT INTO `fpr_fprule` (`replaces_id`, `enabled`, `lastmodified`, `uuid`, `purpose`, `command_id`, `format_id`, `count_attempts`, `count_okay`, `count_not_okay`) VALUES (NULL, 1, '2014-07-11 23:29:17', '6f4d2b9a-49af-4424-b30b-5d71081bc605', 'characterization', '99d5f508-7733-4e86-883f-bd6abc3fbac7', 'c0b58268-f0e9-46de-ad14-80f2a4792c85', 0, 0, 0);
INSERT INTO `fpr_fprule` (`replaces_id`, `enabled`, `lastmodified`, `uuid`, `purpose`, `command_id`, `format_id`, `count_attempts`, `count_okay`, `count_not_okay`) VALUES (NULL, 1, '2014-07-11 23:29:17', 'a49d3901-57e5-418d-b7c5-3766f75bc8bf', 'characterization', '99d5f508-7733-4e86-883f-bd6abc3fbac7', '718d807b-6dc9-406b-9a44-3853cf1b820e', 0, 0, 0);
INSERT INTO `fpr_fprule` (`replaces_id`, `enabled`, `lastmodified`, `uuid`, `purpose`, `command_id`, `format_id`, `count_attempts`, `count_okay`, `count_not_okay`) VALUES (NULL, 1, '2014-07-11 23:29:17', '0dcfdd30-0757-4e60-b4e8-05fe7be131d5', 'characterization', '99d5f508-7733-4e86-883f-bd6abc3fbac7', 'fd7322ea-d547-443a-89f1-2550a7ca430e', 0, 0, 0);
INSERT INTO `fpr_fprule` (`replaces_id`, `enabled`, `lastmodified`, `uuid`, `purpose`, `command_id`, `format_id`, `count_attempts`, `count_okay`, `count_not_okay`) VALUES (NULL, 1, '2014-07-11 23:29:17', '25eb2b26-eeaf-472c-b116-a8537000e2fc', 'characterization', '99d5f508-7733-4e86-883f-bd6abc3fbac7', 'cbea4c7e-6131-44c1-b236-c8f577661b84', 0, 0, 0);
INSERT INTO `fpr_fprule` (`replaces_id`, `enabled`, `lastmodified`, `uuid`, `purpose`, `command_id`, `format_id`, `count_attempts`, `count_okay`, `count_not_okay`) VALUES (NULL, 1, '2014-07-11 23:29:17', 'ff3cb7bf-eef9-4f97-9d8e-039c4c2e90a9', 'characterization', '99d5f508-7733-4e86-883f-bd6abc3fbac7', '430bf2ba-b237-4738-b31d-7d4c5739bd44', 0, 0, 0);
INSERT INTO `fpr_fprule` (`replaces_id`, `enabled`, `lastmodified`, `uuid`, `purpose`, `command_id`, `format_id`, `count_attempts`, `count_okay`, `count_not_okay`) VALUES (NULL, 1, '2014-07-11 23:29:17', '48164974-1974-4030-b73e-04c4d5138153', 'characterization', '99d5f508-7733-4e86-883f-bd6abc3fbac7', '35b70d63-d3a6-43d5-85cd-a174f36a5f6a', 0, 0, 0);
INSERT INTO `fpr_fprule` (`replaces_id`, `enabled`, `lastmodified`, `uuid`, `purpose`, `command_id`, `format_id`, `count_attempts`, `count_okay`, `count_not_okay`) VALUES (NULL, 1, '2014-07-11 23:29:17', 'bf952450-217b-4b94-9297-24cdf0a4edcd', 'characterization', '99d5f508-7733-4e86-883f-bd6abc3fbac7', '869fb668-65b6-4f67-a66b-a66d95e33932', 0, 0, 0);
INSERT INTO `fpr_fprule` (`replaces_id`, `enabled`, `lastmodified`, `uuid`, `purpose`, `command_id`, `format_id`, `count_attempts`, `count_okay`, `count_not_okay`) VALUES (NULL, 1, '2014-07-11 23:29:17', '90526e65-3248-46aa-b501-7a044e8e50dc', 'characterization', '99d5f508-7733-4e86-883f-bd6abc3fbac7', '6ad6b8e1-0fc5-46ac-8531-28dbf5fe33c4', 0, 0, 0);
INSERT INTO `fpr_fprule` (`replaces_id`, `enabled`, `lastmodified`, `uuid`, `purpose`, `command_id`, `format_id`, `count_attempts`, `count_okay`, `count_not_okay`) VALUES (NULL, 1, '2014-07-11 23:29:17', '48fe07a4-c067-45af-b665-cf078a21f5d7', 'characterization', '99d5f508-7733-4e86-883f-bd6abc3fbac7', '70e7e501-a18c-4e82-9ef4-c0f7a4b03c13', 0, 0, 0);
INSERT INTO `fpr_fprule` (`replaces_id`, `enabled`, `lastmodified`, `uuid`, `purpose`, `command_id`, `format_id`, `count_attempts`, `count_okay`, `count_not_okay`) VALUES (NULL, 1, '2014-07-11 23:29:17', '27b18d9c-b805-4a20-a2e6-fcff85cd82d5', 'characterization', '99d5f508-7733-4e86-883f-bd6abc3fbac7', '08381e33-9fa2-43aa-b00a-c44cd8983e36', 0, 0, 0);
INSERT INTO `fpr_fprule` (`replaces_id`, `enabled`, `lastmodified`, `uuid`, `purpose`, `command_id`, `format_id`, `count_attempts`, `count_okay`, `count_not_okay`) VALUES (NULL, 1, '2014-07-11 23:29:17', 'fa23d9ca-a6dc-46ae-8142-766afb9ebdf3', 'characterization', '99d5f508-7733-4e86-883f-bd6abc3fbac7', 'de098228-88e7-43c0-ad5c-6c5d088a4058', 0, 0, 0);
INSERT INTO `fpr_fprule` (`replaces_id`, `enabled`, `lastmodified`, `uuid`, `purpose`, `command_id`, `format_id`, `count_attempts`, `count_okay`, `count_not_okay`) VALUES (NULL, 1, '2014-07-11 23:29:17', '193d8906-bfca-4e43-9f98-47a0a9c5afcd', 'characterization', '99d5f508-7733-4e86-883f-bd6abc3fbac7', 'd019406a-2eaa-481d-9ba5-8a46983a3bfc', 0, 0, 0);
INSERT INTO `fpr_fprule` (`replaces_id`, `enabled`, `lastmodified`, `uuid`, `purpose`, `command_id`, `format_id`, `count_attempts`, `count_okay`, `count_not_okay`) VALUES (NULL, 1, '2014-07-11 23:29:17', 'd3019440-11a9-4f4b-b385-c913d8e19531', 'characterization', '99d5f508-7733-4e86-883f-bd6abc3fbac7', '95d9865d-544e-4d11-a9f2-2cf9d16c4fb5', 0, 0, 0);
INSERT INTO `fpr_fprule` (`replaces_id`, `enabled`, `lastmodified`, `uuid`, `purpose`, `command_id`, `format_id`, `count_attempts`, `count_okay`, `count_not_okay`) VALUES (NULL, 1, '2014-07-11 23:29:17', '4078a895-e15d-4e98-923b-352bd3d3b248', 'characterization', '99d5f508-7733-4e86-883f-bd6abc3fbac7', '9ec1b7e1-d0ec-4fa1-8ac1-f92fe3621fb3', 0, 0, 0);
INSERT INTO `fpr_fprule` (`replaces_id`, `enabled`, `lastmodified`, `uuid`, `purpose`, `command_id`, `format_id`, `count_attempts`, `count_okay`, `count_not_okay`) VALUES (NULL, 1, '2014-07-11 23:29:17', 'df76a4b2-415b-48e0-886e-e9804fcb2638', 'characterization', '99d5f508-7733-4e86-883f-bd6abc3fbac7', 'ababbbb3-e249-47f5-ae4f-8459380246ec', 0, 0, 0);
INSERT INTO `fpr_fprule` (`replaces_id`, `enabled`, `lastmodified`, `uuid`, `purpose`, `command_id`, `format_id`, `count_attempts`, `count_okay`, `count_not_okay`) VALUES (NULL, 1, '2014-07-11 23:29:17', '00559749-6bd8-45f1-9c53-c31eeafa2d50', 'characterization', '99d5f508-7733-4e86-883f-bd6abc3fbac7', '2ebdfa17-2257-49f8-8035-5f304bb46918', 0, 0, 0);
INSERT INTO `fpr_fprule` (`replaces_id`, `enabled`, `lastmodified`, `uuid`, `purpose`, `command_id`, `format_id`, `count_attempts`, `count_okay`, `count_not_okay`) VALUES (NULL, 1, '2014-07-11 23:29:17', 'c3d21667-c387-49aa-8481-b86b18ca6d4b', 'characterization', '99d5f508-7733-4e86-883f-bd6abc3fbac7', '57fdad94-a1c3-4711-bf37-8a3da2e68550', 0, 0, 0);
INSERT INTO `fpr_fprule` (`replaces_id`, `enabled`, `lastmodified`, `uuid`, `purpose`, `command_id`, `format_id`, `count_attempts`, `count_okay`, `count_not_okay`) VALUES (NULL, 1, '2014-07-11 23:29:17', '3e138c92-8238-4a15-b99b-9b26803fde5c', 'characterization', '99d5f508-7733-4e86-883f-bd6abc3fbac7', '9bd6b33e-b1b4-4e6f-b497-f05dc919e3ce', 0, 0, 0);
INSERT INTO `fpr_fprule` (`replaces_id`, `enabled`, `lastmodified`, `uuid`, `purpose`, `command_id`, `format_id`, `count_attempts`, `count_okay`, `count_not_okay`) VALUES (NULL, 1, '2014-07-11 23:29:17', 'b15b5216-8482-44b7-8ca4-7af81fa50e59', 'characterization', '99d5f508-7733-4e86-883f-bd6abc3fbac7', '4895b264-e244-4344-8783-824e4b3401b0', 0, 0, 0);
INSERT INTO `fpr_fprule` (`replaces_id`, `enabled`, `lastmodified`, `uuid`, `purpose`, `command_id`, `format_id`, `count_attempts`, `count_okay`, `count_not_okay`) VALUES (NULL, 1, '2014-07-11 23:29:17', '4067207b-86c6-4c79-b7e1-09627efdec9a', 'characterization', '99d5f508-7733-4e86-883f-bd6abc3fbac7', '0cef1d24-08ac-48ca-992e-7d4aaa8e889e', 0, 0, 0);
INSERT INTO `fpr_fprule` (`replaces_id`, `enabled`, `lastmodified`, `uuid`, `purpose`, `command_id`, `format_id`, `count_attempts`, `count_okay`, `count_not_okay`) VALUES (NULL, 1, '2014-07-11 23:29:17', 'f5beac82-69bf-4edd-b854-6362b62e26c0', 'characterization', '99d5f508-7733-4e86-883f-bd6abc3fbac7', '89d98ee9-c396-43d6-b14e-a4c31f71da0a', 0, 0, 0);
INSERT INTO `fpr_fprule` (`replaces_id`, `enabled`, `lastmodified`, `uuid`, `purpose`, `command_id`, `format_id`, `count_attempts`, `count_okay`, `count_not_okay`) VALUES (NULL, 1, '2014-07-11 23:29:17', '5a5298a8-326a-4d35-8d88-918f7a399043', 'characterization', '99d5f508-7733-4e86-883f-bd6abc3fbac7', 'f2055ccf-cad2-4a17-84ef-d89b99ec20e8', 0, 0, 0);
INSERT INTO `fpr_fprule` (`replaces_id`, `enabled`, `lastmodified`, `uuid`, `purpose`, `command_id`, `format_id`, `count_attempts`, `count_okay`, `count_not_okay`) VALUES (NULL, 1, '2014-07-11 23:29:17', 'f5457ecc-ea60-4b45-8eb2-599f1385944f', 'characterization', '99d5f508-7733-4e86-883f-bd6abc3fbac7', 'fc858c54-11d6-4711-9109-140cf415bbe3', 0, 0, 0);
INSERT INTO `fpr_fprule` (`replaces_id`, `enabled`, `lastmodified`, `uuid`, `purpose`, `command_id`, `format_id`, `count_attempts`, `count_okay`, `count_not_okay`) VALUES (NULL, 1, '2014-07-11 23:29:17', '3d52edca-71d0-4833-a03d-ea43b80d9b3e', 'characterization', '99d5f508-7733-4e86-883f-bd6abc3fbac7', '2d822ca8-7938-44ef-a54d-6a4d54581e84', 0, 0, 0);
INSERT INTO `fpr_fprule` (`replaces_id`, `enabled`, `lastmodified`, `uuid`, `purpose`, `command_id`, `format_id`, `count_attempts`, `count_okay`, `count_not_okay`) VALUES (NULL, 1, '2014-07-11 23:29:17', '94585b2b-747c-4d3a-9a3f-df370e65a767', 'characterization', '99d5f508-7733-4e86-883f-bd6abc3fbac7', '361f2360-8c05-4db5-b8d1-6a0e1e3c5c3b', 0, 0, 0);
INSERT INTO `fpr_fprule` (`replaces_id`, `enabled`, `lastmodified`, `uuid`, `purpose`, `command_id`, `format_id`, `count_attempts`, `count_okay`, `count_not_okay`) VALUES (NULL, 1, '2014-07-11 23:29:17', 'a6ff22a1-2230-4b51-b6f7-ee5b075c5721', 'characterization', '99d5f508-7733-4e86-883f-bd6abc3fbac7', 'ad7d3eff-23e2-4e5c-afe3-7fa11d6c8024', 0, 0, 0);
INSERT INTO `fpr_fprule` (`replaces_id`, `enabled`, `lastmodified`, `uuid`, `purpose`, `command_id`, `format_id`, `count_attempts`, `count_okay`, `count_not_okay`) VALUES (NULL, 1, '2014-07-11 23:29:17', 'ea17b97b-2561-4f13-b145-ded58364f0d9', 'characterization', '99d5f508-7733-4e86-883f-bd6abc3fbac7', '688c840a-764d-4b18-84de-83f24aabade9', 0, 0, 0);
INSERT INTO `fpr_fprule` (`replaces_id`, `enabled`, `lastmodified`, `uuid`, `purpose`, `command_id`, `format_id`, `count_attempts`, `count_okay`, `count_not_okay`) VALUES (NULL, 1, '2014-07-11 23:29:17', '990ed344-eb06-4f95-a9ee-eb0535fea3ab', 'characterization', '99d5f508-7733-4e86-883f-bd6abc3fbac7', 'da984f58-f056-4c2a-bad6-f7c8db0fcf6b', 0, 0, 0);
INSERT INTO `fpr_fprule` (`replaces_id`, `enabled`, `lastmodified`, `uuid`, `purpose`, `command_id`, `format_id`, `count_attempts`, `count_okay`, `count_not_okay`) VALUES (NULL, 1, '2014-07-11 23:29:17', '7e879adb-70da-47b1-be6a-dc61f8d8fd1f', 'characterization', '99d5f508-7733-4e86-883f-bd6abc3fbac7', 'c4cd7a15-ea93-4777-a0b1-3614794025c1', 0, 0, 0);
INSERT INTO `fpr_fprule` (`replaces_id`, `enabled`, `lastmodified`, `uuid`, `purpose`, `command_id`, `format_id`, `count_attempts`, `count_okay`, `count_not_okay`) VALUES (NULL, 1, '2014-07-11 23:29:17', '3876da6b-cd49-4d60-8515-0e899705b5b1', 'characterization', '99d5f508-7733-4e86-883f-bd6abc3fbac7', '14371c4d-68b3-45d7-8cd2-692b76fea335', 0, 0, 0);
INSERT INTO `fpr_fprule` (`replaces_id`, `enabled`, `lastmodified`, `uuid`, `purpose`, `command_id`, `format_id`, `count_attempts`, `count_okay`, `count_not_okay`) VALUES (NULL, 1, '2014-07-11 23:29:17', '819f58bd-30f3-40cf-b6c1-c21db3a95f75', 'characterization', '99d5f508-7733-4e86-883f-bd6abc3fbac7', '36800d63-1bb5-4324-ba8c-90e222eeddbc', 0, 0, 0);
INSERT INTO `fpr_fprule` (`replaces_id`, `enabled`, `lastmodified`, `uuid`, `purpose`, `command_id`, `format_id`, `count_attempts`, `count_okay`, `count_not_okay`) VALUES (NULL, 1, '2014-07-11 23:29:17', '54ca002f-86b3-441c-bfb4-d12964f4c80f', 'characterization', '99d5f508-7733-4e86-883f-bd6abc3fbac7', '689082bf-c0b5-4a5b-ab5a-17759ec7e5cf', 0, 0, 0);
INSERT INTO `fpr_fprule` (`replaces_id`, `enabled`, `lastmodified`, `uuid`, `purpose`, `command_id`, `format_id`, `count_attempts`, `count_okay`, `count_not_okay`) VALUES (NULL, 1, '2014-07-11 23:29:17', 'f6dae0ce-a62d-4ec6-ac97-6f56fe33d398', 'characterization', '99d5f508-7733-4e86-883f-bd6abc3fbac7', 'dd5e98bb-535a-4f57-ae60-0d5e28c9940b', 0, 0, 0);
INSERT INTO `fpr_fprule` (`replaces_id`, `enabled`, `lastmodified`, `uuid`, `purpose`, `command_id`, `format_id`, `count_attempts`, `count_okay`, `count_not_okay`) VALUES (NULL, 1, '2014-07-11 23:29:17', '857a7515-a581-428f-98c7-7249782b66b5', 'characterization', '99d5f508-7733-4e86-883f-bd6abc3fbac7', '5a039206-6ac9-4b9a-a75a-2e57f599a482', 0, 0, 0);
INSERT INTO `fpr_fprule` (`replaces_id`, `enabled`, `lastmodified`, `uuid`, `purpose`, `command_id`, `format_id`, `count_attempts`, `count_okay`, `count_not_okay`) VALUES (NULL, 1, '2014-07-11 23:29:17', '7937d72a-5503-4a1d-9ac1-f2ffae96d464', 'characterization', '99d5f508-7733-4e86-883f-bd6abc3fbac7', 'e0ababbd-4e21-4690-9073-283434f4099b', 0, 0, 0);
INSERT INTO `fpr_fprule` (`replaces_id`, `enabled`, `lastmodified`, `uuid`, `purpose`, `command_id`, `format_id`, `count_attempts`, `count_okay`, `count_not_okay`) VALUES (NULL, 1, '2014-07-11 23:29:17', '0728266d-675a-4ec0-a631-611d2c402c9c', 'characterization', '99d5f508-7733-4e86-883f-bd6abc3fbac7', '94ff9390-b748-4fd1-80bb-c35a9405f787', 0, 0, 0);
INSERT INTO `fpr_fprule` (`replaces_id`, `enabled`, `lastmodified`, `uuid`, `purpose`, `command_id`, `format_id`, `count_attempts`, `count_okay`, `count_not_okay`) VALUES (NULL, 1, '2014-07-11 23:29:17', '2c70794d-68d5-4cf4-964c-d3d026063c77', 'characterization', '99d5f508-7733-4e86-883f-bd6abc3fbac7', 'f234e581-079c-4195-a16a-a3e5cfeb543c', 0, 0, 0);
INSERT INTO `fpr_fprule` (`replaces_id`, `enabled`, `lastmodified`, `uuid`, `purpose`, `command_id`, `format_id`, `count_attempts`, `count_okay`, `count_not_okay`) VALUES (NULL, 1, '2014-07-11 23:29:17', '3f42bcb4-4ce5-4050-a300-580ecfe27d57', 'characterization', '99d5f508-7733-4e86-883f-bd6abc3fbac7', 'eb19d8dd-7532-4902-bbdc-637cb96d47ef', 0, 0, 0);
INSERT INTO `fpr_fprule` (`replaces_id`, `enabled`, `lastmodified`, `uuid`, `purpose`, `command_id`, `format_id`, `count_attempts`, `count_okay`, `count_not_okay`) VALUES (NULL, 1, '2014-07-11 23:29:17', '9d552317-937c-4f4b-a610-feedc0f14f02', 'characterization', '99d5f508-7733-4e86-883f-bd6abc3fbac7', 'cfe6231d-ad61-4599-9e22-0f210ef09cc8', 0, 0, 0);
INSERT INTO `fpr_fprule` (`replaces_id`, `enabled`, `lastmodified`, `uuid`, `purpose`, `command_id`, `format_id`, `count_attempts`, `count_okay`, `count_not_okay`) VALUES (NULL, 1, '2014-07-11 23:29:17', '01df4828-0315-4f5f-8b68-a4e321724f25', 'characterization', '99d5f508-7733-4e86-883f-bd6abc3fbac7', '7678e3b3-736b-4c5f-8e59-59e309a6b9d6', 0, 0, 0);
INSERT INTO `fpr_fprule` (`replaces_id`, `enabled`, `lastmodified`, `uuid`, `purpose`, `command_id`, `format_id`, `count_attempts`, `count_okay`, `count_not_okay`) VALUES (NULL, 1, '2014-07-11 23:29:17', 'cdcb72d0-b3b5-464e-8305-4d9ef94afc05', 'characterization', '99d5f508-7733-4e86-883f-bd6abc3fbac7', '187c191e-a9bf-4479-88ff-5ae470f57651', 0, 0, 0);
INSERT INTO `fpr_fprule` (`replaces_id`, `enabled`, `lastmodified`, `uuid`, `purpose`, `command_id`, `format_id`, `count_attempts`, `count_okay`, `count_not_okay`) VALUES (NULL, 1, '2014-07-11 23:29:17', 'a5d76efd-4003-4eac-a6a9-9f57e9218484', 'characterization', '99d5f508-7733-4e86-883f-bd6abc3fbac7', 'f4e7f4e8-101c-43bc-b39c-8045ea3b4959', 0, 0, 0);
INSERT INTO `fpr_fprule` (`replaces_id`, `enabled`, `lastmodified`, `uuid`, `purpose`, `command_id`, `format_id`, `count_attempts`, `count_okay`, `count_not_okay`) VALUES (NULL, 1, '2014-07-11 23:29:17', 'd5073552-14be-4cef-af08-f7b48066f55d', 'characterization', '99d5f508-7733-4e86-883f-bd6abc3fbac7', '57664181-74cb-408c-a73b-74acd90b5a26', 0, 0, 0);
INSERT INTO `fpr_fprule` (`replaces_id`, `enabled`, `lastmodified`, `uuid`, `purpose`, `command_id`, `format_id`, `count_attempts`, `count_okay`, `count_not_okay`) VALUES (NULL, 1, '2014-07-11 23:29:17', 'be90026a-dd20-4f89-8385-799127112409', 'characterization', '99d5f508-7733-4e86-883f-bd6abc3fbac7', '2edf82d5-f860-44ea-9f5d-852f0097f430', 0, 0, 0);
INSERT INTO `fpr_fprule` (`replaces_id`, `enabled`, `lastmodified`, `uuid`, `purpose`, `command_id`, `format_id`, `count_attempts`, `count_okay`, `count_not_okay`) VALUES (NULL, 1, '2014-07-11 23:29:17', 'fe397fba-aea0-4d18-889f-11d703f671b2', 'characterization', '99d5f508-7733-4e86-883f-bd6abc3fbac7', '3f24b80e-eb8c-4da2-8ab9-f339091be42a', 0, 0, 0);
INSERT INTO `fpr_fprule` (`replaces_id`, `enabled`, `lastmodified`, `uuid`, `purpose`, `command_id`, `format_id`, `count_attempts`, `count_okay`, `count_not_okay`) VALUES (NULL, 1, '2014-07-11 23:29:17', 'ebb6c54f-45db-4b23-a428-ef89cb326cbc', 'characterization', '99d5f508-7733-4e86-883f-bd6abc3fbac7', '67696293-1d77-40c6-92ac-9681d28c03a0', 0, 0, 0);
INSERT INTO `fpr_fprule` (`replaces_id`, `enabled`, `lastmodified`, `uuid`, `purpose`, `command_id`, `format_id`, `count_attempts`, `count_okay`, `count_not_okay`) VALUES (NULL, 1, '2014-07-11 23:29:17', 'e11b53a7-d09a-47b2-8039-6c7df19b2b4c', 'characterization', '99d5f508-7733-4e86-883f-bd6abc3fbac7', 'bbbab01f-4e15-4218-84d7-59be307fceed', 0, 0, 0);
INSERT INTO `fpr_fprule` (`replaces_id`, `enabled`, `lastmodified`, `uuid`, `purpose`, `command_id`, `format_id`, `count_attempts`, `count_okay`, `count_not_okay`) VALUES (NULL, 1, '2014-07-11 23:29:17', '84772dbc-7276-49a6-8342-aac92200269f', 'characterization', '99d5f508-7733-4e86-883f-bd6abc3fbac7', 'db58e33f-07de-42bd-a6e8-5a9283cb6ba1', 0, 0, 0);
INSERT INTO `fpr_fprule` (`replaces_id`, `enabled`, `lastmodified`, `uuid`, `purpose`, `command_id`, `format_id`, `count_attempts`, `count_okay`, `count_not_okay`) VALUES (NULL, 1, '2014-07-11 23:29:18', '47d5d757-8955-4371-a456-bba082538d0e', 'characterization', '99d5f508-7733-4e86-883f-bd6abc3fbac7', '386eebd9-e49f-40f4-9a32-5597f0aa6c8f', 0, 0, 0);
INSERT INTO `fpr_fprule` (`replaces_id`, `enabled`, `lastmodified`, `uuid`, `purpose`, `command_id`, `format_id`, `count_attempts`, `count_okay`, `count_not_okay`) VALUES (NULL, 1, '2014-07-11 23:29:18', '37de7a7d-444e-486a-8d15-97e5077b3804', 'characterization', '99d5f508-7733-4e86-883f-bd6abc3fbac7', 'c7d303e6-5327-488f-b7a9-a8841281f8ac', 0, 0, 0);
INSERT INTO `fpr_fprule` (`replaces_id`, `enabled`, `lastmodified`, `uuid`, `purpose`, `command_id`, `format_id`, `count_attempts`, `count_okay`, `count_not_okay`) VALUES (NULL, 1, '2014-07-11 23:29:18', '3c47239d-88de-426d-aabb-72f26f2abf7e', 'characterization', '99d5f508-7733-4e86-883f-bd6abc3fbac7', 'e5b8b310-b560-4d7d-908e-8c9ed1fc8a4b', 0, 0, 0);
INSERT INTO `fpr_fprule` (`replaces_id`, `enabled`, `lastmodified`, `uuid`, `purpose`, `command_id`, `format_id`, `count_attempts`, `count_okay`, `count_not_okay`) VALUES (NULL, 1, '2014-07-11 23:29:18', 'd2475aa2-976d-4c5d-b78e-2d397c048fe1', 'characterization', '99d5f508-7733-4e86-883f-bd6abc3fbac7', '7455b3d2-0beb-472b-b241-2a077d3d5a8e', 0, 0, 0);
INSERT INTO `fpr_fprule` (`replaces_id`, `enabled`, `lastmodified`, `uuid`, `purpose`, `command_id`, `format_id`, `count_attempts`, `count_okay`, `count_not_okay`) VALUES (NULL, 1, '2014-07-11 23:29:18', 'fe9208bf-d083-47dd-bb92-e843727cb46e', 'characterization', '99d5f508-7733-4e86-883f-bd6abc3fbac7', '4732272f-f8fc-4840-bf97-3fae23785b2d', 0, 0, 0);
INSERT INTO `fpr_fprule` (`replaces_id`, `enabled`, `lastmodified`, `uuid`, `purpose`, `command_id`, `format_id`, `count_attempts`, `count_okay`, `count_not_okay`) VALUES (NULL, 1, '2014-07-11 23:29:18', '93c609d8-e594-4af8-8344-8320e43dff70', 'characterization', '99d5f508-7733-4e86-883f-bd6abc3fbac7', '11c9ede7-2b4c-48be-a085-720396d3eebe', 0, 0, 0);
INSERT INTO `fpr_fprule` (`replaces_id`, `enabled`, `lastmodified`, `uuid`, `purpose`, `command_id`, `format_id`, `count_attempts`, `count_okay`, `count_not_okay`) VALUES (NULL, 1, '2014-07-11 23:29:18', '348f7775-9a2d-4b26-8a17-9a74f1123ef6', 'characterization', '99d5f508-7733-4e86-883f-bd6abc3fbac7', '7749752e-4a9a-4313-8a27-85e7dc1e70f2', 0, 0, 0);
INSERT INTO `fpr_fprule` (`replaces_id`, `enabled`, `lastmodified`, `uuid`, `purpose`, `command_id`, `format_id`, `count_attempts`, `count_okay`, `count_not_okay`) VALUES (NULL, 1, '2014-07-11 23:29:18', '8869a155-9a07-4975-8f00-cb599b34128d', 'characterization', '114c9525-d676-4fac-9962-4672faa924bb', 'bf3ed8b1-d035-457b-a2e0-4dffd216b4b3', 0, 0, 0);
INSERT INTO `fpr_fprule` (`replaces_id`, `enabled`, `lastmodified`, `uuid`, `purpose`, `command_id`, `format_id`, `count_attempts`, `count_okay`, `count_not_okay`) VALUES (NULL, 1, '2014-07-11 23:29:18', '8afbef9d-6f54-466d-b84c-e24c1cf8c614', 'characterization', '114c9525-d676-4fac-9962-4672faa924bb', 'adc3b632-2c46-4426-b08b-39e02061ea18', 0, 0, 0);
INSERT INTO `fpr_fprule` (`replaces_id`, `enabled`, `lastmodified`, `uuid`, `purpose`, `command_id`, `format_id`, `count_attempts`, `count_okay`, `count_not_okay`) VALUES (NULL, 1, '2014-07-11 23:29:18', '63c4228f-157b-4780-9576-0c888e129742', 'characterization', '114c9525-d676-4fac-9962-4672faa924bb', '4fdd74df-b854-4491-8f93-cc25591fb080', 0, 0, 0);
INSERT INTO `fpr_fprule` (`replaces_id`, `enabled`, `lastmodified`, `uuid`, `purpose`, `command_id`, `format_id`, `count_attempts`, `count_okay`, `count_not_okay`) VALUES (NULL, 1, '2014-07-11 23:29:18', '1bd2726d-5c2f-46c6-a0ff-81456faed9dc', 'characterization', '114c9525-d676-4fac-9962-4672faa924bb', '22972e34-22a2-44a0-9cd6-bbc5a2117570', 0, 0, 0);
INSERT INTO `fpr_fprule` (`replaces_id`, `enabled`, `lastmodified`, `uuid`, `purpose`, `command_id`, `format_id`, `count_attempts`, `count_okay`, `count_not_okay`) VALUES (NULL, 1, '2014-07-11 23:29:18', '5345cd96-b172-4740-a6a1-480783edc3d7', 'characterization', '114c9525-d676-4fac-9962-4672faa924bb', 'f19ba808-a43f-47f2-9f94-e69404de3488', 0, 0, 0);
INSERT INTO `fpr_fprule` (`replaces_id`, `enabled`, `lastmodified`, `uuid`, `purpose`, `command_id`, `format_id`, `count_attempts`, `count_okay`, `count_not_okay`) VALUES (NULL, 1, '2014-07-11 23:29:18', '3e303ab8-fd8c-4820-92a7-f502f2145c30', 'characterization', '114c9525-d676-4fac-9962-4672faa924bb', '417ee256-6335-43d1-9030-2b0f4d6a3edc', 0, 0, 0);
INSERT INTO `fpr_fprule` (`replaces_id`, `enabled`, `lastmodified`, `uuid`, `purpose`, `command_id`, `format_id`, `count_attempts`, `count_okay`, `count_not_okay`) VALUES (NULL, 1, '2014-07-11 23:29:18', 'dad084e5-8993-4d02-bcd7-f8429c13d272', 'characterization', '114c9525-d676-4fac-9962-4672faa924bb', '46607825-0ae8-4caa-a08d-58627cd20391', 0, 0, 0);
INSERT INTO `fpr_fprule` (`replaces_id`, `enabled`, `lastmodified`, `uuid`, `purpose`, `command_id`, `format_id`, `count_attempts`, `count_okay`, `count_not_okay`) VALUES (NULL, 1, '2014-07-11 23:29:18', 'af0dc1af-841a-462c-bc3f-d7c2dcdf9dbd', 'characterization', '114c9525-d676-4fac-9962-4672faa924bb', 'bc43bf48-c533-4349-9474-ec0b4f8d9758', 0, 0, 0);
INSERT INTO `fpr_fprule` (`replaces_id`, `enabled`, `lastmodified`, `uuid`, `purpose`, `command_id`, `format_id`, `count_attempts`, `count_okay`, `count_not_okay`) VALUES (NULL, 1, '2014-07-11 23:29:18', 'dd31e734-226c-4849-8dee-36e3b398e2e0', 'characterization', '114c9525-d676-4fac-9962-4672faa924bb', '082f3282-8331-4da4-b452-632b17e90d66', 0, 0, 0);
INSERT INTO `fpr_fprule` (`replaces_id`, `enabled`, `lastmodified`, `uuid`, `purpose`, `command_id`, `format_id`, `count_attempts`, `count_okay`, `count_not_okay`) VALUES (NULL, 1, '2014-07-11 23:29:18', 'd4b516e7-e3d8-438b-8443-89bbe7c05cb9', 'characterization', '114c9525-d676-4fac-9962-4672faa924bb', '6370b72f-4caa-4d90-abc6-4816c8a0a603', 0, 0, 0);
INSERT INTO `fpr_fprule` (`replaces_id`, `enabled`, `lastmodified`, `uuid`, `purpose`, `command_id`, `format_id`, `count_attempts`, `count_okay`, `count_not_okay`) VALUES (NULL, 1, '2014-07-11 23:29:18', '1ff33b7c-45eb-40a1-ad4d-075bdad91ff7', 'characterization', '114c9525-d676-4fac-9962-4672faa924bb', '8943dfdc-2b37-47df-b00f-76472e92e56d', 0, 0, 0);
INSERT INTO `fpr_fprule` (`replaces_id`, `enabled`, `lastmodified`, `uuid`, `purpose`, `command_id`, `format_id`, `count_attempts`, `count_okay`, `count_not_okay`) VALUES (NULL, 1, '2014-07-11 23:29:18', '9a5a2f83-49bc-4290-84df-86d8f376fc5b', 'characterization', '114c9525-d676-4fac-9962-4672faa924bb', 'c5317c4a-0bc0-4e8c-9993-e714d751fe26', 0, 0, 0);
INSERT INTO `fpr_fprule` (`replaces_id`, `enabled`, `lastmodified`, `uuid`, `purpose`, `command_id`, `format_id`, `count_attempts`, `count_okay`, `count_not_okay`) VALUES (NULL, 1, '2014-07-11 23:29:18', '9885eca6-ab04-4718-9e6d-b849802e409d', 'characterization', '114c9525-d676-4fac-9962-4672faa924bb', '65abf90e-5700-45cb-86c0-787a496e6d08', 0, 0, 0);
INSERT INTO `fpr_fprule` (`replaces_id`, `enabled`, `lastmodified`, `uuid`, `purpose`, `command_id`, `format_id`, `count_attempts`, `count_okay`, `count_not_okay`) VALUES (NULL, 1, '2014-07-11 23:29:18', '142ba3f9-4038-4cb4-8ee7-7956d2b0270c', 'characterization', '114c9525-d676-4fac-9962-4672faa924bb', '43d60a83-929a-45b4-9197-46177f85d095', 0, 0, 0);
INSERT INTO `fpr_fprule` (`replaces_id`, `enabled`, `lastmodified`, `uuid`, `purpose`, `command_id`, `format_id`, `count_attempts`, `count_okay`, `count_not_okay`) VALUES (NULL, 1, '2014-07-11 23:29:18', '4193833d-db0e-4872-b9af-6b8efc4c9a30', 'characterization', '114c9525-d676-4fac-9962-4672faa924bb', 'b4059528-64c7-4eab-bbc2-0d1d3ced0f79', 0, 0, 0);
INSERT INTO `fpr_fprule` (`replaces_id`, `enabled`, `lastmodified`, `uuid`, `purpose`, `command_id`, `format_id`, `count_attempts`, `count_okay`, `count_not_okay`) VALUES (NULL, 1, '2014-07-11 23:29:18', 'c8c526a4-5216-4100-a83e-8745639dd9de', 'characterization', '114c9525-d676-4fac-9962-4672faa924bb', 'ffb55e9a-29f1-4276-a9a5-5ef813229b79', 0, 0, 0);
INSERT INTO `fpr_fprule` (`replaces_id`, `enabled`, `lastmodified`, `uuid`, `purpose`, `command_id`, `format_id`, `count_attempts`, `count_okay`, `count_not_okay`) VALUES (NULL, 1, '2014-07-11 23:29:18', 'da7c114b-efcc-4ab3-b59f-995306deb57e', 'characterization', '114c9525-d676-4fac-9962-4672faa924bb', '734edb99-968d-42fc-9fc6-342b86fcb6e6', 0, 0, 0);
INSERT INTO `fpr_fprule` (`replaces_id`, `enabled`, `lastmodified`, `uuid`, `purpose`, `command_id`, `format_id`, `count_attempts`, `count_okay`, `count_not_okay`) VALUES (NULL, 1, '2014-07-11 23:29:18', '44f1de03-ed37-4303-baec-61ab8b4037f2', 'characterization', '114c9525-d676-4fac-9962-4672faa924bb', 'c95e5c2e-d5e9-44b0-b891-93bceadeabcf', 0, 0, 0);
INSERT INTO `fpr_fprule` (`replaces_id`, `enabled`, `lastmodified`, `uuid`, `purpose`, `command_id`, `format_id`, `count_attempts`, `count_okay`, `count_not_okay`) VALUES (NULL, 1, '2014-07-11 23:29:18', 'dc46833b-a135-4a7f-bf1d-5dfb83748f8d', 'characterization', '114c9525-d676-4fac-9962-4672faa924bb', '05f1242e-127d-4eec-826c-f89571d0283f', 0, 0, 0);
INSERT INTO `fpr_fprule` (`replaces_id`, `enabled`, `lastmodified`, `uuid`, `purpose`, `command_id`, `format_id`, `count_attempts`, `count_okay`, `count_not_okay`) VALUES (NULL, 1, '2014-07-11 23:29:18', '664b5fb0-f747-4ada-810d-7c9c44aa1d25', 'characterization', '114c9525-d676-4fac-9962-4672faa924bb', '01fac958-274d-41ef-978f-d9cf711b3c4a', 0, 0, 0);
INSERT INTO `fpr_fprule` (`replaces_id`, `enabled`, `lastmodified`, `uuid`, `purpose`, `command_id`, `format_id`, `count_attempts`, `count_okay`, `count_not_okay`) VALUES (NULL, 1, '2014-07-11 23:29:18', '690ba225-1241-4db0-b0b9-2e1c2f155737', 'characterization', '114c9525-d676-4fac-9962-4672faa924bb', '8dbbb65a-e3a1-46a7-afe3-6378cd35f131', 0, 0, 0);
INSERT INTO `fpr_fprule` (`replaces_id`, `enabled`, `lastmodified`, `uuid`, `purpose`, `command_id`, `format_id`, `count_attempts`, `count_okay`, `count_not_okay`) VALUES (NULL, 1, '2014-07-11 23:29:18', '86441f3e-d0ac-40c0-917a-cc98be41e3a3', 'characterization', '114c9525-d676-4fac-9962-4672faa924bb', '01ccc0d6-0166-49d4-8e6e-fe0f7db914a5', 0, 0, 0);
INSERT INTO `fpr_fprule` (`replaces_id`, `enabled`, `lastmodified`, `uuid`, `purpose`, `command_id`, `format_id`, `count_attempts`, `count_okay`, `count_not_okay`) VALUES (NULL, 1, '2014-07-11 23:29:18', 'c0832e2d-8cef-4a30-9b0d-8e38763f6494', 'characterization', '114c9525-d676-4fac-9962-4672faa924bb', 'c5093f5f-1fa0-4f55-aea7-cdcaa7cf4b6c', 0, 0, 0);
INSERT INTO `fpr_fprule` (`replaces_id`, `enabled`, `lastmodified`, `uuid`, `purpose`, `command_id`, `format_id`, `count_attempts`, `count_okay`, `count_not_okay`) VALUES (NULL, 1, '2014-07-11 23:29:18', '4ae35475-e109-4073-805f-147dc313ad7a', 'characterization', '114c9525-d676-4fac-9962-4672faa924bb', 'e2930d0a-6e5a-4ece-8966-597f1b3b160b', 0, 0, 0);
INSERT INTO `fpr_fprule` (`replaces_id`, `enabled`, `lastmodified`, `uuid`, `purpose`, `command_id`, `format_id`, `count_attempts`, `count_okay`, `count_not_okay`) VALUES (NULL, 1, '2014-07-11 23:29:18', 'facdc95b-c8a3-4811-87ff-b500f549378d', 'characterization', '114c9525-d676-4fac-9962-4672faa924bb', '9cdb9fd6-b23e-457c-862a-0341649c939e', 0, 0, 0);
INSERT INTO `fpr_fprule` (`replaces_id`, `enabled`, `lastmodified`, `uuid`, `purpose`, `command_id`, `format_id`, `count_attempts`, `count_okay`, `count_not_okay`) VALUES (NULL, 1, '2014-07-11 23:29:18', '664d77d8-b109-42bf-8c02-531b6282c6cc', 'characterization', '114c9525-d676-4fac-9962-4672faa924bb', 'c0b58268-f0e9-46de-ad14-80f2a4792c85', 0, 0, 0);
INSERT INTO `fpr_fprule` (`replaces_id`, `enabled`, `lastmodified`, `uuid`, `purpose`, `command_id`, `format_id`, `count_attempts`, `count_okay`, `count_not_okay`) VALUES (NULL, 1, '2014-07-11 23:29:18', 'e54536fc-ddd1-474a-91ea-4ad65b629080', 'characterization', '114c9525-d676-4fac-9962-4672faa924bb', '718d807b-6dc9-406b-9a44-3853cf1b820e', 0, 0, 0);
INSERT INTO `fpr_fprule` (`replaces_id`, `enabled`, `lastmodified`, `uuid`, `purpose`, `command_id`, `format_id`, `count_attempts`, `count_okay`, `count_not_okay`) VALUES (NULL, 1, '2014-07-11 23:29:18', 'f0e57bab-5760-4d93-9326-d982f6386e48', 'characterization', '114c9525-d676-4fac-9962-4672faa924bb', 'fd7322ea-d547-443a-89f1-2550a7ca430e', 0, 0, 0);
INSERT INTO `fpr_fprule` (`replaces_id`, `enabled`, `lastmodified`, `uuid`, `purpose`, `command_id`, `format_id`, `count_attempts`, `count_okay`, `count_not_okay`) VALUES (NULL, 1, '2014-07-11 23:29:18', '1e0bff8a-21b9-45b2-88f0-7f223d17832c', 'characterization', '114c9525-d676-4fac-9962-4672faa924bb', 'cbea4c7e-6131-44c1-b236-c8f577661b84', 0, 0, 0);
INSERT INTO `fpr_fprule` (`replaces_id`, `enabled`, `lastmodified`, `uuid`, `purpose`, `command_id`, `format_id`, `count_attempts`, `count_okay`, `count_not_okay`) VALUES (NULL, 1, '2014-07-11 23:29:18', '5ffa2cde-a261-42c7-9ac9-9e7ffe7d0e23', 'characterization', '114c9525-d676-4fac-9962-4672faa924bb', '430bf2ba-b237-4738-b31d-7d4c5739bd44', 0, 0, 0);
INSERT INTO `fpr_fprule` (`replaces_id`, `enabled`, `lastmodified`, `uuid`, `purpose`, `command_id`, `format_id`, `count_attempts`, `count_okay`, `count_not_okay`) VALUES (NULL, 1, '2014-07-11 23:29:18', 'c1ba982a-8695-42b6-ab9d-0ff83b925f47', 'characterization', '114c9525-d676-4fac-9962-4672faa924bb', '35b70d63-d3a6-43d5-85cd-a174f36a5f6a', 0, 0, 0);
INSERT INTO `fpr_fprule` (`replaces_id`, `enabled`, `lastmodified`, `uuid`, `purpose`, `command_id`, `format_id`, `count_attempts`, `count_okay`, `count_not_okay`) VALUES (NULL, 1, '2014-07-11 23:29:18', '705e33f1-f22a-4a53-a757-453d645c7266', 'characterization', '114c9525-d676-4fac-9962-4672faa924bb', '869fb668-65b6-4f67-a66b-a66d95e33932', 0, 0, 0);
INSERT INTO `fpr_fprule` (`replaces_id`, `enabled`, `lastmodified`, `uuid`, `purpose`, `command_id`, `format_id`, `count_attempts`, `count_okay`, `count_not_okay`) VALUES (NULL, 1, '2014-07-11 23:29:18', 'f6cd69ad-c15c-4bda-a071-4a914d7ae517', 'characterization', '114c9525-d676-4fac-9962-4672faa924bb', '6ad6b8e1-0fc5-46ac-8531-28dbf5fe33c4', 0, 0, 0);
INSERT INTO `fpr_fprule` (`replaces_id`, `enabled`, `lastmodified`, `uuid`, `purpose`, `command_id`, `format_id`, `count_attempts`, `count_okay`, `count_not_okay`) VALUES (NULL, 1, '2014-07-11 23:29:18', '2ed7d8df-2296-403d-8597-f2b73179ebc5', 'characterization', '114c9525-d676-4fac-9962-4672faa924bb', '70e7e501-a18c-4e82-9ef4-c0f7a4b03c13', 0, 0, 0);
INSERT INTO `fpr_fprule` (`replaces_id`, `enabled`, `lastmodified`, `uuid`, `purpose`, `command_id`, `format_id`, `count_attempts`, `count_okay`, `count_not_okay`) VALUES (NULL, 1, '2014-07-11 23:29:18', 'f9012d7b-de88-409a-bd6d-4f673e41859b', 'characterization', '114c9525-d676-4fac-9962-4672faa924bb', '08381e33-9fa2-43aa-b00a-c44cd8983e36', 0, 0, 0);
INSERT INTO `fpr_fprule` (`replaces_id`, `enabled`, `lastmodified`, `uuid`, `purpose`, `command_id`, `format_id`, `count_attempts`, `count_okay`, `count_not_okay`) VALUES (NULL, 1, '2014-07-11 23:29:18', '3854e57a-e971-4f8b-b1ee-39b5ab26dca5', 'characterization', '114c9525-d676-4fac-9962-4672faa924bb', 'de098228-88e7-43c0-ad5c-6c5d088a4058', 0, 0, 0);
INSERT INTO `fpr_fprule` (`replaces_id`, `enabled`, `lastmodified`, `uuid`, `purpose`, `command_id`, `format_id`, `count_attempts`, `count_okay`, `count_not_okay`) VALUES (NULL, 1, '2014-07-11 23:29:18', '64a9f080-8b25-44cc-87dc-4e68ad4c1a18', 'characterization', '114c9525-d676-4fac-9962-4672faa924bb', 'd019406a-2eaa-481d-9ba5-8a46983a3bfc', 0, 0, 0);
INSERT INTO `fpr_fprule` (`replaces_id`, `enabled`, `lastmodified`, `uuid`, `purpose`, `command_id`, `format_id`, `count_attempts`, `count_okay`, `count_not_okay`) VALUES (NULL, 1, '2014-07-11 23:29:18', 'd04591fb-5b9d-4549-bea0-bc17df743c2c', 'characterization', '114c9525-d676-4fac-9962-4672faa924bb', '95d9865d-544e-4d11-a9f2-2cf9d16c4fb5', 0, 0, 0);
INSERT INTO `fpr_fprule` (`replaces_id`, `enabled`, `lastmodified`, `uuid`, `purpose`, `command_id`, `format_id`, `count_attempts`, `count_okay`, `count_not_okay`) VALUES (NULL, 1, '2014-07-11 23:29:18', '5652e07b-7d7b-4516-a20a-d18c4b40b2bf', 'characterization', '114c9525-d676-4fac-9962-4672faa924bb', '9ec1b7e1-d0ec-4fa1-8ac1-f92fe3621fb3', 0, 0, 0);
INSERT INTO `fpr_fprule` (`replaces_id`, `enabled`, `lastmodified`, `uuid`, `purpose`, `command_id`, `format_id`, `count_attempts`, `count_okay`, `count_not_okay`) VALUES (NULL, 1, '2014-07-11 23:29:18', '20802b39-ff0d-4c77-ab8f-20fc396dab73', 'characterization', '114c9525-d676-4fac-9962-4672faa924bb', 'ababbbb3-e249-47f5-ae4f-8459380246ec', 0, 0, 0);
INSERT INTO `fpr_fprule` (`replaces_id`, `enabled`, `lastmodified`, `uuid`, `purpose`, `command_id`, `format_id`, `count_attempts`, `count_okay`, `count_not_okay`) VALUES (NULL, 1, '2014-07-11 23:29:18', '56015d51-0fee-483b-b445-9273a8328534', 'characterization', '114c9525-d676-4fac-9962-4672faa924bb', '2ebdfa17-2257-49f8-8035-5f304bb46918', 0, 0, 0);
INSERT INTO `fpr_fprule` (`replaces_id`, `enabled`, `lastmodified`, `uuid`, `purpose`, `command_id`, `format_id`, `count_attempts`, `count_okay`, `count_not_okay`) VALUES (NULL, 1, '2014-07-11 23:29:18', 'c58d6f67-ef14-415b-ba8f-ce098951e89d', 'characterization', '114c9525-d676-4fac-9962-4672faa924bb', '57fdad94-a1c3-4711-bf37-8a3da2e68550', 0, 0, 0);
INSERT INTO `fpr_fprule` (`replaces_id`, `enabled`, `lastmodified`, `uuid`, `purpose`, `command_id`, `format_id`, `count_attempts`, `count_okay`, `count_not_okay`) VALUES (NULL, 1, '2014-07-11 23:29:18', '91da8642-5e3a-42a3-9b22-209c1fc822ec', 'characterization', '114c9525-d676-4fac-9962-4672faa924bb', '9bd6b33e-b1b4-4e6f-b497-f05dc919e3ce', 0, 0, 0);
INSERT INTO `fpr_fprule` (`replaces_id`, `enabled`, `lastmodified`, `uuid`, `purpose`, `command_id`, `format_id`, `count_attempts`, `count_okay`, `count_not_okay`) VALUES (NULL, 1, '2014-07-11 23:29:18', 'b9428c01-a0af-45c8-8c22-7fb3fda537b6', 'characterization', '114c9525-d676-4fac-9962-4672faa924bb', '4895b264-e244-4344-8783-824e4b3401b0', 0, 0, 0);
INSERT INTO `fpr_fprule` (`replaces_id`, `enabled`, `lastmodified`, `uuid`, `purpose`, `command_id`, `format_id`, `count_attempts`, `count_okay`, `count_not_okay`) VALUES (NULL, 1, '2014-07-11 23:29:18', 'ded000d2-c04f-48c3-9b82-76e2b6285a03', 'characterization', '114c9525-d676-4fac-9962-4672faa924bb', '0cef1d24-08ac-48ca-992e-7d4aaa8e889e', 0, 0, 0);
INSERT INTO `fpr_fprule` (`replaces_id`, `enabled`, `lastmodified`, `uuid`, `purpose`, `command_id`, `format_id`, `count_attempts`, `count_okay`, `count_not_okay`) VALUES (NULL, 1, '2014-07-11 23:29:18', 'a1d00421-6e6b-40c2-aff2-92a6f07de205', 'characterization', '114c9525-d676-4fac-9962-4672faa924bb', '89d98ee9-c396-43d6-b14e-a4c31f71da0a', 0, 0, 0);
INSERT INTO `fpr_fprule` (`replaces_id`, `enabled`, `lastmodified`, `uuid`, `purpose`, `command_id`, `format_id`, `count_attempts`, `count_okay`, `count_not_okay`) VALUES (NULL, 1, '2014-07-11 23:29:18', '0a69f27e-6451-4856-90e5-b6b9e2de3de7', 'characterization', '114c9525-d676-4fac-9962-4672faa924bb', 'f2055ccf-cad2-4a17-84ef-d89b99ec20e8', 0, 0, 0);
INSERT INTO `fpr_fprule` (`replaces_id`, `enabled`, `lastmodified`, `uuid`, `purpose`, `command_id`, `format_id`, `count_attempts`, `count_okay`, `count_not_okay`) VALUES (NULL, 1, '2014-07-11 23:29:18', '0411958a-cab2-4049-99c4-a74bfb621261', 'characterization', '114c9525-d676-4fac-9962-4672faa924bb', 'fc858c54-11d6-4711-9109-140cf415bbe3', 0, 0, 0);
INSERT INTO `fpr_fprule` (`replaces_id`, `enabled`, `lastmodified`, `uuid`, `purpose`, `command_id`, `format_id`, `count_attempts`, `count_okay`, `count_not_okay`) VALUES (NULL, 1, '2014-07-11 23:29:18', '63e22f58-830d-4c7d-8794-e73f5dc42e02', 'characterization', '114c9525-d676-4fac-9962-4672faa924bb', '2d822ca8-7938-44ef-a54d-6a4d54581e84', 0, 0, 0);
INSERT INTO `fpr_fprule` (`replaces_id`, `enabled`, `lastmodified`, `uuid`, `purpose`, `command_id`, `format_id`, `count_attempts`, `count_okay`, `count_not_okay`) VALUES (NULL, 1, '2014-07-11 23:29:18', 'eeadffca-6718-4fcb-b8d9-7778ffee69fc', 'characterization', '114c9525-d676-4fac-9962-4672faa924bb', '361f2360-8c05-4db5-b8d1-6a0e1e3c5c3b', 0, 0, 0);
INSERT INTO `fpr_fprule` (`replaces_id`, `enabled`, `lastmodified`, `uuid`, `purpose`, `command_id`, `format_id`, `count_attempts`, `count_okay`, `count_not_okay`) VALUES (NULL, 1, '2014-07-11 23:29:18', 'db0a960c-4151-4f24-a4ac-9fe6f5b0fd90', 'characterization', '114c9525-d676-4fac-9962-4672faa924bb', 'ad7d3eff-23e2-4e5c-afe3-7fa11d6c8024', 0, 0, 0);
INSERT INTO `fpr_fprule` (`replaces_id`, `enabled`, `lastmodified`, `uuid`, `purpose`, `command_id`, `format_id`, `count_attempts`, `count_okay`, `count_not_okay`) VALUES (NULL, 1, '2014-07-11 23:29:18', 'a3204de4-e473-4a04-97eb-77bd90c44a35', 'characterization', '114c9525-d676-4fac-9962-4672faa924bb', '688c840a-764d-4b18-84de-83f24aabade9', 0, 0, 0);
INSERT INTO `fpr_fprule` (`replaces_id`, `enabled`, `lastmodified`, `uuid`, `purpose`, `command_id`, `format_id`, `count_attempts`, `count_okay`, `count_not_okay`) VALUES (NULL, 1, '2014-07-11 23:29:18', '0cb3f87f-e2e5-4c0b-ba65-97f0c829e54f', 'characterization', '114c9525-d676-4fac-9962-4672faa924bb', 'da984f58-f056-4c2a-bad6-f7c8db0fcf6b', 0, 0, 0);
INSERT INTO `fpr_fprule` (`replaces_id`, `enabled`, `lastmodified`, `uuid`, `purpose`, `command_id`, `format_id`, `count_attempts`, `count_okay`, `count_not_okay`) VALUES (NULL, 1, '2014-07-11 23:29:18', '54120a3c-4784-4925-94a5-168c80647a7b', 'characterization', '114c9525-d676-4fac-9962-4672faa924bb', 'c4cd7a15-ea93-4777-a0b1-3614794025c1', 0, 0, 0);
INSERT INTO `fpr_fprule` (`replaces_id`, `enabled`, `lastmodified`, `uuid`, `purpose`, `command_id`, `format_id`, `count_attempts`, `count_okay`, `count_not_okay`) VALUES (NULL, 1, '2014-07-11 23:29:18', '99ef0568-defd-49ee-a45e-b8cad81bf240', 'characterization', '114c9525-d676-4fac-9962-4672faa924bb', '14371c4d-68b3-45d7-8cd2-692b76fea335', 0, 0, 0);
INSERT INTO `fpr_fprule` (`replaces_id`, `enabled`, `lastmodified`, `uuid`, `purpose`, `command_id`, `format_id`, `count_attempts`, `count_okay`, `count_not_okay`) VALUES (NULL, 1, '2014-07-11 23:29:18', '1c92f0d9-ab11-4c45-96be-1fed4f4e1f2b', 'characterization', '114c9525-d676-4fac-9962-4672faa924bb', '36800d63-1bb5-4324-ba8c-90e222eeddbc', 0, 0, 0);
INSERT INTO `fpr_fprule` (`replaces_id`, `enabled`, `lastmodified`, `uuid`, `purpose`, `command_id`, `format_id`, `count_attempts`, `count_okay`, `count_not_okay`) VALUES (NULL, 1, '2014-07-11 23:29:18', '1463195b-667d-4ac0-af77-20b116988ec2', 'characterization', '114c9525-d676-4fac-9962-4672faa924bb', '689082bf-c0b5-4a5b-ab5a-17759ec7e5cf', 0, 0, 0);
INSERT INTO `fpr_fprule` (`replaces_id`, `enabled`, `lastmodified`, `uuid`, `purpose`, `command_id`, `format_id`, `count_attempts`, `count_okay`, `count_not_okay`) VALUES (NULL, 1, '2014-07-11 23:29:18', 'bbf7ff93-6ebe-4a88-af2f-04b1ae57ccd2', 'characterization', '114c9525-d676-4fac-9962-4672faa924bb', 'dd5e98bb-535a-4f57-ae60-0d5e28c9940b', 0, 0, 0);
INSERT INTO `fpr_fprule` (`replaces_id`, `enabled`, `lastmodified`, `uuid`, `purpose`, `command_id`, `format_id`, `count_attempts`, `count_okay`, `count_not_okay`) VALUES (NULL, 1, '2014-07-11 23:29:18', 'b19f725f-2400-4133-9425-e0fdc2598a3e', 'characterization', '114c9525-d676-4fac-9962-4672faa924bb', '5a039206-6ac9-4b9a-a75a-2e57f599a482', 0, 0, 0);
INSERT INTO `fpr_fprule` (`replaces_id`, `enabled`, `lastmodified`, `uuid`, `purpose`, `command_id`, `format_id`, `count_attempts`, `count_okay`, `count_not_okay`) VALUES (NULL, 1, '2014-07-11 23:29:18', '241bda24-c10f-40e8-b4b3-f7922a7631cb', 'characterization', '114c9525-d676-4fac-9962-4672faa924bb', 'e0ababbd-4e21-4690-9073-283434f4099b', 0, 0, 0);
INSERT INTO `fpr_fprule` (`replaces_id`, `enabled`, `lastmodified`, `uuid`, `purpose`, `command_id`, `format_id`, `count_attempts`, `count_okay`, `count_not_okay`) VALUES (NULL, 1, '2014-07-11 23:29:18', '02ec554a-6aef-41b2-bf86-890f80a474b9', 'characterization', '114c9525-d676-4fac-9962-4672faa924bb', '94ff9390-b748-4fd1-80bb-c35a9405f787', 0, 0, 0);
INSERT INTO `fpr_fprule` (`replaces_id`, `enabled`, `lastmodified`, `uuid`, `purpose`, `command_id`, `format_id`, `count_attempts`, `count_okay`, `count_not_okay`) VALUES (NULL, 1, '2014-07-11 23:29:18', '87f4ccb2-69d1-4350-b36b-e0283715b70c', 'characterization', '114c9525-d676-4fac-9962-4672faa924bb', 'f234e581-079c-4195-a16a-a3e5cfeb543c', 0, 0, 0);
INSERT INTO `fpr_fprule` (`replaces_id`, `enabled`, `lastmodified`, `uuid`, `purpose`, `command_id`, `format_id`, `count_attempts`, `count_okay`, `count_not_okay`) VALUES (NULL, 1, '2014-07-11 23:29:18', '07fe72d0-2824-4840-a632-c6fc8f302c74', 'characterization', '114c9525-d676-4fac-9962-4672faa924bb', 'eb19d8dd-7532-4902-bbdc-637cb96d47ef', 0, 0, 0);
INSERT INTO `fpr_fprule` (`replaces_id`, `enabled`, `lastmodified`, `uuid`, `purpose`, `command_id`, `format_id`, `count_attempts`, `count_okay`, `count_not_okay`) VALUES (NULL, 1, '2014-07-11 23:29:18', 'd6122119-db60-4367-b534-57870dcdd64e', 'characterization', '114c9525-d676-4fac-9962-4672faa924bb', 'cfe6231d-ad61-4599-9e22-0f210ef09cc8', 0, 0, 0);
INSERT INTO `fpr_fprule` (`replaces_id`, `enabled`, `lastmodified`, `uuid`, `purpose`, `command_id`, `format_id`, `count_attempts`, `count_okay`, `count_not_okay`) VALUES (NULL, 1, '2014-07-11 23:29:18', '7c993971-4637-4b3a-a001-4bf71e73a5a1', 'characterization', '114c9525-d676-4fac-9962-4672faa924bb', '7678e3b3-736b-4c5f-8e59-59e309a6b9d6', 0, 0, 0);
INSERT INTO `fpr_fprule` (`replaces_id`, `enabled`, `lastmodified`, `uuid`, `purpose`, `command_id`, `format_id`, `count_attempts`, `count_okay`, `count_not_okay`) VALUES (NULL, 1, '2014-07-11 23:29:18', '98dc5e4b-8b88-4f82-97f2-1856f8e02303', 'characterization', '114c9525-d676-4fac-9962-4672faa924bb', '187c191e-a9bf-4479-88ff-5ae470f57651', 0, 0, 0);
INSERT INTO `fpr_fprule` (`replaces_id`, `enabled`, `lastmodified`, `uuid`, `purpose`, `command_id`, `format_id`, `count_attempts`, `count_okay`, `count_not_okay`) VALUES (NULL, 1, '2014-07-11 23:29:18', 'cba6db21-ef05-402f-ba9f-5cdd314d1bb9', 'characterization', '114c9525-d676-4fac-9962-4672faa924bb', 'f4e7f4e8-101c-43bc-b39c-8045ea3b4959', 0, 0, 0);
INSERT INTO `fpr_fprule` (`replaces_id`, `enabled`, `lastmodified`, `uuid`, `purpose`, `command_id`, `format_id`, `count_attempts`, `count_okay`, `count_not_okay`) VALUES (NULL, 1, '2014-07-11 23:29:18', '09726527-46bf-450c-a49b-aceac2460998', 'characterization', '114c9525-d676-4fac-9962-4672faa924bb', '57664181-74cb-408c-a73b-74acd90b5a26', 0, 0, 0);
INSERT INTO `fpr_fprule` (`replaces_id`, `enabled`, `lastmodified`, `uuid`, `purpose`, `command_id`, `format_id`, `count_attempts`, `count_okay`, `count_not_okay`) VALUES (NULL, 1, '2014-07-11 23:29:18', '17b041e5-7d41-4854-a338-3ab43dbfc48b', 'characterization', '114c9525-d676-4fac-9962-4672faa924bb', '2edf82d5-f860-44ea-9f5d-852f0097f430', 0, 0, 0);
INSERT INTO `fpr_fprule` (`replaces_id`, `enabled`, `lastmodified`, `uuid`, `purpose`, `command_id`, `format_id`, `count_attempts`, `count_okay`, `count_not_okay`) VALUES (NULL, 1, '2014-07-11 23:29:18', '0dac749b-89a7-4d9c-8656-96936e4751d9', 'characterization', '114c9525-d676-4fac-9962-4672faa924bb', '3f24b80e-eb8c-4da2-8ab9-f339091be42a', 0, 0, 0);
INSERT INTO `fpr_fprule` (`replaces_id`, `enabled`, `lastmodified`, `uuid`, `purpose`, `command_id`, `format_id`, `count_attempts`, `count_okay`, `count_not_okay`) VALUES (NULL, 1, '2014-07-11 23:29:18', 'dff29d5c-f925-4c38-bd41-95fa5f004962', 'characterization', '114c9525-d676-4fac-9962-4672faa924bb', '67696293-1d77-40c6-92ac-9681d28c03a0', 0, 0, 0);
INSERT INTO `fpr_fprule` (`replaces_id`, `enabled`, `lastmodified`, `uuid`, `purpose`, `command_id`, `format_id`, `count_attempts`, `count_okay`, `count_not_okay`) VALUES (NULL, 1, '2014-07-11 23:29:18', '34bf777b-4a8a-466d-8cbe-91654d960934', 'characterization', '114c9525-d676-4fac-9962-4672faa924bb', '56edfd64-c115-45c9-9a31-a2a07c8a5d26', 0, 0, 0);
INSERT INTO `fpr_fprule` (`replaces_id`, `enabled`, `lastmodified`, `uuid`, `purpose`, `command_id`, `format_id`, `count_attempts`, `count_okay`, `count_not_okay`) VALUES (NULL, 1, '2014-07-11 23:29:18', '9b505d60-e79d-4ba5-aaf7-691888c141fa', 'characterization', '114c9525-d676-4fac-9962-4672faa924bb', 'b618f035-6e20-4386-a648-9464ec92cbeb', 0, 0, 0);
INSERT INTO `fpr_fprule` (`replaces_id`, `enabled`, `lastmodified`, `uuid`, `purpose`, `command_id`, `format_id`, `count_attempts`, `count_okay`, `count_not_okay`) VALUES (NULL, 1, '2014-07-11 23:29:18', '4de42e12-3273-4dda-b6b0-4395af47ce47', 'characterization', '114c9525-d676-4fac-9962-4672faa924bb', '877c4de6-e2c5-47fd-8611-9be32cd5f8aa', 0, 0, 0);
INSERT INTO `fpr_fprule` (`replaces_id`, `enabled`, `lastmodified`, `uuid`, `purpose`, `command_id`, `format_id`, `count_attempts`, `count_okay`, `count_not_okay`) VALUES (NULL, 1, '2014-07-11 23:29:18', '7f6f083f-0c78-4698-8458-d0d7f18a2450', 'characterization', '114c9525-d676-4fac-9962-4672faa924bb', '70274690-dffc-4052-848b-949c6321422f', 0, 0, 0);
INSERT INTO `fpr_fprule` (`replaces_id`, `enabled`, `lastmodified`, `uuid`, `purpose`, `command_id`, `format_id`, `count_attempts`, `count_okay`, `count_not_okay`) VALUES (NULL, 1, '2014-07-11 23:29:18', 'd632f6f0-f07b-4d98-9da2-36398051ff21', 'characterization', '114c9525-d676-4fac-9962-4672faa924bb', '20723c2f-9af9-4228-934f-5856392d0179', 0, 0, 0);
-- /Issue 6977 FPR formats

-- Issue 5892 - Disk image formats
-- Note that most of these have no ID rules for file extension IDing,
-- because they don't have unique file extensions.

-- New Disk Image format group
INSERT INTO `fpr_formatgroup` (`uuid`, `description`, `slug`) VALUES ('84362779-5e64-442d-9394-1d42ea961240', 'Disk Image', 'disk-image');

-- KryoFlux
INSERT INTO `fpr_format` (`uuid`, `description`, `group_id`, `slug`) VALUES ('e9026a4c-0cd7-4775-90a9-e26d151a9795', 'KryoFlux STREAM', '84362779-5e64-442d-9394-1d42ea961240', 'kryoflux-stream');
INSERT INTO `fpr_formatversion` (`replaces_id`, `enabled`, `lastmodified`, `uuid`, `format_id`, `version`, `pronom_id`, `description`, `access_format`, `preservation_format`, `slug`) VALUES (NULL, 1, '2014-07-14 22:56:28', '0c38b64b-23fc-4058-aba5-fae4105041ab', 'e9026a4c-0cd7-4775-90a9-e26d151a9795', NULL, 'archivematica-fmt/1', 'KryoFlux STREAM Image', 0, 0, 'kryoflux-stream-image');

-- AccessData AD1
INSERT INTO `fpr_format` (`uuid`, `description`, `group_id`, `slug`) VALUES ('865e0538-959b-4297-b353-4e894331b27e', 'AccessData AD1', '84362779-5e64-442d-9394-1d42ea961240', 'accessdata-ad1');
INSERT INTO `fpr_formatversion` (`replaces_id`, `enabled`, `lastmodified`, `uuid`, `format_id`, `version`, `pronom_id`, `description`, `access_format`, `preservation_format`, `slug`) VALUES (NULL, 1, '2014-07-14 22:59:30', 'd0918331-b596-41ac-87ad-6dbd97f8fe4a', '865e0538-959b-4297-b353-4e894331b27e', NULL, 'archivematica-fmt/2', 'AccessData AD1 Disk Image', 0, 0, 'accessdata-ad1-disk-image');
INSERT INTO `fpr_formatversion` (`replaces_id`, `enabled`, `lastmodified`, `uuid`, `format_id`, `version`, `pronom_id`, `description`, `access_format`, `preservation_format`, `slug`) VALUES (NULL, 1, '2014-07-14 23:00:02', '238ccd5f-9280-44a1-ba42-90470c6e2f2f', '865e0538-959b-4297-b353-4e894331b27e', NULL, 'archivematica-fmt/3', 'AccessData AD1 Encrypted Disk Image', 0, 0, 'accessdata-ad1-encrypted-disk-image');

-- Raw disk image
INSERT INTO `fpr_format` (`uuid`, `description`, `group_id`, `slug`) VALUES ('9c0daf15-2d03-4537-9493-76eec2a657ff', 'Raw Disk Image', '84362779-5e64-442d-9394-1d42ea961240', 'raw-disk-image');
INSERT INTO `fpr_formatversion` (`replaces_id`, `enabled`, `lastmodified`, `uuid`, `format_id`, `version`, `pronom_id`, `description`, `access_format`, `preservation_format`, `slug`) VALUES (NULL, 1, '2014-07-14 23:00:45', '561ce423-d028-46d5-87c3-878d631113df', '9c0daf15-2d03-4537-9493-76eec2a657ff', NULL, 'archivematica-fmt/4', 'Raw Disk Image', 0, 0, 'raw-disk-image');

-- AFF
INSERT INTO `fpr_format` (`uuid`, `description`, `group_id`, `slug`) VALUES ('dcbba7c2-ead6-4473-a452-e70fcfd06750', 'Advanced Forensic Format', '84362779-5e64-442d-9394-1d42ea961240', 'advanced-forensic-format');
INSERT INTO `fpr_formatversion` (`replaces_id`, `enabled`, `lastmodified`, `uuid`, `format_id`, `version`, `pronom_id`, `description`, `access_format`, `preservation_format`, `slug`) VALUES (NULL, 1, '2014-07-14 23:02:15', '9f8bda35-f4f0-4dff-a65d-57fd7544d7c4', 'dcbba7c2-ead6-4473-a452-e70fcfd06750', 'AFFv3', 'archivematica-fmt/5', 'Advanced Forensic Format', 0, 0, 'advanced-forensic-format');
INSERT INTO `fpr_idrule` (`replaces_id`, `enabled`, `lastmodified`, `uuid`, `command_id`, `format_id`, `command_output`) VALUES (NULL, 1, '2014-07-14 23:05:47', 'ed2f9a84-de7d-430d-b49f-086bdfbc2e91', '41efbe1b-3fc7-4b24-9290-d0fb5d0ea9e9', '9f8bda35-f4f0-4dff-a65d-57fd7544d7c4', '.aff');

-- Update FIDO to use the new formats
UPDATE `fpr_idcommand` SET `enabled`=0 WHERE `uuid`='1c7dd02f-dfd8-46cb-af68-5b305aea1d6e';
INSERT INTO `fpr_idcommand` (`uuid`, `replaces_id`, `description`, `enabled`, `config`, `script`, `script_type`, `tool_id`) VALUES ('a8e45bc1-eb35-4545-885c-dd552f1fde9a', '1c7dd02f-dfd8-46cb-af68-5b305aea1d6e', 'Identify using Fido', 1, 'PUID', 'import os.path\nimport re\nimport subprocess\nimport sys\n\ndef file_tool(path):\n    return subprocess.check_output([\'file\', path]).strip()\n\nclass FidoFailed(Exception):\n    def __init__(self, stdout, stderr, retcode):\n        message = """ \nFido exited {retcode} and no format was found.\nstdout: {stdout}\n---\nstderr: {stderr}\n""".format(stdout=stdout, stderr=stderr, retcode=retcode)\n        super(FidoFailed, self).__init__(message)\n\ndef identify(file_):\n    # The default buffer size fido uses, 256KB, is too small to be able to detect certain formats\n    # Formats like office documents and Adobe Illustrator .ai files will be identified as other, less-specific formats\n    # This larger buffer size is a bit slower and consumes more RAM, so some users may wish to customize this to reduce the buffer size\n    # See: https://projects.artefactual.com/issues/5941, https://projects.artefactual.com/issues/5731\n    cmd = [\'fido\', \'-bufsize\', \'1048576\',\n           \'-loadformats\', \'/usr/lib/archivematica/archivematicaCommon/externals/fido/archivematica_format_extensions.xml\',\n           os.path.abspath(file_)]\n    process = subprocess.Popen(cmd, stdout=subprocess.PIPE, stderr=subprocess.PIPE, stdin=subprocess.PIPE)\n    stdout, stderr = process.communicate()\n\n    try:\n        results = stdout.split(\'\\n\')[0].split(\',\')\n    except:\n        raise FidoFailed(stdout, stderr, process.returncode)\n\n    if process.returncode != 0 or results[-1] == \'"fail"\':\n        raise FidoFailed(stdout, stderr, process.returncode)\n    else:\n        puid = results[2]\n        if re.match(\'(.+)?fmt\\/\\d+\', puid):\n            return puid\n        else:\n            print >> sys.stderr, "File identified as non-standard Fido code: {id}".format(id=puid)\n            return "" \n\ndef main(argv):\n    try:\n        print identify(argv[1])\n        return 0\n    except FidoFailed as e:\n        file_output = file_tool(argv[1])\n        # FIDO can\'t currently identify text files with no extension, and this\n        # is a common enough usecase to special-case it\n        if \'text\' in file_output:\n            print \'x-fmt/111\'\n        else:\n            return e\n    except Exception as e:\n        return e\n\nif __name__ == \'__main__\':\n    exit(main(sys.argv))', 'pythonScript', '8f04f36d-8d43-43c2-92f9-da64c5530106');
DELETE FROM `MicroServiceChoiceReplacementDic` WHERE `MicroServiceChoiceReplacementDic`.`replacementDic` LIKE BINARY '%1c7dd02f-dfd8-46cb-af68-5b305aea1d6e%';
INSERT INTO `MicroServiceChoiceReplacementDic` (`pk`, `choiceAvailableAtLink`, `description`, `replacementDic`) VALUES ('e1863389-d5ae-49d6-b47c-371952d9718c', '7a024896-c4f7-4808-a240-44c87c762bc5', 'Fido version 1 PUID runs Identify using Fido', '{\"%IDCommand%\":\"a8e45bc1-eb35-4545-885c-dd552f1fde9a\"}');
INSERT INTO `MicroServiceChoiceReplacementDic` (`pk`, `choiceAvailableAtLink`, `description`, `replacementDic`) VALUES ('bc064c18-53a6-49c6-ba7b-5f63a8c80bab', 'f09847c2-ee51-429a-9478-a860477f6b8d', 'Fido version 1 PUID runs Identify using Fido', '{\"%IDCommand%\":\"a8e45bc1-eb35-4545-885c-dd552f1fde9a\"}');
INSERT INTO `MicroServiceChoiceReplacementDic` (`pk`, `choiceAvailableAtLink`, `description`, `replacementDic`) VALUES ('9409f7bf-0930-425b-b4e0-26102b17a054', '087d27be-c719-47d8-9bbb-9a7d8b609c44', 'Fido version 1 PUID runs Identify using Fido', '{\"%IDCommand%\":\"a8e45bc1-eb35-4545-885c-dd552f1fde9a\"}');
-- /Issue 5892 Disk image formats
